HA_open,HA_high,HA_low,HA_close,SUPERTREND,trendline,UPPER,LOWER,ADX,time
68011.02103010472,68074.5,68011.02103010472,68042.375,67906.59010618535,67991.0,68191.0,67905.53808815226,21.511848706049346,2026-02-22 13:10:00+05:30
68026.69801505236,68064.0,68026.69801505236,68050.125,67912.64494923405,68003.79206020944,68191.0,67940.83154407612,22.16045553203246,2026-02-22 13:15:00+05:30
68038.41150752618,68053.0,67988.5,68017.25,67912.64494923405,68003.79206020944,68191.0,67960.0,21.41158297834448,2026-02-22 13:20:00+05:30
68027.83075376309,68027.83075376309,67978.0,67989.625,67912.64494923405,68064.0,68191.0,67960.0,20.388222429684426,2026-02-22 13:25:00+05:30
68008.72787688154,68008.72787688154,67958.5,67974.375,67912.64494923405,68053.0,68191.0,67958.5,19.00707685441351,2026-02-22 13:30:00+05:30
67991.55143844077,67991.55143844077,67953.5,67969.5,67912.64494923405,68027.83075376309,68191.0,67953.5,17.869830089499523,2026-02-22 13:35:00+05:30
67980.52571922039,67994.0,67952.0,67967.375,67912.64494923405,68008.72787688154,68149.0,67952.0,16.73486764789339,2026-02-22 13:40:00+05:30
67973.9503596102,67984.5,67950.5,67967.625,67912.64494923405,68008.72787688154,68128.5,67950.5,15.730150455444344,2026-02-22 13:45:00+05:30
67970.7876798051,67985.0,67922.5,67954.625,67912.64494923405,67994.0,68077.63930893809,67922.5,15.657375122859698,2026-02-22 13:50:00+05:30
67962.70633990255,67962.70633990255,67886.0,67924.375,67912.64494923405,67984.5,68074.5,67886.0,16.491352437897053,2026-02-22 13:55:00+05:30
67943.54066995127,67943.54066995127,67898.5,67924.75,67912.64494923405,67984.5,68074.5,67886.0,17.265759944717455,2026-02-22 14:00:00+05:30
67934.14533497563,67972.0,67934.14533497563,67950.375,67912.64494923405,67984.5,68074.5,67886.0,16.911363531984872,2026-02-22 14:05:00+05:30
67942.26016748781,67959.5,67927.0,67944.625,67912.64494923405,67984.5,68074.5,67886.0,16.776001278574746,2026-02-22 14:10:00+05:30
67943.4425837439,67949.0,67928.5,67934.625,67912.64494923405,67972.0,68074.5,67886.0,16.650307757551058,2026-02-22 14:15:00+05:30
67939.03379187195,67939.03379187195,67922.0,67928.25,67912.64494923405,67959.5,68074.5,67886.0,16.725392129878806,2026-02-22 14:20:00+05:30
67933.64189593597,67965.5,67915.5,67932.0,67912.64494923405,67959.5,68074.5,67886.0,15.772042498120092,2026-02-22 14:25:00+05:30
67932.820947968,67991.0,67924.0,67955.625,67912.64494923405,67959.5,68074.5,67886.0,15.231986589440783,2026-02-22 14:30:00+05:30
67944.222973984,68007.0,67944.222973984,67990.125,67912.64494923405,67915.5,68074.5,67886.0,15.192202827521054,2026-02-22 14:35:00+05:30
67967.173986992,68023.0,67967.173986992,68011.5,67912.64494923405,67924.0,68074.5,67886.0,15.584878190918772,2026-02-22 14:40:00+05:30
67989.33699349599,68036.5,67989.33699349599,68023.25,67912.64494923405,67944.222973984,68074.5,67886.0,16.290518471861724,2026-02-22 14:45:00+05:30
68006.293496748,68019.5,67989.0,68007.0,67912.64494923405,67944.222973984,68074.5,67886.0,16.931277157669353,2026-02-22 14:50:00+05:30
68006.646748374,68027.5,67990.0,68004.125,67912.64494923405,67944.222973984,68064.0,67886.0,17.73802232214629,2026-02-22 14:55:00+05:30
68005.38587418699,68013.0,67987.0,67998.875,67912.64494923405,67944.222973984,68053.0,67886.0,18.342739765738646,2026-02-22 15:00:00+05:30
68002.1304370935,68024.5,67964.5,67993.25,67912.64494923405,67944.222973984,68036.5,67886.0,17.885989460019776,2026-02-22 15:05:00+05:30
67997.69021854675,68029.5,67997.0,68013.25,67912.64494923405,67987.0,68036.5,67886.0,17.62740955638377,2026-02-22 15:10:00+05:30
68005.47010927337,68085.0,68005.47010927337,68050.125,67912.64494923405,67964.5,68085.0,67886.0,18.85296013269561,2026-02-22 15:15:00+05:30
68027.7975546367,68081.5,68027.7975546367,68064.375,67912.64494923405,67997.0,68085.0,67886.0,19.990971382128038,2026-02-22 15:20:00+05:30
68046.08627731835,68073.0,68028.5,68051.0,67912.64494923405,67997.0,68085.0,67886.0,21.04769611374386,2026-02-22 15:25:00+05:30
68048.54313865918,68048.54313865918,67988.5,68013.125,67912.64494923405,67997.0,68085.0,67886.0,20.32243108671272,2026-02-22 15:30:00+05:30
68030.83406932959,68030.83406932959,68002.5,68014.25,67912.64494923405,67997.0,68085.0,67886.0,19.648970704469516,2026-02-22 15:35:00+05:30
68022.5420346648,68022.5420346648,68018.0,68019.5,67912.64494923405,67997.0,68085.0,67898.5,19.023614635243685,2026-02-22 15:40:00+05:30
68021.0210173324,68039.5,67995.0,68023.0,67912.64494923405,68002.5,68085.0,67915.5,17.781098091567873,2026-02-22 15:45:00+05:30
68022.0105086662,68106.5,68022.0105086662,68060.5,67919.27675408682,68018.0,68106.5,67915.5,18.293589583468112,2026-02-22 15:50:00+05:30
68041.2552543331,68088.5,68041.2552543331,68070.0,67920.36259309821,67995.0,68106.5,67915.5,18.76947454023262,2026-02-22 15:55:00+05:30
68055.62762716654,68112.5,68047.0,68067.875,67927.80854222714,67995.0,68112.5,67915.5,19.736782239955183,2026-02-22 16:00:00+05:30
68061.75131358327,68087.0,68042.0,68054.5,67927.80854222714,67995.0,68112.5,67915.5,20.431629475223783,2026-02-22 16:05:00+05:30
68058.12565679164,68075.5,68040.0,68056.25,67927.80854222714,67995.0,68112.5,67924.0,20.991912872072525,2026-02-22 16:10:00+05:30
68057.18782839582,68087.5,68057.18782839582,68074.875,67936.0578941427,68042.0,68112.5,67944.222973984,21.79917814915603,2026-02-22 16:15:00+05:30
68066.0314141979,68135.5,68066.0314141979,68104.375,67954.17686742215,68040.0,68135.5,67964.5,23.488957520460843,2026-02-22 16:20:00+05:30
68085.20320709895,68127.0,68085.20320709895,68112.75,67962.54111544034,68057.18782839582,68135.5,67964.5,25.058038365243885,2026-02-22 16:25:00+05:30
68098.97660354947,68187.0,68098.97660354947,68137.375,67982.21214205954,68066.0314141979,68187.0,67964.5,27.371635630221956,2026-02-22 16:30:00+05:30
68118.17580177473,68224.5,68118.17580177473,68179.0,67987.9622504635,68085.20320709895,68224.5,67964.5,29.91178320981905,2026-02-22 16:35:00+05:30
68148.58790088736,68195.0,68148.58790088736,68179.25,67994.72392188925,68098.97660354947,68224.5,67964.5,32.270491676587774,2026-02-22 16:40:00+05:30
68163.91895044368,68227.0,68163.91895044368,68196.125,68016.65042950818,68118.17580177473,68227.0,67964.5,34.76027670059931,2026-02-22 16:45:00+05:30
68180.02197522184,68201.5,68168.5,68190.0,68017.59224653116,68118.17580177473,68227.0,67988.5,37.07221993718146,2026-02-22 16:50:00+05:30
68185.01098761092,68206.5,68185.01098761092,68198.75,68043.05355695113,68163.91895044368,68227.0,67988.5,39.26619878692633,2026-02-22 16:55:00+05:30
68191.88049380545,68211.5,68191.5,68203.375,68062.041196982,68168.5,68227.0,67988.5,41.35219308472784,2026-02-22 17:00:00+05:30
68197.62774690273,68211.5,68128.0,68174.375,68062.041196982,68168.5,68227.0,67988.5,40.586473042480655,2026-02-22 17:05:00+05:30
68186.00137345136,68186.00137345136,68149.0,68157.0,68062.041196982,68211.5,68227.0,67988.5,39.87544728896541,2026-02-22 17:10:00+05:30
68171.50068672569,68171.50068672569,68157.5,68164.875,68062.041196982,68211.5,68227.0,67995.0,39.21520908927268,2026-02-22 17:15:00+05:30
68168.18784336284,68179.0,68092.5,68151.0,68062.041196982,68186.00137345136,68227.0,67995.0,36.52054657471352,2026-02-22 17:20:00+05:30
68159.59392168143,68190.5,68159.59392168143,68177.5,68062.041196982,68186.00137345136,68227.0,67995.0,34.30525008683722,2026-02-22 17:25:00+05:30
68168.54696084071,68212.5,68080.0,68148.5,68062.041196982,68179.0,68227.0,68022.0105086662,33.21801381458106,2026-02-22 17:30:00+05:30
68158.52348042035,68158.52348042035,67985.5,68052.75,68302.90789734364,68190.5,68227.0,67985.5,33.53538221267578,2026-02-22 17:35:00+05:30
68105.63674021018,68105.63674021018,67956.5,67988.25,68292.89510773814,68212.5,68227.0,67956.5,34.144107718885614,2026-02-22 17:40:00+05:30
68046.94337010509,68051.5,67986.5,68005.5,68271.28006082833,68212.5,68227.0,67956.5,34.70935283179475,2026-02-22 17:45:00+05:30
68026.22168505254,68043.5,67942.5,68005.5,68252.52576642428,68212.5,68227.0,67942.5,35.691127074302685,2026-02-22 17:50:00+05:30
68015.86084252628,68067.5,68015.86084252628,68045.375,68252.52576642428,68212.5,68227.0,67942.5,35.95700771772171,2026-02-22 17:55:00+05:30
68030.61792126314,68052.0,68006.5,68029.25,68252.52576642428,68212.5,68227.0,67942.5,36.31183587181772,2026-02-22 18:00:00+05:30
68029.93396063158,68029.93396063158,67881.5,67949.25,68219.0008221831,68067.5,68227.0,67881.5,37.755281855447414,2026-02-22 18:05:00+05:30
67989.59198031579,67989.59198031579,67857.0,67890.875,68205.79298903665,68052.0,68227.0,67857.0,39.259548950745994,2026-02-22 18:10:00+05:30
67940.2334901579,67940.2334901579,67842.5,67893.875,68175.3928113284,68052.0,68227.0,67842.5,40.75211217295666,2026-02-22 18:15:00+05:30
67917.05424507895,67959.5,67909.0,67926.75,68175.3928113284,68052.0,68227.0,67842.5,41.629009278089164,2026-02-22 18:20:00+05:30
67921.90212253947,67932.0,67898.5,67911.75,68162.38649765265,67940.2334901579,68227.0,67842.5,42.52866529793653,2026-02-22 18:25:00+05:30
67916.82606126973,67992.0,67903.5,67945.375,68162.38649765265,67909.0,68212.5,67842.5,41.872290267068635,2026-02-22 18:30:00+05:30
67931.10053063487,67982.5,67913.5,67955.25,68162.38649765265,67898.5,68212.5,67842.5,41.26279916697702,2026-02-22 18:35:00+05:30
67943.17526531743,67962.0,67923.0,67947.625,68162.38649765265,67898.5,68212.5,67842.5,40.696843145463376,2026-02-22 18:40:00+05:30
67945.40013265872,68018.5,67945.40013265872,67978.5,68162.38649765265,67913.5,68212.5,67842.5,38.86280791700539,2026-02-22 18:45:00+05:30
67961.95006632936,67972.5,67906.5,67947.25,68162.38649765265,67913.5,68212.5,67842.5,37.720939375233385,2026-02-22 18:50:00+05:30
67954.60003316468,67954.60003316468,67891.0,67912.75,68141.56554108717,68018.5,68212.5,67842.5,36.87083177443131,2026-02-22 18:55:00+05:30
67933.67501658233,67941.5,67784.0,67859.5,68117.76330671844,67972.5,68212.5,67784.0,37.25234388062564,2026-02-22 19:00:00+05:30
67896.58750829117,67896.58750829117,67606.0,67713.25,68094.41409202902,67954.60003316468,68212.5,67606.0,38.77727722190714,2026-02-22 19:05:00+05:30
67804.91875414559,67804.91875414559,67544.5,67604.5,68080.42056132099,67941.5,68212.5,67544.5,40.47554940818624,2026-02-22 19:10:00+05:30
67704.7093770728,67704.7093770728,67582.5,67637.625,68043.73257949464,67941.5,68158.52348042035,67544.5,42.05251643830254,2026-02-22 19:15:00+05:30
67671.1671885364,67671.1671885364,67570.0,67625.5,68006.90772446229,67804.91875414559,68105.63674021018,67544.5,43.57570353449269,2026-02-22 19:20:00+05:30
67648.3335942682,67648.3335942682,67571.0,67613.125,67973.94473484397,67704.7093770728,68067.5,67544.5,44.99009155238354,2026-02-22 19:25:00+05:30
67630.7292971341,67650.5,67506.5,67573.625,67952.45251803704,67671.1671885364,68067.5,67506.5,46.6078570187499,2026-02-22 19:30:00+05:30
67602.17714856705,67631.0,67452.5,67539.25,67938.78072974602,67648.3335942682,68067.5,67452.5,48.32955704812543,2026-02-22 19:35:00+05:30
67570.71357428352,67632.0,67548.0,67593.625,67938.78072974602,67648.3335942682,68052.0,67452.5,49.90523114387751,2026-02-22 19:40:00+05:30
67582.16928714176,67665.0,67544.0,67599.625,67938.78072974602,67648.3335942682,68029.93396063158,67452.5,50.60229498942793,2026-02-22 19:45:00+05:30
67590.89714357088,67636.5,67556.5,67590.625,67938.78072974602,67648.3335942682,68018.5,67452.5,51.24956856029618,2026-02-22 19:50:00+05:30
67590.76107178544,67628.0,67556.5,67600.875,67929.71910693496,67648.3335942682,68018.5,67452.5,51.85060830467385,2026-02-22 19:55:00+05:30
67595.81803589272,67665.0,67595.81803589272,67624.625,67929.71910693496,67648.3335942682,68018.5,67452.5,51.484901060842425,2026-02-22 20:00:00+05:30
67610.22151794637,67636.0,67559.5,67596.25,67903.88598374673,67648.3335942682,68018.5,67452.5,51.44542509682161,2026-02-22 20:05:00+05:30
67603.23575897318,67603.23575897318,67347.0,67478.875,67847.33547654373,67665.0,68018.5,67347.0,52.5723583281521,2026-02-22 20:10:00+05:30
67541.05537948658,67541.05537948658,67327.0,67402.625,67844.80936414366,67636.0,68018.5,67327.0,53.69501504853251,2026-02-22 20:15:00+05:30
67471.84018974329,67550.0,67392.5,67449.125,67844.80936414366,67636.0,68018.5,67327.0,54.551914125423984,2026-02-22 20:20:00+05:30
67460.48259487165,67469.0,67391.5,67437.375,67823.12020976354,67541.05537948658,68018.5,67327.0,55.35215247047755,2026-02-22 20:25:00+05:30
67448.92879743583,67474.5,67415.0,67436.125,67806.99589408303,67550.0,67972.5,67327.0,55.96654519408854,2026-02-22 20:30:00+05:30
67442.52689871792,67442.52689871792,67282.5,67370.625,67741.59288659494,67469.0,67954.60003316468,67282.5,57.1033946030835,2026-02-22 20:35:00+05:30
67406.57594935896,67421.0,67332.5,67372.75,67739.60380334513,67469.0,67941.5,67282.5,58.15904048286454,2026-02-22 20:40:00+05:30
67389.66297467948,67413.0,67316.0,67375.125,67717.08897429582,67469.0,67896.58750829117,67282.5,59.201120406009956,2026-02-22 20:45:00+05:30
67382.39398733975,67477.5,67379.5,67427.875,67717.08897429582,67469.0,67804.91875414559,67282.5,58.752921073674415,2026-02-22 20:50:00+05:30
67405.13449366987,67589.0,67405.13449366987,67528.125,67717.08897429582,67316.0,67704.7093770728,67282.5,56.41407052765911,2026-02-22 20:55:00+05:30
67466.62974683494,67624.0,67466.62974683494,67587.75,67717.08897429582,67379.5,67671.1671885364,67282.5,53.73680608019773,2026-02-22 21:00:00+05:30
67527.18987341746,67796.0,67527.18987341746,67707.375,67717.08897429582,67405.13449366987,67796.0,67282.5,50.49254552142684,2026-02-22 21:05:00+05:30
67617.28243670873,67804.0,67617.28243670873,67751.875,67245.88584794353,67466.62974683494,67804.0,67282.5,47.55432138164177,2026-02-22 21:10:00+05:30
67684.57871835437,67803.5,67684.57871835437,67746.5,67294.71134954834,67466.62974683494,67804.0,67282.5,44.82597039469849,2026-02-22 21:15:00+05:30
67715.53935917719,67735.0,67694.0,67712.0,67306.86170603242,67466.62974683494,67804.0,67282.5,42.2925016211083,2026-02-22 21:20:00+05:30
67713.76967958859,67715.5,67650.0,67685.0,67306.86170603242,67466.62974683494,67804.0,67282.5,39.375199336493324,2026-02-22 21:25:00+05:30
67699.3848397943,67709.0,67615.0,67651.625,67306.86170603242,67466.62974683494,67804.0,67282.5,36.88175947397595,2026-02-22 21:30:00+05:30
67675.50491989715,67675.50491989715,67562.5,67599.375,67306.86170603242,67466.62974683494,67804.0,67282.5,35.15400288830013,2026-02-22 21:35:00+05:30
67637.43995994858,67637.43995994858,67561.5,67583.25,67306.86170603242,67466.62974683494,67804.0,67282.5,33.56065314685463,2026-02-22 21:40:00+05:30
67610.3449799743,67615.0,67550.5,67583.0,67306.86170603242,67466.62974683494,67804.0,67282.5,32.208480393781585,2026-02-22 21:45:00+05:30
67596.67248998715,67617.5,67516.5,67565.5,67306.86170603242,67466.62974683494,67804.0,67282.5,31.341698538984097,2026-02-22 21:50:00+05:30
67581.08624499358,67581.08624499358,67510.5,67530.75,67306.86170603242,67466.62974683494,67804.0,67282.5,30.605180976810928,2026-02-22 21:55:00+05:30
67555.91812249679,67560.0,67517.0,67530.875,67306.86170603242,67466.62974683494,67804.0,67282.5,29.921271811935842,2026-02-22 22:00:00+05:30
67543.3965612484,67543.3965612484,67492.0,67513.5,67306.86170603242,67466.62974683494,67804.0,67282.5,29.594708025455837,2026-02-22 22:05:00+05:30
67528.4482806242,67558.0,67500.5,67527.5,67306.86170603242,67466.62974683494,67804.0,67282.5,28.993673673565535,2026-02-22 22:10:00+05:30
67527.9741403121,67618.0,67527.9741403121,67579.0,67321.93662865071,67492.0,67804.0,67282.5,27.325158919840863,2026-02-22 22:15:00+05:30
67553.48707015606,67620.0,67553.48707015606,67602.5,67343.05190099747,67500.5,67804.0,67316.0,25.74123576072016,2026-02-22 22:20:00+05:30
67577.99353507803,67625.5,67577.99353507803,67612.0,67372.5083105034,67527.9741403121,67804.0,67316.0,24.169851453248203,2026-02-22 22:25:00+05:30
67594.996767539,67609.5,67572.0,67592.25,67377.11703682662,67527.9741403121,67804.0,67379.5,22.817111043153403,2026-02-22 22:30:00+05:30
67593.6233837695,67593.6233837695,67507.0,67544.875,67377.11703682662,67527.9741403121,67804.0,67405.13449366987,22.597180389035,2026-02-22 22:35:00+05:30
67569.24919188475,67606.0,67514.5,67545.875,67377.11703682662,67527.9741403121,67804.0,67466.62974683494,22.132669625980757,2026-02-22 22:40:00+05:30
67557.56209594238,67557.56209594238,67516.5,67538.25,67377.11703682662,67527.9741403121,67804.0,67492.0,21.701338203144672,2026-02-22 22:45:00+05:30
67547.90604797119,67547.90604797119,67492.5,67515.625,67377.11703682662,67606.0,67804.0,67492.0,21.68473933522972,2026-02-22 22:50:00+05:30
67531.7655239856,67537.0,67469.5,67496.875,67377.11703682662,67557.56209594238,67803.5,67469.5,22.017175497470443,2026-02-22 22:55:00+05:30
67514.3202619928,67518.5,67170.5,67361.0,67670.02985692865,67547.90604797119,67735.0,67170.5,24.770982356611487,2026-02-22 23:00:00+05:30
67437.6601309964,67437.6601309964,67169.5,67251.375,67670.02985692865,67537.0,67715.5,67169.5,27.33279491885254,2026-02-22 23:05:00+05:30
67344.5175654982,67344.5175654982,67238.5,67261.5,67670.02985692865,67537.0,67709.0,67169.5,29.711620869504944,2026-02-22 23:10:00+05:30
67303.0087827491,67343.5,67242.5,67291.25,67664.6645962011,67537.0,67675.50491989715,67169.5,31.920530680825035,2026-02-22 23:15:00+05:30
67297.12939137455,67365.5,67276.5,67332.625,67664.6645962011,67537.0,67637.43995994858,67169.5,33.46796068041468,2026-02-22 23:20:00+05:30
67314.87719568727,67387.5,67314.87719568727,67359.375,67664.6645962011,67537.0,67625.5,67169.5,34.409638336404974,2026-02-22 23:25:00+05:30
67337.12609784363,67376.0,67337.12609784363,67361.0,67661.97555545192,67537.0,67625.5,67169.5,35.28405330268168,2026-02-22 23:30:00+05:30
67349.06304892182,67406.5,67311.0,67371.875,67661.46071988295,67537.0,67625.5,67169.5,35.38715963126694,2026-02-22 23:35:00+05:30
67360.46902446091,67414.0,67360.46902446091,67392.875,67661.46071988295,67537.0,67625.5,67169.5,35.3109692524859,2026-02-22 23:40:00+05:30
67376.67201223045,67446.0,67366.0,67392.125,67661.46071988295,67537.0,67625.5,67169.5,34.5222047957159,2026-02-22 23:45:00+05:30
67384.39850611522,67389.0,67365.0,67374.75,67625.49631444005,67414.0,67625.5,67169.5,33.803370429075144,2026-02-22 23:50:00+05:30
67379.57425305761,67399.0,67309.5,67347.875,67605.60398380576,67446.0,67625.5,67169.5,33.840316508142095,2026-02-22 23:55:00+05:30
67363.7246265288,67363.7246265288,67299.0,67327.0,67574.5477107531,67389.0,67625.5,67169.5,33.99617633349074,2026-02-23 00:00:00+05:30
67345.3623132644,67365.0,67295.0,67341.75,67568.44462641889,67389.0,67625.5,67169.5,34.188968133718454,2026-02-23 00:05:00+05:30
67343.5561566322,67373.0,67343.5561566322,67362.125,67568.44462641889,67389.0,67609.5,67169.5,34.151698042014765,2026-02-23 00:10:00+05:30
67352.8405783161,67395.5,67352.8405783161,67374.125,67568.44462641889,67389.0,67606.0,67169.5,33.51676844003728,2026-02-23 00:15:00+05:30
67363.48278915805,67440.5,67363.48278915805,67401.625,67568.44462641889,67343.5561566322,67606.0,67169.5,31.860013166332017,2026-02-23 00:20:00+05:30
67382.55389457903,67435.0,67382.0,67405.5,67568.44462641889,67352.8405783161,67557.56209594238,67169.5,30.32159755503427,2026-02-23 00:25:00+05:30
67394.02694728952,67446.5,67394.02694728952,67423.0,67568.44462641889,67363.48278915805,67547.90604797119,67169.5,28.62401122703477,2026-02-23 00:30:00+05:30
67408.51347364477,67465.5,67408.51347364477,67453.5,67568.44462641889,67382.0,67537.0,67169.5,26.611783091826155,2026-02-23 00:35:00+05:30
67431.00673682238,67449.5,67380.0,67415.375,67568.44462641889,67382.0,67518.5,67169.5,25.34567132201927,2026-02-23 00:40:00+05:30
67423.19086841118,67436.0,67395.5,67408.5,67568.44462641889,67382.0,67465.5,67169.5,24.169996107198596,2026-02-23 00:45:00+05:30
67415.84543420559,67441.5,67407.0,67421.25,67568.44462641889,67382.0,67465.5,67238.5,22.933638231489464,2026-02-23 00:50:00+05:30
67418.5477171028,67429.5,67382.5,67414.875,67568.44462641889,67382.0,67465.5,67242.5,22.330565602559503,2026-02-23 00:55:00+05:30
67416.7113585514,67447.0,67390.0,67422.5,67568.44462641889,67407.0,67465.5,67276.5,21.28580355095121,2026-02-23 01:00:00+05:30
67419.6056792757,67463.0,67419.6056792757,67448.75,67568.44462641889,67382.5,67465.5,67295.0,19.891414679878256,2026-02-23 01:05:00+05:30
67434.17783963785,67464.5,67433.5,67452.5,67568.44462641889,67390.0,67465.5,67295.0,18.556378013474944,2026-02-23 01:10:00+05:30
67443.33891981893,67453.5,67430.5,67442.25,67568.44462641889,67390.0,67465.5,67295.0,17.399869230090534,2026-02-23 01:15:00+05:30
67442.79445990946,67445.0,67389.0,67422.5,67562.26657666436,67390.0,67465.5,67295.0,17.367499590096944,2026-02-23 01:20:00+05:30
67432.64722995473,67432.64722995473,67408.0,67414.625,67555.40092209884,67390.0,67465.5,67295.0,17.337442067245753,2026-02-23 01:25:00+05:30
67423.63611497736,67423.63611497736,67386.5,67400.125,67536.76408429739,67390.0,67465.5,67295.0,17.798031118014695,2026-02-23 01:30:00+05:30
67411.88055748868,67444.0,67386.5,67405.625,67536.76408429739,67390.0,67465.5,67295.0,17.540614296818763,2026-02-23 01:35:00+05:30
67408.75277874434,67408.75277874434,67337.5,67378.5,67521.54200812205,67423.63611497736,67465.5,67295.0,18.326430157115283,2026-02-23 01:40:00+05:30
67393.62638937216,67421.5,67366.5,67393.125,67521.54200812205,67423.63611497736,67465.5,67295.0,18.645242670421357,2026-02-23 01:45:00+05:30
67393.37569468608,67471.5,67393.37569468608,67438.75,67521.54200812205,67337.5,67471.5,67337.5,17.546932745371688,2026-02-23 01:50:00+05:30
67416.06284734304,67445.0,67409.0,67432.875,67521.54200812205,67337.5,67471.5,67337.5,16.527073529254135,2026-02-23 01:55:00+05:30
67424.46892367152,67435.5,67379.0,67413.0,67521.54200812205,67337.5,67471.5,67337.5,16.268283034017244,2026-02-23 02:00:00+05:30
67418.73446183576,67418.73446183576,67397.5,67406.5,67521.54200812205,67337.5,67471.5,67337.5,16.027977574154416,2026-02-23 02:05:00+05:30
67412.61723091788,67426.5,67379.5,67405.75,67521.54200812205,67337.5,67471.5,67337.5,16.20808867529618,2026-02-23 02:10:00+05:30
67409.18361545894,67465.0,67409.18361545894,67432.5,67521.54200812205,67397.5,67471.5,67337.5,15.27527801843975,2026-02-23 02:15:00+05:30
67420.84180772948,67430.0,67330.5,67385.75,67521.54200812205,67426.5,67471.5,67330.5,15.94729826749386,2026-02-23 02:20:00+05:30
67403.29590386474,67403.29590386474,67354.5,67368.625,67521.54200812205,67465.0,67471.5,67330.5,16.571317070186964,2026-02-23 02:25:00+05:30
67385.96045193236,67445.5,67382.0,67412.625,67521.54200812205,67465.0,67471.5,67330.5,16.06859780964785,2026-02-23 02:30:00+05:30
67399.29272596618,67455.5,67399.29272596618,67437.75,67521.54200812205,67465.0,67471.5,67330.5,15.366499300036219,2026-02-23 02:35:00+05:30
67418.5213629831,67441.5,67411.5,67425.0,67521.54200812205,67465.0,67471.5,67330.5,14.714550683968275,2026-02-23 02:40:00+05:30
67421.76068149155,67462.0,67421.76068149155,67444.25,67521.54200812205,67465.0,67471.5,67330.5,13.72422454122245,2026-02-23 02:45:00+05:30
67433.00534074577,67456.5,67433.00534074577,67453.125,67521.54200812205,67465.0,67471.5,67330.5,12.804635980101327,2026-02-23 02:50:00+05:30
67443.0651703729,67498.5,67423.5,67451.0,67521.54200812205,67465.0,67498.5,67330.5,12.919959998899278,2026-02-23 02:55:00+05:30
67447.03258518645,67511.0,67435.5,67470.375,67521.54200812205,67433.00534074577,67511.0,67330.5,13.283915216312057,2026-02-23 03:00:00+05:30
67458.70379259322,67600.0,67458.70379259322,67550.0,67326.3506228993,67423.5,67600.0,67330.5,15.048907617686023,2026-02-23 03:05:00+05:30
67504.3518962966,67600.0,67504.3518962966,67581.5,67337.18281222059,67435.5,67600.0,67330.5,16.687829133247565,2026-02-23 03:10:00+05:30
67542.9259481483,67582.5,67542.9259481483,67569.5,67361.47283534253,67435.5,67600.0,67330.5,18.209684826268994,2026-02-23 03:15:00+05:30
67556.21297407415,67620.5,67556.21297407415,67589.25,67388.31335701318,67504.3518962966,67620.5,67330.5,20.132196761389356,2026-02-23 03:20:00+05:30
67572.73148703708,67602.5,67572.73148703708,67591.875,67403.39226937109,67542.9259481483,67620.5,67330.5,21.91738641542969,2026-02-23 03:25:00+05:30
67582.30324351855,67586.5,67547.5,67567.25,67403.39226937109,67542.9259481483,67620.5,67330.5,22.731713645645392,2026-02-23 03:30:00+05:30
67574.77662175927,67574.77662175927,67480.0,67518.875,67403.39226937109,67602.5,67620.5,67330.5,21.67967087042694,2026-02-23 03:35:00+05:30
67546.82581087964,67546.82581087964,67456.5,67485.625,67403.39226937109,67586.5,67620.5,67330.5,20.190058877026658,2026-02-23 03:40:00+05:30
67516.22540543982,67518.5,67492.5,67503.875,67403.39226937109,67586.5,67620.5,67330.5,18.806847740297826,2026-02-23 03:45:00+05:30
67510.05020271991,67670.5,67506.5,67567.0,67403.39226937109,67586.5,67670.5,67330.5,19.879190290152174,2026-02-23 03:50:00+05:30
67538.52510135996,67585.5,67538.52510135996,67574.875,67403.39226937109,67586.5,67670.5,67330.5,20.874936943588352,2026-02-23 03:55:00+05:30
67556.70005067998,67590.5,67514.5,67566.625,67403.39226937109,67586.5,67670.5,67330.5,21.25012747535717,2026-02-23 04:00:00+05:30
67561.66252533998,67580.0,67528.0,67561.875,67403.39226937109,67586.5,67670.5,67354.5,21.598518683428217,2026-02-23 04:05:00+05:30
67561.76876266999,67691.0,67537.0,67608.25,67403.39226937109,67514.5,67691.0,67382.0,23.164522524634734,2026-02-23 04:10:00+05:30
67585.009381335,67717.0,67585.009381335,67664.5,67403.39226937109,67528.0,67717.0,67399.29272596618,24.84485403469907,2026-02-23 04:15:00+05:30
67624.7546906675,67730.5,67624.7546906675,67687.75,67403.39226937109,67537.0,67730.5,67411.5,26.52091768548079,2026-02-23 04:20:00+05:30
67656.25234533375,67713.0,67633.5,67674.25,67403.39226937109,67537.0,67730.5,67421.76068149155,28.077262504063818,2026-02-23 04:25:00+05:30
67665.25117266687,67697.5,67588.0,67640.75,67403.39226937109,67537.0,67730.5,67423.5,28.39736233268789,2026-02-23 04:30:00+05:30
67653.00058633344,67681.5,67550.0,67604.75,67403.39226937109,67537.0,67730.5,67423.5,27.869021738747133,2026-02-23 04:35:00+05:30
67628.87529316673,67628.87529316673,67456.5,67512.75,67403.39226937109,67697.5,67730.5,67435.5,26.000431003970217,2026-02-23 04:40:00+05:30
67570.81264658336,67570.81264658336,67447.5,67485.5,67403.39226937109,67681.5,67730.5,67447.5,24.399294568701826,2026-02-23 04:45:00+05:30
67528.15632329168,67551.0,67442.0,67506.875,67403.39226937109,67681.5,67730.5,67442.0,22.99794661797107,2026-02-23 04:50:00+05:30
67517.51566164584,67593.5,67517.51566164584,67562.125,67403.39226937109,67681.5,67730.5,67442.0,21.714022697059956,2026-02-23 04:55:00+05:30
67539.82033082293,67581.0,67529.5,67557.75,67403.39226937109,67681.5,67730.5,67442.0,20.521807627642495,2026-02-23 05:00:00+05:30
67548.78516541146,67556.5,67511.0,67531.625,67403.39226937109,67593.5,67730.5,67442.0,19.0764031087061,2026-02-23 05:05:00+05:30
67540.20508270574,67551.5,67462.5,67507.375,67403.39226937109,67581.0,67730.5,67442.0,18.502496819530926,2026-02-23 05:10:00+05:30
67523.79004135287,67567.0,67468.0,67523.0,67403.39226937109,67581.0,67730.5,67442.0,17.672775584466482,2026-02-23 05:15:00+05:30
67523.39502067643,67625.0,67523.39502067643,67587.75,67403.39226937109,67462.5,67730.5,67442.0,16.918994933306323,2026-02-23 05:20:00+05:30
67555.57251033821,67710.0,67555.57251033821,67640.75,67403.39226937109,67468.0,67730.5,67442.0,17.355976856329853,2026-02-23 05:25:00+05:30
67598.1612551691,67658.0,67576.0,67611.125,67403.39226937109,67468.0,67730.5,67442.0,17.7617457848517,2026-02-23 05:30:00+05:30
67604.64312758455,67662.5,67569.5,67610.125,67403.39226937109,67468.0,67730.5,67442.0,18.006961763312265,2026-02-23 05:35:00+05:30
67607.38406379227,67624.0,67575.5,67606.25,67403.39226937109,67468.0,67730.5,67442.0,18.234662314739932,2026-02-23 05:40:00+05:30
67606.81703189613,67606.81703189613,67533.5,67572.625,67403.39226937109,67468.0,67730.5,67442.0,17.572864812254448,2026-02-23 05:45:00+05:30
67589.72101594807,67589.72101594807,67450.5,67495.5,67403.39226937109,67468.0,67730.5,67442.0,17.05261860509563,2026-02-23 05:50:00+05:30
67542.61050797404,67542.61050797404,67376.5,67436.75,67403.39226937109,67606.81703189613,67730.5,67376.5,17.499159886334866,2026-02-23 05:55:00+05:30
67489.68025398703,67489.68025398703,67258.0,67359.375,67745.89894187577,67589.72101594807,67730.5,67258.0,19.01011460317261,2026-02-23 06:00:00+05:30
67424.52762699351,67424.52762699351,67140.0,67229.5,67723.11178067877,67542.61050797404,67713.0,67140.0,21.187377175438684,2026-02-23 06:05:00+05:30
67327.01381349676,67327.01381349676,67156.5,67183.5,67692.70394154584,67489.68025398703,67710.0,67140.0,23.209120992542893,2026-02-23 06:10:00+05:30
67255.25690674837,67255.25690674837,66948.5,67081.75,67619.8717289499,67424.52762699351,67710.0,66948.5,26.0437901407526,2026-02-23 06:15:00+05:30
67168.50345337419,67168.50345337419,67023.0,67085.75,67602.1045857695,67424.52762699351,67710.0,66948.5,28.67598292123304,2026-02-23 06:20:00+05:30
67127.1267266871,67127.1267266871,66687.0,66912.125,67529.70583970865,67255.25690674837,67710.0,66687.0,32.00024686794652,2026-02-23 06:25:00+05:30
67019.62586334355,67019.62586334355,66010.5,66465.5,67481.23899570337,67168.50345337419,67710.0,66010.5,35.82811780443631,2026-02-23 06:30:00+05:30
66742.56293167177,66742.56293167177,65316.5,65928.0,67468.8522057223,67127.1267266871,67710.0,65316.5,39.708042488663196,2026-02-23 06:35:00+05:30
66335.28146583588,66335.28146583588,65220.0,65438.25,67468.8522057223,67019.62586334355,67710.0,65220.0,43.342648922841754,2026-02-23 06:40:00+05:30
65886.76573291793,65886.76573291793,65075.0,65265.875,67295.93783405557,66742.56293167177,67710.0,65075.0,46.76345029734073,2026-02-23 06:45:00+05:30
65576.32036645897,65576.32036645897,64899.5,65059.125,67083.73745536614,66335.28146583588,67710.0,64899.5,49.99100794393382,2026-02-23 06:50:00+05:30
65317.722683229484,65317.722683229484,64950.0,65065.375,66873.59443911593,66335.28146583588,67710.0,64899.5,52.98802575862741,2026-02-23 06:55:00+05:30
65191.54884161474,65263.5,64966.0,65120.875,66733.44979785816,66335.28146583588,67710.0,64899.5,55.770970872271455,2026-02-23 07:00:00+05:30
65156.21192080737,65366.0,65119.0,65267.75,66733.44979785816,66335.28146583588,67710.0,64899.5,57.58479791690168,2026-02-23 07:05:00+05:30
65211.980960403685,65374.0,65086.5,65223.375,66633.4478106713,66335.28146583588,67662.5,64899.5,59.2943915601734,2026-02-23 07:10:00+05:30
65217.67798020184,65217.67798020184,64250.0,64777.125,66353.74068496205,65366.0,67662.5,64250.0,61.334483031627165,2026-02-23 07:15:00+05:30
64997.40149010092,64997.40149010092,64344.0,64556.0,66339.21712211752,65374.0,67624.0,64250.0,63.22885368369137,2026-02-23 07:20:00+05:30
64776.70074505046,64776.70074505046,64356.0,64461.0,66176.80758646148,65217.67798020184,67606.81703189613,64250.0,64.98791214632242,2026-02-23 07:25:00+05:30
64618.85037252523,64618.85037252523,64280.0,64455.25,65975.03867214736,64997.40149010092,67589.72101594807,64250.0,66.65380994372143,2026-02-23 07:30:00+05:30
64537.05018626261,64711.5,64537.05018626261,64627.25,65975.03867214736,64997.40149010092,67542.61050797404,64250.0,67.57037852693266,2026-02-23 07:35:00+05:30
64582.150093131306,64766.5,64551.0,64685.5,65966.09868350717,64997.40149010092,67489.68025398703,64250.0,68.04856135291828,2026-02-23 07:40:00+05:30
64633.82504656565,64784.5,64633.82504656565,64713.125,65894.3220891894,64997.40149010092,67424.52762699351,64250.0,68.36627280435562,2026-02-23 07:45:00+05:30
64673.47502328282,64728.5,64484.0,64595.0,65726.88677077706,64766.5,67327.01381349676,64250.0,68.82509294151619,2026-02-23 07:50:00+05:30
64634.23751164141,64733.5,64500.5,64613.0,65677.40294638035,64766.5,67255.25690674837,64250.0,69.2138393120336,2026-02-23 07:55:00+05:30
64623.6187558207,64876.5,64623.6187558207,64798.125,65677.40294638035,64484.0,67168.50345337419,64250.0,68.52590385702045,2026-02-23 08:00:00+05:30
64710.87187791035,64868.5,64672.0,64784.375,65677.40294638035,64484.0,67127.1267266871,64250.0,67.88710664879397,2026-02-23 08:05:00+05:30
64747.623438955176,64806.5,64644.5,64747.875,65617.85579130657,64484.0,67019.62586334355,64250.0,67.34719398900232,2026-02-23 08:10:00+05:30
64747.749219477584,64856.5,64728.5,64785.0,65612.23353540563,64672.0,66742.56293167177,64250.0,66.44661468780427,2026-02-23 08:15:00+05:30
64766.37460973879,64815.5,64684.5,64738.125,65508.77160177626,64672.0,66335.28146583588,64250.0,65.71375506702131,2026-02-23 08:20:00+05:30
64752.249804869396,64772.5,64670.5,64724.0,65415.589944379644,64672.0,65886.76573291793,64250.0,65.06716600308819,2026-02-23 08:25:00+05:30
64738.1249024347,64877.5,64735.0,64808.25,65415.589944379644,64684.5,65576.32036645897,64250.0,63.56591513460829,2026-02-23 08:30:00+05:30
64773.18745121735,65059.0,64773.18745121735,64927.875,65415.589944379644,64670.5,65374.0,64250.0,60.83090044286697,2026-02-23 08:35:00+05:30
64850.531225608676,64926.0,64806.0,64890.125,65415.589944379644,64670.5,65374.0,64250.0,58.291243943392885,2026-02-23 08:40:00+05:30
64870.32811280434,64903.5,64675.0,64808.25,65415.589944379644,64670.5,65374.0,64250.0,56.45800696503426,2026-02-23 08:45:00+05:30
64839.289056402165,64839.289056402165,64682.5,64731.75,65384.18067100105,64670.5,65374.0,64250.0,54.75571548512982,2026-02-23 08:50:00+05:30
64785.51952820108,64785.51952820108,64664.0,64716.875,65311.08482715812,64670.5,65217.67798020184,64250.0,53.251317563825395,2026-02-23 08:55:00+05:30
64751.19726410054,64845.5,64686.0,64752.0,65311.08482715812,64670.5,65059.0,64280.0,51.35345003839006,2026-02-23 09:00:00+05:30
64751.59863205027,64883.0,64719.5,64803.125,65311.08482715812,64664.0,65059.0,64280.0,49.28246618040725,2026-02-23 09:05:00+05:30
64777.361816025135,64986.5,64777.361816025135,64926.75,65311.08482715812,64686.0,65059.0,64280.0,46.554804098923746,2026-02-23 09:10:00+05:30
64852.05590801257,64987.0,64852.05590801257,64934.5,65311.08482715812,64719.5,65059.0,64484.0,44.018176223320225,2026-02-23 09:15:00+05:30
64893.277954006284,64969.0,64890.0,64926.875,65311.08482715812,64719.5,65059.0,64484.0,41.66273605311695,2026-02-23 09:20:00+05:30
64910.07647700314,64972.0,64900.0,64929.75,65311.08482715812,64852.05590801257,65059.0,64484.0,39.44920773427329,2026-02-23 09:25:00+05:30
64919.91323850157,64970.0,64856.0,64904.875,65311.08482715812,64852.05590801257,65059.0,64484.0,37.71171517335781,2026-02-23 09:30:00+05:30
64912.394119250785,64919.0,64791.5,64877.875,65290.301819275985,64852.05590801257,65059.0,64500.5,36.540444345507794,2026-02-23 09:35:00+05:30
64895.134559625396,64996.5,64895.134559625396,64949.75,65290.301819275985,64856.0,65059.0,64623.6187558207,34.70565174896746,2026-02-23 09:40:00+05:30
64922.4422798127,64991.5,64864.0,64938.875,65290.301819275985,64856.0,65059.0,64644.5,33.23091869822786,2026-02-23 09:45:00+05:30
64930.65863990635,64930.65863990635,64757.0,64839.0,65279.93228777712,64996.5,65059.0,64644.5,32.582615526456586,2026-02-23 09:50:00+05:30
64884.829319953176,64884.829319953176,64677.5,64745.25,65243.82262666276,64991.5,65059.0,64664.0,32.44607189818401,2026-02-23 09:55:00+05:30
64815.03965997659,64815.03965997659,64725.5,64750.5,65205.20794142354,64991.5,65059.0,64664.0,32.319281386216616,2026-02-23 10:00:00+05:30
64782.76982998829,64782.76982998829,64639.0,64695.375,65145.30465193363,64884.829319953176,65059.0,64639.0,32.68591683236749,2026-02-23 10:05:00+05:30
64739.072414994145,64739.072414994145,64649.5,64677.5,65105.03415987127,64815.03965997659,65059.0,64639.0,33.026364032364725,2026-02-23 10:10:00+05:30
64708.286207497076,64708.286207497076,64675.0,64687.125,65057.978294710876,64815.03965997659,65059.0,64639.0,33.3424935752193,2026-02-23 10:15:00+05:30
64697.70560374854,64787.5,64675.0,64729.0,65057.978294710876,64815.03965997659,64996.5,64639.0,32.64817942227903,2026-02-23 10:20:00+05:30
64713.352801874265,64795.5,64713.352801874265,64780.625,65057.978294710876,64815.03965997659,64996.5,64639.0,31.90787445941302,2026-02-23 10:25:00+05:30
64746.98890093713,64843.5,64746.98890093713,64810.875,65057.978294710876,64815.03965997659,64996.5,64639.0,30.649448549407783,2026-02-23 10:30:00+05:30
64778.93195046857,64947.0,64778.93195046857,64890.125,65057.978294710876,64713.352801874265,64996.5,64639.0,28.515415342354817,2026-02-23 10:35:00+05:30
64834.528475234285,65161.0,64834.528475234285,65024.25,65057.978294710876,64746.98890093713,65161.0,64639.0,28.141884560144426,2026-02-23 10:40:00+05:30
64929.38923761714,65196.0,64929.38923761714,65100.0,64562.95034843274,64778.93195046857,65196.0,64639.0,28.005592575021854,2026-02-23 10:45:00+05:30
65014.69461880857,65100.0,65008.0,65054.375,64586.21919682072,64778.93195046857,65196.0,64639.0,27.87903573169375,2026-02-23 10:50:00+05:30
65034.534809404286,65034.534809404286,64895.0,64988.125,64586.21919682072,64778.93195046857,65196.0,64639.0,26.627366124897595,2026-02-23 10:55:00+05:30
65011.32990470214,65101.0,65011.32990470214,65050.25,64605.568341852006,65008.0,65196.0,64639.0,25.937627776188204,2026-02-23 11:00:00+05:30
65030.78995235107,65095.0,64980.5,65040.875,64605.568341852006,65008.0,65196.0,64639.0,25.000111251101565,2026-02-23 11:05:00+05:30
65035.832476175536,65061.5,64990.0,65010.875,64621.99534738844,65008.0,65196.0,64639.0,24.129560192092544,2026-02-23 11:10:00+05:30
65023.35373808777,65061.0,64924.0,64988.375,64621.99534738844,65095.0,65196.0,64639.0,22.66760120521539,2026-02-23 11:15:00+05:30
65005.864369043884,65006.5,64950.0,64978.625,64621.99534738844,65061.5,65196.0,64639.0,21.310067860258034,2026-02-23 11:20:00+05:30
64992.24468452194,65047.0,64941.5,65002.25,64630.884096314585,65061.5,65196.0,64639.0,20.425039059655333,2026-02-23 11:25:00+05:30
64997.24734226097,65103.5,64996.5,65060.625,64692.68636826965,65061.5,65196.0,64639.0,20.096214272739054,2026-02-23 11:30:00+05:30
65028.93617113048,65172.0,65028.93617113048,65129.375,64732.88618885229,64941.5,65196.0,64639.0,20.332211828091236,2026-02-23 11:35:00+05:30
65079.15558556524,65352.0,65079.15558556524,65249.75,64783.57427512805,64996.5,65352.0,64639.0,21.662297898199657,2026-02-23 11:40:00+05:30
65164.45279278262,65350.0,65164.45279278262,65309.875,64807.41743530852,65028.93617113048,65352.0,64639.0,22.89737782044319,2026-02-23 11:45:00+05:30
65237.163896391314,65434.5,65237.163896391314,65336.75,64865.7087942924,65079.15558556524,65434.5,64649.5,24.47829100859839,2026-02-23 11:50:00+05:30
65286.95694819566,65370.0,65272.5,65317.0,64876.50158236863,65079.15558556524,65434.5,64675.0,25.946281826171074,2026-02-23 11:55:00+05:30
65301.97847409783,65384.0,65248.5,65323.125,64876.965642030256,65237.163896391314,65434.5,64675.0,26.980525058958015,2026-02-23 12:00:00+05:30
65312.55173704891,65647.0,65312.55173704891,65500.25,64959.91144899992,65272.5,65647.0,64713.352801874265,29.100693476629427,2026-02-23 12:05:00+05:30
65406.400868524455,65615.0,65406.400868524455,65546.875,64975.70273260882,65248.5,65647.0,64746.98890093713,31.069421293038594,2026-02-23 12:10:00+05:30
65476.637934262224,65691.0,65476.637934262224,65580.375,65033.38005182629,65312.55173704891,65691.0,64778.93195046857,33.15661505665258,2026-02-23 12:15:00+05:30
65528.50646713111,65780.5,65528.50646713111,65705.5,65074.70122064619,65406.400868524455,65780.5,64834.528475234285,35.36691149436489,2026-02-23 12:20:00+05:30
65617.00323356556,65773.5,65617.00323356556,65736.625,65131.20842009426,65476.637934262224,65780.5,64895.0,37.41932961509776,2026-02-23 12:25:00+05:30
65676.81411678277,65807.5,65676.81411678277,65764.125,65202.68322556528,65528.50646713111,65807.5,64895.0,39.4291616761764,2026-02-23 12:30:00+05:30
65720.46955839139,65872.0,65713.0,65777.25,65261.95100043477,65617.00323356556,65872.0,64895.0,41.48371316251927,2026-02-23 12:35:00+05:30
65748.85977919569,65849.5,65667.0,65748.5,65261.95100043477,65617.00323356556,65872.0,64924.0,42.72457211406539,2026-02-23 12:40:00+05:30
65748.67988959784,65798.0,65605.0,65725.75,65261.95100043477,65617.00323356556,65872.0,64924.0,43.03065657826632,2026-02-23 12:45:00+05:30
65737.21494479892,65747.0,65671.5,65714.375,65261.95100043477,65617.00323356556,65872.0,64924.0,43.314877866452896,2026-02-23 12:50:00+05:30
65725.79497239945,65782.5,65650.5,65696.0,65261.95100043477,65617.00323356556,65872.0,64924.0,43.757385413061186,2026-02-23 12:55:00+05:30
65710.89748619973,65738.5,65646.5,65694.625,65261.95100043477,65617.00323356556,65872.0,64941.5,44.107490967645276,2026-02-23 13:00:00+05:30
65702.76124309987,65916.5,65702.76124309987,65826.375,65327.57262276783,65650.5,65916.5,64941.5,45.21861736115285,2026-02-23 13:05:00+05:30
65764.56812154994,65987.0,65764.56812154994,65925.375,65367.26354248314,65646.5,65987.0,64996.5,46.49172036132064,2026-02-23 13:10:00+05:30
65844.97156077497,65958.0,65844.97156077497,65906.625,65417.17029075518,65646.5,65987.0,65028.93617113048,47.67388743290501,2026-02-23 13:15:00+05:30
65875.79828038748,65942.5,65875.79828038748,65905.5,65465.43512638926,65646.5,65987.0,65079.15558556524,48.77161399937622,2026-02-23 13:20:00+05:30
65890.64914019374,65937.0,65890.64914019374,65916.875,65513.63361834749,65844.97156077497,65987.0,65164.45279278262,49.7909315253852,2026-02-23 13:25:00+05:30
65903.76207009687,65930.0,65723.0,65839.375,65513.63361834749,65942.5,65987.0,65237.163896391314,48.276559126521626,2026-02-23 13:30:00+05:30
65871.56853504843,65871.56853504843,65666.5,65738.375,65513.63361834749,65937.0,65987.0,65248.5,46.216115490779146,2026-02-23 13:35:00+05:30
65804.97176752421,65816.0,65700.0,65757.75,65513.63361834749,65937.0,65987.0,65248.5,44.30284640044684,2026-02-23 13:40:00+05:30
65781.3608837621,65846.5,65707.5,65774.25,65513.63361834749,65937.0,65987.0,65312.55173704891,42.77192282053517,2026-02-23 13:45:00+05:30
65777.80544188105,65777.80544188105,65589.5,65665.375,65513.63361834749,65816.0,65987.0,65406.400868524455,40.02503335292856,2026-02-23 13:50:00+05:30
65721.59022094053,65721.59022094053,65578.0,65632.125,65513.63361834749,65846.5,65987.0,65476.637934262224,37.358099875774634,2026-02-23 13:55:00+05:30
65676.85761047027,65707.0,65587.5,65646.125,65513.63361834749,65846.5,65987.0,65528.50646713111,34.881661646988846,2026-02-23 14:00:00+05:30
65661.49130523513,65661.49130523513,65549.0,65600.875,65513.63361834749,65721.59022094053,65987.0,65549.0,32.61706038636338,2026-02-23 14:05:00+05:30
65631.18315261757,65631.18315261757,65552.5,65583.75,65513.63361834749,65707.0,65987.0,65549.0,30.514216358639732,2026-02-23 14:10:00+05:30
65607.46657630878,65620.0,65572.0,65592.5,65513.63361834749,65707.0,65987.0,65549.0,28.56157547575349,2026-02-23 14:15:00+05:30
65599.98328815438,65610.0,65541.0,65581.125,65513.63361834749,65631.18315261757,65987.0,65541.0,27.1240839994218,2026-02-23 14:20:00+05:30
65590.55414407719,65672.5,65573.5,65616.5,65513.63361834749,65631.18315261757,65987.0,65541.0,25.40116596864885,2026-02-23 14:25:00+05:30
65603.52707203859,65797.5,65603.52707203859,65715.5,65513.63361834749,65541.0,65987.0,65541.0,25.08413329783721,2026-02-23 14:30:00+05:30
65659.5135360193,65805.5,65659.5135360193,65766.75,65513.63361834749,65573.5,65987.0,65541.0,24.860883205882004,2026-02-23 14:35:00+05:30
65713.13176800965,65807.0,65713.13176800965,65777.875,65513.63361834749,65603.52707203859,65987.0,65541.0,24.667726833793843,2026-02-23 14:40:00+05:30
65745.50338400483,65820.5,65694.5,65754.25,65513.63361834749,65603.52707203859,65987.0,65541.0,24.20187437362468,2026-02-23 14:45:00+05:30
65749.8766920024,65749.8766920024,65680.5,65716.375,65513.63361834749,65603.52707203859,65987.0,65541.0,23.550880683946378,2026-02-23 14:50:00+05:30
65733.1258460012,65854.0,65723.0,65780.375,65513.63361834749,65694.5,65958.0,65541.0,23.987805799359588,2026-02-23 14:55:00+05:30
65756.7504230006,66220.0,65756.7504230006,65988.25,65513.63361834749,65680.5,66220.0,65541.0,26.372534817684596,2026-02-23 15:00:00+05:30
65872.5002115003,66305.5,65872.5002115003,66198.625,65513.63361834749,65723.0,66305.5,65541.0,28.861462417824445,2026-02-23 15:05:00+05:30
66035.56260575015,66284.0,66035.56260575015,66248.125,65524.47353514087,65756.7504230006,66305.5,65541.0,31.17260947509716,2026-02-23 15:10:00+05:30
66141.84380287508,66399.0,66141.84380287508,66292.625,65615.66258746896,65872.5002115003,66399.0,65541.0,33.6602667256517,2026-02-23 15:15:00+05:30
66217.23440143754,66439.5,66210.5,66344.0,65665.63487374122,66035.56260575015,66439.5,65541.0,36.0787380711969,2026-02-23 15:20:00+05:30
66280.61720071877,66440.0,66280.61720071877,66402.375,65726.83157815991,66141.84380287508,66440.0,65541.0,38.325838790191995,2026-02-23 15:25:00+05:30
66341.49610035939,66581.5,66310.0,66432.625,65786.41255240045,66210.5,66581.5,65541.0,40.76767643574575,2026-02-23 15:30:00+05:30
66387.0605501797,66494.0,66315.5,66400.875,65786.41255240045,66210.5,66581.5,65541.0,43.0350971066171,2026-02-23 15:35:00+05:30
66393.96777508984,66393.96777508984,66272.0,66318.875,65786.41255240045,66210.5,66581.5,65541.0,44.50233044116477,2026-02-23 15:40:00+05:30
66356.42138754492,66439.5,66245.5,66352.875,65786.41255240045,66210.5,66581.5,65541.0,46.00828128442318,2026-02-23 15:45:00+05:30
66354.64819377246,66493.0,66354.64819377246,66436.125,65847.85764245516,66272.0,66581.5,65541.0,47.567056722903665,2026-02-23 15:50:00+05:30
66395.38659688624,66418.5,66322.0,66374.625,65847.85764245516,66272.0,66581.5,65541.0,48.521575685489644,2026-02-23 15:55:00+05:30
66385.00579844312,66385.00579844312,66250.0,66305.0,65847.85764245516,66272.0,66581.5,65541.0,48.38525622338262,2026-02-23 16:00:00+05:30
66345.00289922155,66345.00289922155,66192.0,66250.75,65847.85764245516,66418.5,66581.5,65573.5,47.508334538997374,2026-02-23 16:05:00+05:30
66297.87644961078,66365.0,66241.5,66290.375,65847.85764245516,66418.5,66581.5,65603.52707203859,46.812313432635804,2026-02-23 16:10:00+05:30
66294.12572480539,66313.5,66218.0,66280.875,65847.85764245516,66345.00289922155,66581.5,65659.5135360193,45.853534875906945,2026-02-23 16:15:00+05:30
66287.5003624027,66359.5,66270.0,66311.875,65878.86021543364,66345.00289922155,66581.5,65680.5,45.26174801077295,2026-02-23 16:20:00+05:30
66299.68768120135,66388.0,66272.0,66324.5,65906.66589894313,66345.00289922155,66581.5,65680.5,44.891406666264096,2026-02-23 16:25:00+05:30
66312.09384060068,66317.0,66230.0,66268.625,65906.66589894313,66359.5,66581.5,65680.5,43.94775000921381,2026-02-23 16:30:00+05:30
66290.35942030034,66319.5,66222.5,66272.875,65906.66589894313,66359.5,66581.5,65723.0,42.96430693314109,2026-02-23 16:35:00+05:30
66281.61721015017,66362.0,66281.61721015017,66335.375,65951.63501665443,66359.5,66581.5,65756.7504230006,42.37539782987592,2026-02-23 16:40:00+05:30
66308.49610507509,66429.0,66308.49610507509,66388.25,65999.81187892344,66222.5,66581.5,65872.5002115003,42.29213348248859,2026-02-23 16:45:00+05:30
66348.37305253754,66469.5,66304.0,66375.125,65999.81187892344,66222.5,66581.5,66035.56260575015,42.47007320734251,2026-02-23 16:50:00+05:30
66361.74902626878,66361.74902626878,66285.5,66304.5,65999.81187892344,66222.5,66581.5,66141.84380287508,42.335044510358266,2026-02-23 16:55:00+05:30
66333.12451313439,66333.12451313439,66200.0,66263.5,65999.81187892344,66222.5,66581.5,66192.0,40.941832083861364,2026-02-23 17:00:00+05:30
66298.3122565672,66298.3122565672,66120.0,66201.125,65999.81187892344,66361.74902626878,66581.5,66120.0,38.65789490356085,2026-02-23 17:05:00+05:30
66249.71862828359,66249.71862828359,66084.0,66130.875,65999.81187892344,66333.12451313439,66581.5,66084.0,36.13345144832145,2026-02-23 17:10:00+05:30
66190.2968141418,66190.2968141418,66087.0,66124.625,65999.81187892344,66298.3122565672,66494.0,66084.0,33.789325382742014,2026-02-23 17:15:00+05:30
66157.4609070709,66202.5,66116.0,66147.25,65999.81187892344,66298.3122565672,66493.0,66084.0,31.750623247525066,2026-02-23 17:20:00+05:30
66152.35545353545,66184.5,66139.0,66160.875,65999.81187892344,66298.3122565672,66493.0,66084.0,29.857542693395043,2026-02-23 17:25:00+05:30
66156.61522676772,66197.5,66136.5,66167.25,65999.81187892344,66298.3122565672,66493.0,66084.0,28.262731721640908,2026-02-23 17:30:00+05:30
66161.93261338386,66238.0,66136.5,66172.0,65999.81187892344,66298.3122565672,66469.5,66084.0,27.275770208208364,2026-02-23 17:35:00+05:30
66166.96630669193,66201.0,66156.5,66177.125,65999.81187892344,66298.3122565672,66469.5,66084.0,26.359305945735287,2026-02-23 17:40:00+05:30
66172.04565334597,66216.5,66149.0,66182.25,65999.81187892344,66298.3122565672,66469.5,66084.0,25.704629500232475,2026-02-23 17:45:00+05:30
66177.14782667298,66177.14782667298,65998.0,66106.25,65999.81187892344,66201.0,66469.5,65998.0,24.750643774807124,2026-02-23 17:50:00+05:30
66141.6989133365,66149.5,66095.0,66115.125,65999.81187892344,66201.0,66469.5,65998.0,23.864799886912152,2026-02-23 17:55:00+05:30
66128.41195666825,66130.0,65867.0,66011.375,65999.81187892344,66177.14782667298,66469.5,65867.0,24.959597062936567,2026-02-23 18:00:00+05:30
66069.89347833412,66355.0,65929.5,66108.5,65999.81187892344,66177.14782667298,66469.5,65867.0,23.534873965708787,2026-02-23 18:05:00+05:30
66089.19673916706,66481.0,66089.19673916706,66324.875,65999.81187892344,65867.0,66481.0,65867.0,22.463213670163004,2026-02-23 18:10:00+05:30
66207.03586958353,66485.0,66207.03586958353,66387.625,65999.81187892344,65929.5,66485.0,65867.0,21.496784784037793,2026-02-23 18:15:00+05:30
66297.33043479177,66347.0,66294.5,66324.625,65999.81187892344,65929.5,66485.0,65867.0,20.599386532635812,2026-02-23 18:20:00+05:30
66310.97771739589,66322.0,66206.5,66275.125,65999.81187892344,65929.5,66485.0,65867.0,19.273728542930375,2026-02-23 18:25:00+05:30
66293.05135869794,66294.5,66225.0,66252.375,65999.81187892344,65929.5,66485.0,65867.0,18.042760409632468,2026-02-23 18:30:00+05:30
66272.71317934897,66363.5,66213.0,66278.0,65999.81187892344,65929.5,66485.0,65867.0,17.219902349316627,2026-02-23 18:35:00+05:30
66275.35658967448,66328.5,66181.0,66250.75,65999.81187892344,65929.5,66485.0,65867.0,16.149750584121044,2026-02-23 18:40:00+05:30
66263.05329483724,66263.05329483724,66089.0,66158.75,65999.81187892344,65929.5,66485.0,65867.0,15.645142956702179,2026-02-23 18:45:00+05:30
66210.90164741862,66237.5,66131.0,66167.75,65999.81187892344,65929.5,66485.0,65867.0,15.176578731241804,2026-02-23 18:50:00+05:30
66189.32582370931,66235.5,66108.5,66172.25,65999.81187892344,65929.5,66485.0,65867.0,14.939266196180178,2026-02-23 18:55:00+05:30
66180.78791185466,66243.0,66142.5,66186.5,65999.81187892344,65929.5,66485.0,65867.0,14.63249784521023,2026-02-23 19:00:00+05:30
66183.64395592733,66190.0,66110.5,66152.375,65999.81187892344,65929.5,66485.0,65867.0,14.649794889725463,2026-02-23 19:05:00+05:30
66168.00947796367,66404.5,66150.5,66257.125,65999.81187892344,66142.5,66485.0,65867.0,14.630798027305833,2026-02-23 19:10:00+05:30
66212.56723898184,66340.5,66212.56723898184,66311.5,65999.81187892344,66110.5,66485.0,65867.0,14.613158083630461,2026-02-23 19:15:00+05:30
66262.03361949092,66347.0,66231.0,66286.25,65999.81187892344,66110.5,66485.0,65867.0,14.651033255611424,2026-02-23 19:20:00+05:30
66274.14180974546,66274.14180974546,66074.0,66165.25,65999.81187892344,66110.5,66485.0,65867.0,14.06497551111049,2026-02-23 19:25:00+05:30
66219.69590487273,66219.69590487273,66088.0,66132.875,65999.81187892344,66110.5,66485.0,65867.0,13.520779034073907,2026-02-23 19:30:00+05:30
66176.28545243636,66234.5,66161.5,66193.375,65999.81187892344,66110.5,66485.0,65867.0,12.862681323931444,2026-02-23 19:35:00+05:30
66184.83022621818,66242.0,66144.0,66206.625,65999.81187892344,66088.0,66485.0,65867.0,12.422067169797943,2026-02-23 19:40:00+05:30
66195.72761310909,66230.0,66095.5,66164.625,65999.81187892344,66088.0,66485.0,65929.5,12.474670290923024,2026-02-23 19:45:00+05:30
66180.17630655455,66180.17630655455,66019.5,66068.875,65999.81187892344,66242.0,66485.0,66019.5,13.172831566901055,2026-02-23 19:50:00+05:30
66124.52565327728,66124.52565327728,66029.0,66050.875,65999.81187892344,66230.0,66485.0,66019.5,13.821124180309228,2026-02-23 19:55:00+05:30
66087.70032663865,66198.0,65901.0,66017.375,65999.81187892344,66180.17630655455,66404.5,65901.0,15.36588049870693,2026-02-23 20:00:00+05:30
66052.53766331932,66137.0,65761.5,65908.0,66513.89432476673,66124.52565327728,66404.5,65761.5,17.566341543851962,2026-02-23 20:05:00+05:30
65980.26883165966,65980.26883165966,65508.5,65756.75,66430.55190776975,66198.0,66404.5,65508.5,20.551581855784125,2026-02-23 20:10:00+05:30
65868.50941582983,65961.0,65593.5,65751.25,66430.55190776975,66137.0,66404.5,65508.5,23.32359071686399,2026-02-23 20:15:00+05:30
65809.87970791492,66097.0,65614.0,65816.125,66430.55190776975,66137.0,66404.5,65508.5,24.389391123151132,2026-02-23 20:20:00+05:30
65813.00235395746,66041.5,65813.00235395746,65931.5,66430.55190776975,66137.0,66404.5,65508.5,25.379062928989192,2026-02-23 20:25:00+05:30
65872.25117697872,66063.5,65685.0,65845.75,66430.55190776975,66137.0,66404.5,65508.5,26.855408546709523,2026-02-23 20:30:00+05:30
65859.00058848936,65895.0,65712.5,65792.5,66430.55190776975,66041.5,66404.5,65508.5,28.22630090602126,2026-02-23 20:35:00+05:30
65825.75029424467,66007.0,65825.75029424467,65900.25,66430.55190776975,66041.5,66404.5,65508.5,28.31367845117226,2026-02-23 20:40:00+05:30
65863.00014712234,66238.0,65863.00014712234,66015.25,66430.55190776975,66041.5,66404.5,65508.5,26.531161061257098,2026-02-23 20:45:00+05:30
65939.12507356117,66037.5,65850.0,65948.75,66430.55190776975,66041.5,66404.5,65508.5,24.95927237578394,2026-02-23 20:50:00+05:30
65943.93753678058,65943.93753678058,65726.5,65834.125,66430.55190776975,66238.0,66347.0,65508.5,24.249119397998513,2026-02-23 20:55:00+05:30
65889.03126839029,65922.5,65739.5,65809.875,66430.55190776975,66037.5,66347.0,65508.5,23.589691632912043,2026-02-23 21:00:00+05:30
65849.45313419515,65923.0,65757.0,65817.375,66430.55190776975,66037.5,66274.14180974546,65508.5,22.97312876556987,2026-02-23 21:05:00+05:30
65833.41406709758,65849.0,65688.5,65781.25,66430.55190776975,65922.5,66242.0,65508.5,22.83013762793778,2026-02-23 21:10:00+05:30
65807.3320335488,65907.0,65760.0,65812.375,66430.55190776975,65922.5,66242.0,65508.5,22.17396672342672,2026-02-23 21:15:00+05:30
65809.8535167744,65827.0,65563.0,65707.375,66362.45514610442,65849.0,66242.0,65508.5,22.683451015076084,2026-02-23 21:20:00+05:30
65758.6142583872,65758.6142583872,65627.5,65657.25,66321.35336516332,65907.0,66238.0,65508.5,23.156543571607635,2026-02-23 21:25:00+05:30
65707.93212919359,65707.93212919359,65353.5,65518.375,66221.1551793681,65827.0,66238.0,65353.5,24.738800049165825,2026-02-23 21:30:00+05:30
65613.1535645968,65613.1535645968,65273.5,65390.625,66180.69755121529,65758.6142583872,66238.0,65273.5,26.467599321583887,2026-02-23 21:35:00+05:30
65501.8892822984,65559.5,65162.0,65336.0,66163.1392305002,65707.93212919359,66238.0,65162.0,28.40363661437746,2026-02-23 21:40:00+05:30
65418.944641149195,65563.5,65208.0,65366.25,66163.1392305002,65707.93212919359,66238.0,65162.0,30.163088532231882,2026-02-23 21:45:00+05:30
65392.5973205746,65552.5,65371.5,65442.5,66163.1392305002,65707.93212919359,66238.0,65162.0,31.796865313096703,2026-02-23 21:50:00+05:30
65417.5486602873,65660.5,65376.0,65506.875,66163.1392305002,65707.93212919359,66238.0,65162.0,32.23668319739046,2026-02-23 21:55:00+05:30
65462.21183014365,65707.5,65462.21183014365,65568.0,66163.1392305002,65707.93212919359,66238.0,65162.0,32.210062472941495,2026-02-23 22:00:00+05:30
65515.10591507182,65642.0,65431.5,65532.0,66163.1392305002,65707.93212919359,66238.0,65162.0,32.33198555492751,2026-02-23 22:05:00+05:30
65523.55295753591,65620.0,65523.55295753591,65569.875,66163.1392305002,65707.93212919359,66238.0,65162.0,32.445199845343105,2026-02-23 22:10:00+05:30
65546.71397876795,65590.0,65309.0,65457.875,66163.1392305002,65642.0,66238.0,65162.0,33.47653284495834,2026-02-23 22:15:00+05:30
65502.294489383974,65502.294489383974,65350.5,65394.375,66112.23637735393,65620.0,66238.0,65162.0,34.43419920174392,2026-02-23 22:20:00+05:30
65448.33474469199,65448.33474469199,65287.5,65354.5,66024.7086623528,65590.0,66238.0,65162.0,35.56110508059211,2026-02-23 22:25:00+05:30
65401.417372346,65421.5,65294.5,65365.375,65975.39253429155,65590.0,66037.5,65162.0,36.60751768237971,2026-02-23 22:30:00+05:30
65383.396186173,65436.0,65314.0,65372.375,65956.47931510703,65590.0,65943.93753678058,65162.0,37.40274619666972,2026-02-23 22:35:00+05:30
65377.885593086496,65377.885593086496,65028.0,65200.875,65851.30460652921,65421.5,65923.0,65028.0,39.10751694118443,2026-02-23 22:40:00+05:30
65289.38029654325,65289.38029654325,64772.0,64946.5,65808.16325534954,65436.0,65923.0,64772.0,41.24301111135199,2026-02-23 22:45:00+05:30
65117.94014827162,65117.94014827162,64676.5,64764.625,65752.81422946187,65377.885593086496,65907.0,64676.5,43.39040879429589,2026-02-23 22:50:00+05:30
64941.28257413581,64941.28257413581,64551.5,64664.0,65646.80738054845,65289.38029654325,65907.0,64551.5,45.578659831773244,2026-02-23 22:55:00+05:30
64802.641287067905,64802.641287067905,64518.5,64575.5,65554.1307038321,65117.94014827162,65827.0,64518.5,47.65928554880247,2026-02-23 23:00:00+05:30
64689.07064353395,64689.07064353395,64306.0,64450.5,65427.61707782279,64941.28257413581,65758.6142583872,64306.0,49.86940670049699,2026-02-23 23:05:00+05:30
64569.785321766976,64642.5,64300.5,64432.625,65415.28436233356,64802.641287067905,65707.93212919359,64300.5,51.92819258956494,2026-02-23 23:10:00+05:30
64501.20516088349,64532.5,64362.0,64438.875,65329.27945342876,64802.641287067905,65707.5,64300.5,53.83992234369946,2026-02-23 23:15:00+05:30
64470.040080441744,64525.0,64117.5,64381.875,65251.91810293894,64642.5,65707.5,64117.5,55.889836519894814,2026-02-23 23:20:00+05:30
64425.95754022087,64795.0,64425.95754022087,64628.125,65251.91810293894,64642.5,65707.5,64117.5,55.488986481544444,2026-02-23 23:25:00+05:30
64527.041270110436,64841.0,64527.041270110436,64761.0,65251.91810293894,64117.5,65707.5,64117.5,54.779631320862336,2026-02-23 23:30:00+05:30
64644.02063505522,64840.0,64609.5,64753.5,65251.91810293894,64117.5,65707.5,64117.5,54.12094438594323,2026-02-23 23:35:00+05:30
64698.76031752761,64819.5,64672.5,64760.125,65251.91810293894,64527.041270110436,65707.5,64117.5,53.50930651780407,2026-02-23 23:40:00+05:30
64729.4426587638,64781.5,64611.5,64691.875,65251.91810293894,64527.041270110436,65642.0,64117.5,53.13364312391823,2026-02-23 23:45:00+05:30
64710.6588293819,64894.5,64559.0,64730.75,65251.91810293894,64672.5,65620.0,64117.5,51.834023080933,2026-02-23 23:50:00+05:30
64720.70441469095,64880.0,64720.70441469095,64816.375,65251.91810293894,64611.5,65590.0,64117.5,50.627233041018144,2026-02-23 23:55:00+05:30
64768.53970734547,64955.0,64698.0,64850.75,65251.91810293894,64559.0,65502.294489383974,64117.5,48.88354621436304,2026-02-24 00:00:00+05:30
64809.64485367274,65153.0,64809.64485367274,65021.375,65251.91810293894,64720.70441469095,65448.33474469199,64117.5,45.86468331382558,2026-02-24 00:05:00+05:30
64915.50992683637,65068.5,64845.0,64960.125,65251.91810293894,64720.70441469095,65436.0,64117.5,43.061453477612226,2026-02-24 00:10:00+05:30
64937.817463418185,64937.817463418185,64713.5,64810.375,65251.91810293894,64720.70441469095,65436.0,64117.5,41.17090979053236,2026-02-24 00:15:00+05:30
64874.09623170909,64874.09623170909,64704.5,64754.625,65251.91810293894,64720.70441469095,65377.885593086496,64117.5,39.46194159454718,2026-02-24 00:20:00+05:30
64814.360615854544,64814.360615854544,64561.0,64653.75,65251.91810293894,64937.817463418185,65289.38029654325,64117.5,38.574113856801624,2026-02-24 00:25:00+05:30
64734.05530792727,64734.05530792727,64574.0,64629.25,65251.91810293894,64874.09623170909,65153.0,64117.5,37.749702386037896,2026-02-24 00:30:00+05:30
64681.65265396364,64770.0,64599.5,64680.375,65251.91810293894,64874.09623170909,65153.0,64117.5,36.68278982981063,2026-02-24 00:35:00+05:30
64681.01382698182,64825.0,64663.0,64731.5,65251.91810293894,64874.09623170909,65153.0,64117.5,35.23686137812831,2026-02-24 00:40:00+05:30
64706.25691349091,64706.25691349091,64554.0,64629.875,65251.91810293894,64770.0,65153.0,64117.5,34.48934280888131,2026-02-24 00:45:00+05:30
64668.06595674546,64668.06595674546,64330.0,64511.125,65190.7675944429,64825.0,65153.0,64117.5,34.76662503467889,2026-02-24 00:50:00+05:30
64589.59547837273,64589.59547837273,64416.0,64456.5,65170.11118654911,64706.25691349091,65153.0,64117.5,35.02410138720521,2026-02-24 00:55:00+05:30
64523.04773918637,64525.0,64305.5,64396.125,65081.30438345378,64668.06595674546,65153.0,64117.5,35.675799271453926,2026-02-24 01:00:00+05:30
64459.586369593184,64459.586369593184,64062.0,64218.875,65002.09110043977,64589.59547837273,65153.0,64062.0,37.006875733706735,2026-02-24 01:05:00+05:30
64339.230684796596,64341.0,64113.0,64195.25,64960.112499122726,64525.0,65153.0,64062.0,38.242875305798634,2026-02-24 01:10:00+05:30
64267.2403423983,64306.0,64089.0,64189.5,64918.88214210519,64459.586369593184,65153.0,64062.0,39.45708709573918,2026-02-24 01:15:00+05:30
64228.370171199145,64265.0,64111.5,64191.375,64872.363264661595,64459.586369593184,65153.0,64062.0,40.58456947211255,2026-02-24 01:20:00+05:30
64209.87258559957,64350.5,64209.87258559957,64270.75,64872.363264661595,64459.586369593184,65153.0,64062.0,40.77047665648759,2026-02-24 01:25:00+05:30
64240.311292799786,64358.5,64214.0,64301.0,64872.363264661595,64459.586369593184,65153.0,64062.0,40.863700641450926,2026-02-24 01:30:00+05:30
64270.65564639989,64357.0,64126.0,64252.75,64872.363264661595,64459.586369593184,65153.0,64062.0,41.29873697402812,2026-02-24 01:35:00+05:30
64261.70282319994,64261.70282319994,63889.0,64046.0,64777.65003553757,64358.5,65153.0,63889.0,42.44655620485771,2026-02-24 01:40:00+05:30
64153.85141159997,64153.85141159997,63865.5,63971.375,64735.22513128934,64357.0,65153.0,63865.5,43.57491510837664,2026-02-24 01:45:00+05:30
64062.613205799986,64153.5,63961.0,64040.125,64735.22513128934,64357.0,65068.5,63865.5,44.622676947358514,2026-02-24 01:50:00+05:30
64051.36910289999,64101.5,63932.5,64018.75,64693.19957791055,64153.85141159997,64937.817463418185,63865.5,45.679320143776835,2026-02-24 01:55:00+05:30
64035.059551449995,64257.0,63982.5,64113.125,64693.19957791055,64153.85141159997,64874.09623170909,63865.5,45.04830937122761,2026-02-24 02:00:00+05:30
64074.092275724994,64304.0,64074.092275724994,64222.375,64693.19957791055,63932.5,64825.0,63865.5,44.031748158830524,2026-02-24 02:05:00+05:30
64148.2336378625,64253.5,64139.0,64214.0,64693.19957791055,63932.5,64825.0,63865.5,43.08779846160466,2026-02-24 02:10:00+05:30
64181.116818931245,64282.5,64181.116818931245,64253.125,64693.19957791055,64074.092275724994,64825.0,63865.5,41.92569938992051,2026-02-24 02:15:00+05:30
64217.12090946562,64398.5,64214.0,64315.0,64693.19957791055,64139.0,64825.0,63865.5,39.79277709851491,2026-02-24 02:20:00+05:30
64266.06045473281,64466.5,64266.06045473281,64406.625,64693.19957791055,64181.116818931245,64706.25691349091,63865.5,37.264542579836856,2026-02-24 02:25:00+05:30
64336.342727366406,64647.5,64336.342727366406,64539.25,64693.19957791055,64214.0,64668.06595674546,63865.5,35.5113652468666,2026-02-24 02:30:00+05:30
64437.7963636832,64682.0,64437.7963636832,64567.25,64693.19957791055,64266.06045473281,64682.0,63865.5,34.086410519301324,2026-02-24 02:35:00+05:30
64502.5231818416,64605.5,64489.5,64541.125,64693.19957791055,64266.06045473281,64682.0,63865.5,32.763238272276425,2026-02-24 02:40:00+05:30
64521.824090920796,64624.5,64521.824090920796,64581.875,64693.19957791055,64437.7963636832,64682.0,63865.5,31.65745647670213,2026-02-24 02:45:00+05:30
64551.8495454604,64624.0,64489.0,64560.125,64693.19957791055,64437.7963636832,64682.0,63865.5,30.32471953396543,2026-02-24 02:50:00+05:30
64555.9872727302,64580.5,64502.5,64539.0,64693.19957791055,64437.7963636832,64682.0,63865.5,29.087178087138494,2026-02-24 02:55:00+05:30
64547.4936363651,64580.0,64527.5,64555.75,64693.19957791055,64437.7963636832,64682.0,63865.5,27.938032457942054,2026-02-24 03:00:00+05:30
64551.62181818255,64577.0,64507.0,64545.375,64693.19957791055,64437.7963636832,64682.0,63865.5,26.647408334809214,2026-02-24 03:05:00+05:30
64548.49840909128,64764.5,64515.5,64605.0,64693.19957791055,64527.5,64764.5,63865.5,26.82890056170018,2026-02-24 03:10:00+05:30
64576.74920454564,64704.5,64576.74920454564,64656.5,64693.19957791055,64507.0,64764.5,63865.5,26.997429058098938,2026-02-24 03:15:00+05:30
64616.624602272816,64699.0,64573.0,64636.5,64693.19957791055,64507.0,64764.5,63865.5,27.108278195578272,2026-02-24 03:20:00+05:30
64626.56230113641,64626.56230113641,64538.5,64568.5,64693.19957791055,64507.0,64764.5,63865.5,26.782176814634816,2026-02-24 03:25:00+05:30
64597.531150568204,64758.5,64532.5,64652.125,64693.19957791055,64573.0,64764.5,63932.5,27.372225641127034,2026-02-24 03:30:00+05:30
64624.8280752841,64917.5,64624.8280752841,64828.25,64253.780205663876,64538.5,64917.5,63932.5,28.723609303089425,2026-02-24 03:35:00+05:30
64726.539037642055,64967.0,64726.539037642055,64899.0,64300.24296468633,64532.5,64967.0,63982.5,30.188976139298894,2026-02-24 03:40:00+05:30
64812.76951882103,64986.5,64812.76951882103,64920.75,64356.727506789786,64624.8280752841,64986.5,64074.092275724994,31.63216060153873,2026-02-24 03:45:00+05:30
64866.75975941052,64953.5,64819.5,64895.625,64363.72235489652,64624.8280752841,64986.5,64139.0,32.972260459332865,2026-02-24 03:50:00+05:30
64881.19237970526,64943.5,64881.19237970526,64923.125,64437.547799637614,64812.76951882103,64986.5,64181.116818931245,34.216638898713136,2026-02-24 03:55:00+05:30
64902.15868985263,64902.15868985263,64817.0,64876.375,64437.547799637614,64812.76951882103,64986.5,64214.0,34.45327123877769,2026-02-24 04:00:00+05:30
64889.266844926315,64898.5,64820.0,64867.0,64437.79097861754,64812.76951882103,64986.5,64266.06045473281,34.67300126883763,2026-02-24 04:05:00+05:30
64878.13342246316,64878.13342246316,64726.5,64802.625,64437.79097861754,64902.15868985263,64986.5,64336.342727366406,33.636809100304106,2026-02-24 04:10:00+05:30
64840.37921123158,64843.5,64755.5,64796.375,64437.79097861754,64898.5,64986.5,64437.7963636832,32.6746306580944,2026-02-24 04:15:00+05:30
64818.377105615786,64859.5,64662.0,64752.375,64437.79097861754,64878.13342246316,64986.5,64489.0,30.684919555326847,2026-02-24 04:20:00+05:30
64785.37605280789,64785.37605280789,64619.0,64685.625,64437.79097861754,64843.5,64986.5,64489.0,28.594372030377194,2026-02-24 04:25:00+05:30
64735.50052640395,64748.5,64673.5,64714.375,64437.79097861754,64843.5,64986.5,64489.0,26.653149328638232,2026-02-24 04:30:00+05:30
64724.937763201975,64874.0,64706.0,64798.0,64437.79097861754,64843.5,64986.5,64502.5,25.86238169531439,2026-02-24 04:35:00+05:30
64761.46888160099,64875.5,64761.46888160099,64851.375,64437.79097861754,64673.5,64986.5,64507.0,25.14107910162258,2026-02-24 04:40:00+05:30
64806.421940800494,64878.0,64806.421940800494,64832.375,64459.01560760915,64673.5,64986.5,64507.0,24.49445883557681,2026-02-24 04:45:00+05:30
64819.39847040025,64836.0,64753.0,64799.75,64459.01560760915,64673.5,64986.5,64515.5,23.219269662255215,2026-02-24 04:50:00+05:30
64809.574235200125,64814.5,64764.0,64794.5,64459.01560760915,64673.5,64986.5,64532.5,22.03516542988516,2026-02-24 04:55:00+05:30
64802.03711760006,64825.0,64799.5,64815.125,64513.18090856304,64753.0,64986.5,64532.5,21.057081650831144,2026-02-24 05:00:00+05:30
64808.58105880003,64856.5,64704.0,64773.25,64513.18090856304,64753.0,64986.5,64532.5,20.128603457194725,2026-02-24 05:05:00+05:30
64790.915529400016,64790.915529400016,64578.5,64653.0,64513.18090856304,64825.0,64986.5,64532.5,20.425128888484565,2026-02-24 05:10:00+05:30
64721.95776470001,64721.95776470001,64581.0,64611.375,64513.18090856304,64856.5,64986.5,64578.5,20.70047393182513,2026-02-24 05:15:00+05:30
64666.666382350006,64666.666382350006,64537.5,64573.25,64513.18090856304,64790.915529400016,64986.5,64537.5,21.314346634736197,2026-02-24 05:20:00+05:30
64619.958191175,64650.0,64508.0,64588.875,64513.18090856304,64790.915529400016,64986.5,64508.0,22.117376029069987,2026-02-24 05:25:00+05:30
64604.4165955875,64752.0,64604.4165955875,64672.75,64513.18090856304,64790.915529400016,64953.5,64508.0,21.474926778901114,2026-02-24 05:30:00+05:30
64638.58329779375,64730.5,64638.58329779375,64695.0,64513.18090856304,64790.915529400016,64943.5,64508.0,20.87836676088716,2026-02-24 05:35:00+05:30
64666.79164889688,64876.0,64666.79164889688,64800.875,64513.18090856304,64604.4165955875,64902.15868985263,64508.0,20.026931061461912,2026-02-24 05:40:00+05:30
64733.83332444844,64955.5,64733.83332444844,64910.125,64513.18090856304,64638.58329779375,64955.5,64508.0,19.906283161991112,2026-02-24 05:45:00+05:30
64821.97916222422,64986.5,64821.97916222422,64913.125,64513.18090856304,64666.79164889688,64986.5,64508.0,20.036144915983662,2026-02-24 05:50:00+05:30
64867.55208111211,64871.5,64773.0,64835.125,64513.18090856304,64666.79164889688,64986.5,64508.0,19.583669443869137,2026-02-24 05:55:00+05:30
64851.338540556055,64866.0,64800.0,64842.75,64513.18090856304,64666.79164889688,64986.5,64508.0,19.16351364833422,2026-02-24 06:00:00+05:30
64847.04427027803,64942.5,64842.5,64890.625,64513.18090856304,64773.0,64986.5,64508.0,19.430821932101303,2026-02-24 06:05:00+05:30
64868.834635139014,64966.5,64868.834635139014,64918.875,64533.334350831225,64800.0,64986.5,64508.0,19.870569496168184,2026-02-24 06:10:00+05:30
64893.8548175695,64953.0,64878.0,64918.5,64553.9288856529,64800.0,64986.5,64508.0,20.278906519944574,2026-02-24 06:15:00+05:30
64906.17740878475,64985.0,64906.17740878475,64948.0,64601.88949585975,64868.834635139014,64986.5,64508.0,20.92936104113664,2026-02-24 06:20:00+05:30
64927.08870439237,64935.5,64849.0,64908.125,64601.88949585975,64868.834635139014,64986.5,64508.0,20.706868485170446,2026-02-24 06:25:00+05:30
64917.606852196186,64917.606852196186,64710.0,64825.25,64601.88949585975,64985.0,64986.5,64508.0,19.55182669236346,2026-02-24 06:30:00+05:30
64871.42842609809,64871.42842609809,64596.0,64682.375,64601.88949585975,64935.5,64986.5,64508.0,19.457875234454225,2026-02-24 06:35:00+05:30
64776.90171304905,64776.90171304905,64217.0,64433.625,65115.694583748416,64917.606852196186,64986.5,64217.0,21.35292102636548,2026-02-24 06:40:00+05:30
64605.26335652452,64605.26335652452,64059.5,64205.125,65096.632025821826,64871.42842609809,64986.5,64059.5,23.621355790981184,2026-02-24 06:45:00+05:30
