time,HA_open,HA_high,HA_low,HA_close,trendline,ATR,ATR_MA
2026-01-25 14:15:00+05:30,88275.75,88317.0,88092.5,88240.25,88240.25,,
2026-01-25 14:30:00+05:30,88258.0,88371.0,88202.0,88291.375,88240.25,,
2026-01-25 14:45:00+05:30,88274.6875,88445.5,88274.6875,88376.5,88240.25,,
2026-01-25 15:00:00+05:30,88325.59375,88463.0,88314.5,88414.125,88240.25,,
2026-01-25 15:15:00+05:30,88369.859375,88457.5,88341.0,88406.5,88240.25,,
2026-01-25 15:30:00+05:30,88388.1796875,88501.0,88370.0,88424.25,88240.25,,
2026-01-25 15:45:00+05:30,88406.21484375,88608.5,88406.21484375,88529.625,88240.25,,
2026-01-25 16:00:00+05:30,88467.919921875,88613.0,88467.919921875,88577.625,88240.25,,
2026-01-25 16:15:00+05:30,88522.7724609375,88651.0,88512.0,88595.0,88240.25,,
2026-01-25 16:30:00+05:30,88558.88623046875,88625.5,88539.5,88591.375,88240.25,,
2026-01-25 16:45:00+05:30,88575.13061523438,88642.0,88571.0,88607.25,88240.25,,
2026-01-25 17:00:00+05:30,88591.19030761719,88682.5,88560.0,88614.125,88240.25,,
2026-01-25 17:15:00+05:30,88602.6576538086,88602.6576538086,88497.5,88551.875,88240.25,,
2026-01-25 17:30:00+05:30,88577.2663269043,88628.0,88408.5,88545.25,88240.25,,
2026-01-25 17:45:00+05:30,88561.25816345215,88744.0,88506.0,88629.625,88240.25,150.7925926457473,
2026-01-25 18:00:00+05:30,88595.44158172607,88726.0,88595.44158172607,88685.875,88240.25,148.63856371888082,
2026-01-25 18:15:00+05:30,88640.65829086304,88769.0,88640.65829086304,88730.375,88240.25,146.55098266821054,
2026-01-25 18:30:00+05:30,88685.51664543152,88828.5,88685.51664543152,88754.125,88240.25,146.19522276056375,
2026-01-25 18:45:00+05:30,88719.82082271576,88807.0,88657.0,88710.0,88240.25,146.56419264193545,
2026-01-25 19:00:00+05:30,88714.91041135788,88824.5,88619.0,88728.75,88240.25,152.13714606459823,
2026-01-25 19:15:00+05:30,88721.83020567894,88953.0,88721.83020567894,88862.0,88240.25,159.44149319271662,
2026-01-25 19:30:00+05:30,88791.91510283947,88908.0,88776.0,88854.625,88240.25,156.9574467774145,
2026-01-25 19:45:00+05:30,88823.27005141973,88902.5,88588.5,88757.25,88240.25,170.90684609694046,
2026-01-25 20:00:00+05:30,88790.26002570987,88790.26002570987,88588.5,88662.875,88240.25,173.60053613983783,
2026-01-25 20:15:00+05:30,88726.56751285493,88726.56751285493,88591.0,88653.625,88240.25,170.33189741079948,
2026-01-25 20:30:00+05:30,88690.09625642747,88738.0,88646.5,88693.625,88240.25,163.6538391980927,
2026-01-25 20:45:00+05:30,88691.86062821373,88725.5,88592.0,88687.125,88240.25,161.1329159671248,
2026-01-25 21:00:00+05:30,88689.49281410687,88715.0,88632.5,88679.5,88240.25,154.6381063236027,
2026-01-25 21:15:00+05:30,88684.49640705343,88684.49640705343,88329.0,88513.75,88240.25,171.04508111132435,
2026-01-25 21:30:00+05:30,88599.12320352672,88599.12320352672,87846.5,88138.5,88240.25,218.068635679397,
2026-01-25 21:45:00+05:30,88368.81160176336,88368.81160176336,87520.0,87879.375,88240.25,268.5911665245147,
2026-01-25 22:00:00+05:30,88124.09330088168,88129.5,87713.5,87941.25,88240.25,280.2971109689203,
2026-01-25 22:15:00+05:30,88032.67165044084,88096.0,87769.5,87957.625,88240.25,283.93709049078234,
2026-01-25 22:30:00+05:30,87995.14832522042,88078.0,87811.5,87944.25,88240.25,282.5733813835697,
2026-01-25 22:45:00+05:30,87969.69916261021,87994.5,87726.0,87852.875,88240.25,281.4801499453274,189.8825903671572
2026-01-25 23:00:00+05:30,87911.28708130511,87973.5,87739.0,87884.0,88240.25,277.853370036391,195.93310357623545
2026-01-25 23:15:00+05:30,87897.64354065256,87973.5,87788.0,87897.25,88240.25,270.76476038133706,201.74863675063816
2026-01-25 23:30:00+05:30,87897.44677032628,87960.0,87478.0,87739.125,88240.25,286.8922756273628,208.4315554629787
2026-01-25 23:45:00+05:30,87818.28588516315,87866.5,87372.0,87603.625,88240.25,302.6652317286653,215.88250827098355
2026-01-26 00:00:00+05:30,87710.95544258157,87710.95544258157,86785.5,87221.875,88240.25,349.7674580705326,225.55885424377388
2026-01-26 00:15:00+05:30,87466.41522129078,87466.41522129078,86972.0,87208.125,88240.25,360.6615271875868,235.48858667820193
2026-01-26 00:30:00+05:30,87337.27011064539,87477.5,87186.5,87323.5,88240.25,355.43531494440873,244.8216258092349
2026-01-26 00:45:00+05:30,87330.3850553227,87330.3850553227,86378.5,86840.0,88240.25,400.0224627622456,256.3961503799411
2026-01-26 01:00:00+05:30,87085.19252766135,87085.19252766135,86243.5,86538.125,88240.25,432.92973464759956,268.87343078711535
2026-01-26 01:15:00+05:30,86811.65876383067,86811.65876383067,86151.5,86492.75,88240.25,449.80781582599474,282.0261583912181
2026-01-26 01:30:00+05:30,86652.20438191533,86689.5,86339.5,86476.5,88240.25,442.4153700346051,294.9825142304469
2026-01-26 01:45:00+05:30,86564.35219095767,86564.35219095767,86229.5,86397.0,88240.25,434.469472399041,307.8784967638254
2026-01-26 02:00:00+05:30,86480.67609547883,86490.0,86200.0,86365.125,88240.25,423.8232486768322,320.3875602261925
2026-01-26 02:15:00+05:30,86422.90054773941,86630.0,86234.0,86450.125,88240.25,421.7775318516344,333.1084852513368
2026-01-26 02:30:00+05:30,86436.5127738697,86907.5,86436.5127738697,86758.625,88240.25,425.3881257020864,345.2200588032779
2026-01-26 02:45:00+05:30,86597.56888693485,86975.5,86597.56888693485,86900.25,88240.25,421.91288139057735,354.9269276466674
2026-01-26 03:00:00+05:30,86748.90944346742,86945.0,86361.0,86686.375,88240.25,433.7610738170191,362.7921613272628
2026-01-26 03:15:00+05:30,86717.64222173371,86717.64222173371,86453.0,86530.75,88240.25,421.4194774547485,369.51227401706416
2026-01-26 03:30:00+05:30,86624.19611086685,86624.19611086685,86307.5,86472.625,88240.25,413.789004715223,375.6956985039423
2026-01-26 03:45:00+05:30,86548.41055543342,86548.41055543342,86217.0,86377.25,88240.25,407.79525110687115,381.6586446812424
2026-01-26 04:00:00+05:30,86462.83027771671,86663.0,86152.0,86433.0,88240.25,415.29432523331644,388.03074826638465
2026-01-26 04:15:00+05:30,86447.91513885836,86617.5,86258.0,86495.5,88240.25,411.2451869501206,394.38273954799087
2026-01-26 04:30:00+05:30,86471.70756942919,86556.0,86035.0,86355.875,86556.0,419.20127534395033,401.4511450224011
2026-01-26 04:45:00+05:30,86413.79128471459,86721.5,86208.5,86433.375,86556.0,425.99350530009906,408.0750131020552
2026-01-26 05:00:00+05:30,86423.5831423573,86569.0,86236.5,86417.0,86556.0,419.2300340594198,413.6257179749482
2026-01-26 05:15:00+05:30,86420.29157117865,86770.0,86420.29157117865,86565.25,86556.0,414.4432169571795,416.70551601716954
2026-01-26 05:30:00+05:30,86492.77078558932,87061.5,86492.77078558932,86838.5,86556.0,425.5848962457829,419.7971050199407
2026-01-26 05:45:00+05:30,86665.63539279466,87160.0,86665.63539279466,86950.5,86556.0,430.54788528451263,423.3738940837552
2026-01-26 06:00:00+05:30,86808.06769639734,86845.0,86576.5,86710.375,86556.0,426.470490378367,424.6333239702372
2026-01-26 06:15:00+05:30,86759.22134819867,86952.5,86471.5,86711.625,86556.0,430.3996914697878,424.5128457236747
2026-01-26 06:30:00+05:30,86735.42317409933,87432.5,86735.42317409933,87070.0,86556.0,451.3171685202925,424.5847196614984
2026-01-26 06:45:00+05:30,86902.71158704966,87757.5,86902.71158704966,87469.0,86556.0,480.3547008513654,426.39135446229653
2026-01-26 07:00:00+05:30,87185.85579352482,87741.5,87185.85579352482,87647.75,86556.0,485.7703036441307,428.8342511882532
2026-01-26 07:15:00+05:30,87416.80289676241,87800.0,87416.80289676241,87652.25,86556.0,478.3958748579814,431.43294767306975
2026-01-26 07:30:00+05:30,87534.5264483812,87679.0,87408.0,87563.375,86556.0,463.4922340176728,433.4193620619287
2026-01-26 07:45:00+05:30,87548.9507241906,87910.0,87472.0,87684.125,86556.0,461.6611323025957,435.14664809052454
2026-01-26 08:00:00+05:30,87616.5378620953,87931.0,87585.0,87744.375,86556.0,453.3565498363791,436.64396563556267
2026-01-26 08:15:00+05:30,87680.45643104764,87680.45643104764,87465.0,87561.5,86556.0,440.8691547219355,436.98244567865396
2026-01-26 08:30:00+05:30,87620.97821552382,87653.0,87445.5,87538.5,86556.0,424.1250469208442,437.1112823198966
2026-01-26 08:45:00+05:30,87579.73910776191,87579.73910776191,87396.5,87474.875,86556.0,406.8471580457687,436.78071819277966
2026-01-26 09:00:00+05:30,87527.30705388096,87527.30705388096,87251.0,87354.5,86556.0,397.4867702616372,436.2898381525304
2026-01-26 09:15:00+05:30,87440.90352694047,87440.90352694047,87040.5,87235.75,86556.0,397.695858700709,435.45181593669196
2026-01-26 09:30:00+05:30,87338.32676347024,87499.0,87197.5,87339.75,86556.0,390.8018038515794,434.4783215034281
2026-01-26 09:45:00+05:30,87339.03838173512,87830.0,87339.03838173512,87621.5,86556.0,397.97823290843087,433.46770043506996
2026-01-26 10:00:00+05:30,87480.26919086756,87917.5,87480.26919086756,87796.875,86556.0,400.79004950301896,432.26753587330427
2026-01-26 10:15:00+05:30,87638.57209543377,87824.5,87638.57209543377,87733.125,86556.0,385.4017882548251,430.65666702546645
2026-01-26 10:30:00+05:30,87685.84854771689,87779.0,87625.5,87693.0,86556.0,368.7963268465285,428.483005591626
2026-01-26 10:45:00+05:30,87689.42427385844,87830.5,87652.5,87741.25,86556.0,355.1366635692392,425.128327845124
2026-01-26 11:00:00+05:30,87715.33713692921,87878.5,87715.33713692921,87803.625,86556.0,341.39495975426786,420.88295043892174
2026-01-26 11:15:00+05:30,87759.4810684646,87918.0,87730.0,87807.375,86556.0,330.41644839937635,416.3089484399222
2026-01-26 11:30:00+05:30,87783.4280342323,87883.5,87717.0,87775.75,86556.0,318.686573310142,410.9892761466057
2026-01-26 11:45:00+05:30,87779.58901711614,87953.5,87718.0,87823.125,86556.0,312.7345177779891,404.39010230173415
2026-01-26 12:00:00+05:30,87801.35700855807,87951.0,87801.35700855807,87899.625,86556.0,301.0666335613868,395.8525752879257
2026-01-26 12:15:00+05:30,87850.49100427903,88008.0,87826.0,87920.125,86556.0,292.54934118348706,386.651577075514
2026-01-26 12:30:00+05:30,87885.30800213951,87988.0,87804.0,87922.75,86556.0,284.78520826044655,377.43202152325046
2026-01-26 12:45:00+05:30,87904.02900106975,88055.5,87739.0,87886.5,86556.0,287.05342834797074,369.030173634217
2026-01-26 13:00:00+05:30,87895.26450053487,87998.5,87674.0,87833.375,86556.0,289.73133839648364,360.84304059106887
2026-01-26 13:15:00+05:30,87864.31975026743,88025.5,87834.0,87933.625,86556.0,282.7518216351422,352.71900591481943
2026-01-26 13:30:00+05:30,87898.97237513372,88151.0,87881.0,87974.75,86556.0,281.8400510214129,345.14619145288987
2026-01-26 13:45:00+05:30,87936.86118756686,88369.5,87808.5,88057.5,86556.0,301.79887409823516,339.3211356041941
2026-01-26 14:00:00+05:30,87997.18059378343,88195.0,87997.18059378343,88095.375,86556.0,294.36525813702804,333.9648546561589
2026-01-26 14:15:00+05:30,88046.27779689172,88067.0,87942.0,87997.375,86556.0,284.2863278485439,328.5743573983925
2026-01-26 14:30:00+05:30,88021.82639844586,88021.82639844586,87713.0,87863.25,86556.0,286.0405148684966,323.2574362635253
2026-01-26 14:45:00+05:30,87942.53819922294,87942.53819922294,87691.0,87773.5,86556.0,283.5743342296623,318.15136628152925
2026-01-26 15:00:00+05:30,87858.01909961147,87858.01909961147,87641.5,87730.875,86556.0,278.7815535412478,312.475333930711
2026-01-26 15:15:00+05:30,87794.44704980573,87794.44704980573,87565.0,87680.875,86556.0,275.2555282705784,306.49749958630906
2026-01-26 15:30:00+05:30,87737.66102490286,87892.0,87628.5,87741.375,86556.0,274.41537593730857,301.212432333094
2026-01-26 15:45:00+05:30,87739.51801245143,87905.5,87739.51801245143,87838.375,86556.0,266.66609351491223,296.34908788873133
2026-01-26 16:00:00+05:30,87788.94650622571,87929.0,87788.94650622571,87872.0,86556.0,257.6179557581234,291.7053398977258
2026-01-26 16:15:00+05:30,87830.47325311285,87927.0,87830.47325311285,87877.875,86556.0,246.10626558057,287.1677830323116
2026-01-26 16:30:00+05:30,87854.17412655643,87951.0,87854.17412655643,87906.875,86556.0,235.43892730880026,282.64504393276036
2026-01-26 16:45:00+05:30,87880.52456327822,87952.5,87755.0,87852.75,86556.0,232.72795305969484,278.5517763017867
2026-01-26 17:00:00+05:30,87866.63728163911,87866.63728163911,87729.5,87790.875,86556.0,225.8975893874945,274.4166844736679
2026-01-26 17:15:00+05:30,87828.75614081955,87829.0,87770.5,87809.25,86556.0,213.9366209217677,270.26763625273367
2026-01-26 17:30:00+05:30,87819.00307040977,87944.0,87708.5,87829.75,86556.0,215.47734046636668,266.59754098048984
2026-01-26 17:45:00+05:30,87824.37653520488,87909.0,87809.5,87854.5,86556.0,207.19085660442028,262.90257185401236
2026-01-26 18:00:00+05:30,87839.43826760244,87863.0,87701.5,87787.875,86556.0,203.92635037971792,258.94413956980986
2026-01-26 18:15:00+05:30,87813.65663380122,87813.65663380122,87734.0,87762.75,86556.0,195.04773577248253,254.43539658771456
2026-01-26 18:30:00+05:30,87788.20331690062,87842.5,87660.0,87770.5,86556.0,194.1512620754917,250.21632232296932
2026-01-26 18:45:00+05:30,87779.35165845031,87915.0,87775.0,87839.625,86556.0,190.6039833071231,245.87174766990788
2026-01-26 19:00:00+05:30,87809.48832922516,88019.5,87809.48832922516,87922.75,86556.0,191.9905225607546,240.64277854907553
2026-01-26 19:15:00+05:30,87866.11916461258,87984.0,87866.11916461258,87942.375,86556.0,186.69599533042262,235.51567079638002
2026-01-26 19:30:00+05:30,87904.24708230629,87985.5,87620.0,87797.875,86556.0,199.469901319927,231.47679334263634
2026-01-26 19:45:00+05:30,87851.06104115315,87851.06104115315,87607.5,87682.0,86556.0,202.61977021526587,227.50437693057773
2026-01-26 20:00:00+05:30,87766.53052057658,88471.5,87421.0,87914.75,86556.0,263.19160346984575,226.5337707039198
2026-01-26 20:15:00+05:30,87840.64026028829,88272.0,87793.0,88080.875,86556.0,278.6086065071522,226.52553513086764
2026-01-26 20:30:00+05:30,87960.75763014414,88815.0,87960.75763014414,88412.5,86556.0,319.73054866502565,228.64339324488893
2026-01-26 20:45:00+05:30,88186.62881507206,88838.0,88186.62881507206,88574.125,86556.0,343.42197136071184,231.92942159838432
2026-01-26 21:00:00+05:30,88380.37690753603,88470.0,87364.5,87938.0,86556.0,405.30042118895,238.531056249529
2026-01-26 21:15:00+05:30,88159.18845376802,88159.18845376802,87298.0,87514.625,86556.0,437.86717771623,247.11435253324834
2026-01-26 21:30:00+05:30,87836.90672688402,87836.90672688402,87257.5,87504.75,86556.0,447.9781042642756,256.7272972324724
2026-01-26 21:45:00+05:30,87670.82836344201,87934.5,87173.0,87541.625,86556.0,470.3744973930997,267.9147053317248
2026-01-26 22:00:00+05:30,87606.226681721,87766.0,87375.5,87563.5,86556.0,464.66870964087866,278.9595032641621
2026-01-26 22:15:00+05:30,87584.8633408605,87896.5,87383.5,87575.75,86556.0,468.12120678272595,290.4939612353636
2026-01-26 22:30:00+05:30,87580.30667043025,87764.5,87378.0,87533.375,86556.0,462.290709546466,302.32034640796826
2026-01-26 22:45:00+05:30,87556.84083521512,87556.84083521512,87169.0,87367.75,86556.0,456.97251323865777,313.82011653998217
2026-01-26 23:00:00+05:30,87462.29541760756,87575.0,86995.0,87361.5,87575.0,465.76072506829485,326.13296741921425
2026-01-26 23:15:00+05:30,87411.89770880378,87721.0,87411.89770880378,87593.625,87575.0,458.1702448366784,338.23981953621234
2026-01-26 23:30:00+05:30,87502.76135440188,87838.0,87502.76135440188,87736.875,87575.0,449.3889560679709,350.3513062169499
2026-01-26 23:45:00+05:30,87619.81817720094,88089.5,87619.81817720094,87916.625,87575.0,450.8385170974495,362.57450883704314
2026-01-27 00:00:00+05:30,87768.22158860047,88312.5,87768.22158860047,88075.5,87575.0,457.51309690378883,375.2844666273606
2026-01-27 00:15:00+05:30,87921.86079430024,88381.5,87895.5,88156.125,87575.0,459.5479610886317,388.02529703344993
2026-01-27 00:30:00+05:30,88038.99289715012,88505.5,88038.99289715012,88372.25,87575.0,460.04506201360095,401.04191925645847
2026-01-27 00:45:00+05:30,88205.62144857505,88386.0,88073.0,88234.625,87575.0,449.54146323864603,412.9500888716355
2026-01-27 01:00:00+05:30,88220.12322428753,88303.5,88063.5,88180.125,87575.0,434.5737129599356,423.9955147166197
2026-01-27 01:15:00+05:30,88200.12411214376,88236.0,87913.5,88083.375,87575.0,426.5681979823485,431.7753525505485
2026-01-27 01:30:00+05:30,88141.74955607188,88141.74955607188,87881.0,87959.0,87575.0,414.72366612956097,438.25702205637754
2026-01-27 01:45:00+05:30,88050.37477803594,88050.37477803594,87776.5,87876.5,87575.0,404.66276061323794,442.30141310153044
2026-01-27 02:00:00+05:30,87963.43738901797,87963.43738901797,87738.5,87812.375,87575.0,391.8249133828872,444.60631510258645
2026-01-27 02:15:00+05:30,87887.90619450898,87887.90619450898,87515.0,87677.375,87575.0,390.47354497466523,443.9002733780967
2026-01-27 02:30:00+05:30,87782.64059725449,87810.0,87545.5,87692.375,87575.0,381.4752408069226,441.214943049082
2026-01-27 02:45:00+05:30,87737.50779862725,87906.0,87724.5,87836.125,87575.0,369.48569809784726,437.4772094221093
2026-01-27 03:00:00+05:30,87786.81639931363,88208.5,87786.81639931363,88017.875,87575.0,373.2141889557088,432.85052806794783
2026-01-27 03:15:00+05:30,87902.34569965681,88128.0,87902.34569965681,88058.0,87575.0,362.67401514512704,427.9936378538644
2026-01-27 03:30:00+05:30,87980.1728498284,88125.0,87980.1728498284,88058.5,87575.0,347.1132756103168,422.23135541708297
2026-01-27 03:45:00+05:30,88019.3364249142,88106.5,87961.0,88050.125,87575.0,332.71211321379604,416.0609460679083
2026-01-27 04:00:00+05:30,88034.7307124571,88245.5,88027.5,88101.25,87575.0,324.5182777055821,409.75360151871416
2026-01-27 04:15:00+05:30,88067.99035622855,88222.0,88067.99035622855,88120.875,87575.0,312.3389334138178,402.44780191612
2026-01-27 04:30:00+05:30,88094.43267811427,88160.0,87992.5,88100.875,87575.0,301.99317214255984,395.01079845449533
2026-01-27 04:45:00+05:30,88097.65383905714,88432.5,88097.65383905714,88279.875,87575.0,304.3398401421399,388.1036976961224
2026-01-27 05:00:00+05:30,88188.76441952857,88639.0,88188.76441952857,88505.625,87575.0,314.7610714290395,381.62381933096003
2026-01-27 05:15:00+05:30,88347.19470976428,88535.5,88308.5,88419.125,87575.0,308.49236371576296,374.527593941054
2026-01-27 05:30:00+05:30,88383.15985488213,88383.15985488213,88168.5,88263.5,87575.0,304.3589440072686,367.1376407467034
2026-01-27 05:45:00+05:30,88323.32992744107,88440.5,88188.5,88302.375,87575.0,300.618988696554,359.5459229697012
2026-01-27 06:00:00+05:30,88312.85246372054,88368.5,88231.0,88309.75,87575.0,288.9675434378736,351.8995458363311
2026-01-27 06:15:00+05:30,88311.30123186027,88375.0,88214.0,88296.25,87575.0,279.82693984318087,344.53065187839036
2026-01-27 06:30:00+05:30,88303.77561593014,88318.5,88171.0,88262.375,87575.0,270.37495336885644,337.09287832536694
2026-01-27 06:45:00+05:30,88283.07530796507,88435.5,88214.0,88326.0,87575.0,266.88386393855575,330.05288774484285
2026-01-27 07:00:00+05:30,88304.53765398254,88708.0,88304.53765398254,88529.875,87575.0,276.6395251558843,323.9565431992546
2026-01-27 07:15:00+05:30,88417.20632699126,88673.5,88417.20632699126,88573.0,87575.0,275.1862423454565,318.4023207689008
2026-01-27 07:30:00+05:30,88495.10316349563,88767.0,88495.10316349563,88625.875,87575.0,274.95128363585286,312.90126070514776
2026-01-27 07:45:00+05:30,88560.48908174782,88709.5,88519.0,88606.0,87575.0,268.9190216858799,307.54144074700287
2026-01-27 08:00:00+05:30,88583.24454087391,88789.0,88547.0,88647.375,87575.0,266.99622631129375,302.66098970954795
2026-01-27 08:15:00+05:30,88615.30977043696,88832.5,88615.30977043696,88756.0,87575.0,263.4386411792995,297.43358267257605
2026-01-27 08:30:00+05:30,88685.65488521848,88873.0,88543.5,88699.75,87575.0,268.15732683013874,292.93278799090996
2026-01-27 08:45:00+05:30,88692.70244260924,88707.0,88560.0,88641.375,87575.0,259.50320282668355,288.7608797631179
2026-01-27 09:00:00+05:30,88667.03872130462,88798.0,88647.5,88730.75,87575.0,252.15473672055847,284.9248142158209
2026-01-27 09:15:00+05:30,88698.89436065231,88778.5,88684.0,88746.75,87575.0,240.89365130212698,280.9426891489897
2026-01-27 09:30:00+05:30,88722.82218032615,88987.0,88652.0,88791.625,87575.0,247.61555152979673,277.8606233449887
2026-01-27 09:45:00+05:30,88757.22359016308,88858.5,88730.0,88791.0,88730.0,239.1072764839141,274.8660568850532
2026-01-27 10:00:00+05:30,88774.11179508154,88809.0,88640.5,88725.0,88730.0,234.0638878323271,271.5195829655383
2026-01-27 10:15:00+05:30,88749.55589754076,88749.55589754076,88471.5,88582.0,88730.0,237.20618104372983,267.8264929471902
2026-01-27 10:30:00+05:30,88665.77794877038,88665.77794877038,88391.5,88479.625,88730.0,239.85416977664306,264.5580075215178
2026-01-27 10:45:00+05:30,88572.70147438519,88572.70147438519,88359.5,88429.25,88730.0,237.95040226592377,261.39569601002523
2026-01-27 11:00:00+05:30,88500.9757371926,88518.5,88456.5,88473.375,88730.0,227.32892654813082,257.9056930505765
2026-01-27 11:15:00+05:30,88487.1753685963,88534.0,88380.0,88451.25,88730.0,222.0911376489045,254.72110229872084
2026-01-27 11:30:00+05:30,88469.21268429815,88502.5,88400.5,88452.375,88730.0,213.5131864234081,251.5633045168269
2026-01-27 11:45:00+05:30,88460.79384214908,88473.0,88362.0,88418.5,88730.0,206.19080580117196,248.50691653741336
2026-01-27 12:00:00+05:30,88439.64692107454,88439.64692107454,88260.0,88313.75,88730.0,204.29481159132877,245.5264854732597
2026-01-27 12:15:00+05:30,88376.69846053727,88376.69846053727,88248.0,88283.25,88730.0,198.89506576795824,241.8243683595489
2026-01-27 12:30:00+05:30,88329.97423026864,88485.0,88299.0,88388.875,88730.0,199.09898986829756,238.20116586063656
2026-01-27 12:45:00+05:30,88359.42461513431,88489.0,88359.42461513431,88459.125,88730.0,194.1330129578723,234.35267678073276
2026-01-27 13:00:00+05:30,88409.27480756716,88529.0,88409.27480756716,88466.75,88730.0,188.818163541873,230.5383502024467
2026-01-27 13:15:00+05:30,88438.01240378358,88438.01240378358,88286.5,88356.25,88730.0,188.20615131575832,226.78644186932598
2026-01-27 13:30:00+05:30,88397.13120189178,88397.13120189178,88271.0,88317.5,88730.0,183.77222269350958,222.99280289381218
2026-01-27 13:45:00+05:30,88357.31560094589,88375.0,88183.5,88274.0,88730.0,184.32420721031437,219.00074957858246
2026-01-27 14:00:00+05:30,88315.65780047295,88315.65780047295,88165.0,88211.625,88730.0,181.91946215878482,215.30628573725394
2026-01-27 14:15:00+05:30,88263.64140023648,88263.64140023648,88092.5,88159.625,88730.0,181.14960008362905,211.925088754543
2026-01-27 14:30:00+05:30,88211.63320011823,88211.63320011823,87966.0,88059.25,88730.0,185.75557434396302,209.2994660422495
2026-01-27 14:45:00+05:30,88135.44160005912,88135.44160005912,87946.0,87983.625,88730.0,186.01886204522182,206.36629035250783
2026-01-27 15:00:00+05:30,88059.53330002955,88059.53330002955,87885.5,87967.875,88730.0,185.16275001923648,203.79750337799936
2026-01-27 15:15:00+05:30,88013.70415001478,88032.0,87836.0,87932.625,88730.0,185.9368396842859,201.5057391804736
2026-01-27 15:30:00+05:30,87973.1645750074,88025.5,87851.0,87927.5,88730.0,185.11992219090524,199.02544113986292
2026-01-27 15:45:00+05:30,87950.3322875037,88030.5,87950.3322875037,87980.5,88730.0,179.2542109755391,196.1397288160008
2026-01-27 16:00:00+05:30,87965.41614375185,87965.41614375185,87787.5,87877.125,88730.0,180.2360534353398,193.3914264907349
2026-01-27 16:15:00+05:30,87921.27057187592,87921.27057187592,87730.5,87780.75,88730.0,180.98851931337643,191.18474043193706
2026-01-27 16:30:00+05:30,87851.01028593795,87883.5,87715.5,87808.375,88730.0,180.06076761884967,189.18329424002968
2026-01-27 16:45:00+05:30,87829.69264296898,87888.0,87773.5,87842.25,88730.0,175.3778541696541,187.36732603746998
2026-01-27 17:00:00+05:30,87835.97132148448,88032.0,87835.97132148448,87938.25,88730.0,176.8529134833375,185.97028354614454
2026-01-27 17:15:00+05:30,87887.11066074224,88074.0,87887.11066074224,88002.25,88730.0,177.56980123353713,184.6976640052973
2026-01-27 17:30:00+05:30,87944.68033037112,88073.5,87931.0,88006.875,88730.0,175.06481479880944,183.56289014962354
2026-01-27 17:45:00+05:30,87975.77766518557,88135.5,87975.77766518557,88056.75,88730.0,173.96892311447834,182.3662203042036
2026-01-27 18:00:00+05:30,88016.26383259278,88030.5,87967.0,87995.0,88730.0,167.9532844398189,181.11956656524868
2026-01-27 18:15:00+05:30,88005.63191629639,88009.0,87920.0,87964.125,88730.0,162.31376298289038,179.85745225291618
2026-01-27 18:30:00+05:30,87984.87845814819,87985.5,87870.5,87926.25,88730.0,158.93420784986213,178.46355018311158
2026-01-27 18:45:00+05:30,87955.5642290741,87955.5642290741,87763.5,87836.5,88730.0,161.30063834969928,177.39347473816824
2026-01-27 19:00:00+05:30,87896.03211453705,88050.5,87773.0,87906.0,88730.0,169.6005940963898,176.6923503041718
2026-01-27 19:15:00+05:30,87901.01605726853,88013.5,87842.0,87955.875,88730.0,169.73626596703392,176.11219810456464
2026-01-27 19:30:00+05:30,87928.44552863427,88275.0,87920.5,88104.25,88730.0,182.93367738223017,176.19715416640278
2026-01-27 19:45:00+05:30,88016.34776431714,88428.0,88016.34776431714,88269.5,88730.0,199.2707193775073,176.84073250133346
2026-01-27 20:00:00+05:30,88142.92388215856,88308.5,87638.5,87955.375,88730.0,232.89424346713665,179.07289352142465
2026-01-27 20:15:00+05:30,88049.14944107928,88049.14944107928,87630.0,87730.75,88730.0,246.19818763995784,181.97934293193518
2026-01-27 20:30:00+05:30,87889.94972053965,88173.5,87538.5,87847.0,88730.0,273.96974854654735,186.1713862110905
2026-01-27 20:45:00+05:30,87868.47486026982,87987.0,87590.5,87782.5,88730.0,282.7219102077031,190.8190999261761
2026-01-27 21:00:00+05:30,87825.4874301349,87836.5,87588.5,87673.625,88730.0,280.2417735424608,195.6280314769819
2026-01-27 21:15:00+05:30,87749.55621506745,88042.0,87671.0,87848.375,88730.0,286.72450454214163,200.69891010111536
2026-01-27 21:30:00+05:30,87798.96560753373,88692.5,87798.96560753373,88270.25,88730.0,330.06807130808795,207.7979363865778
2026-01-27 21:45:00+05:30,88034.60780376686,88583.5,88034.60780376686,88403.75,88730.0,345.69836706494556,215.68544112210614
2026-01-27 22:00:00+05:30,88219.17890188342,88784.5,88219.17890188342,88549.0,88730.0,361.38570604039836,224.5429578778559
2026-01-27 22:15:00+05:30,88384.08945094171,88798.5,88384.08945094171,88678.875,88730.0,365.17319506126466,233.5105903339477
2026-01-27 22:30:00+05:30,88531.48222547086,88670.0,87927.0,88297.75,88730.0,392.794754140667,243.75939761523955
2026-01-27 22:45:00+05:30,88414.61611273543,88414.61611273543,87563.5,87850.5,88730.0,425.53199578331794,255.68640623354946
2026-01-27 23:00:00+05:30,88132.5580563677,88132.5580563677,87288.0,87613.375,88730.0,455.46243016195814,269.09085895009616
2026-01-27 23:15:00+05:30,87872.96652818385,87872.96652818385,87276.0,87417.75,88730.0,465.5698661989669,283.2630771291032
2026-01-27 23:30:00+05:30,87645.35826409192,87856.5,87422.0,87611.5,87856.5,463.65416138880425,297.6126199103372
2026-01-27 23:45:00+05:30,87628.42913204596,87931.0,87628.42913204596,87765.875,87856.5,453.35743516772965,311.6327735921404
2026-01-28 00:00:00+05:30,87697.15206602297,87939.0,87697.15206602297,87823.125,87856.5,438.2496130987923,324.82082000876386
2026-01-28 00:15:00+05:30,87760.13853301149,88497.0,87760.13853301149,88093.75,87856.5,459.5790319617742,338.62931704997266
2026-01-28 00:30:00+05:30,87926.94426650574,88304.0,87926.94426650574,88196.25,87856.5,453.68451045584845,352.15066202563054
2026-01-28 00:45:00+05:30,88061.59713325287,88347.5,88061.59713325287,88226.25,87856.5,441.70010698110104,364.47287295891005
2026-01-28 01:00:00+05:30,88143.92356662644,88530.5,88138.5,88348.5,87856.5,438.15009924258106,375.84808152391355
2026-01-28 01:15:00+05:30,88246.21178331322,88501.0,88246.21178331322,88428.25,87856.5,425.0528215848165,384.9984900057078
2026-01-28 01:30:00+05:30,88337.23089165661,88722.0,88337.23089165661,88540.75,87856.5,422.17541342834284,393.37835790039287
2026-01-28 01:45:00+05:30,88438.9904458283,89179.5,88438.9904458283,88911.75,87856.5,444.91356683609126,401.5185397237044
2026-01-28 02:00:00+05:30,88675.37022291415,89127.0,88675.37022291415,88985.25,87856.5,445.39329614939226,409.26479619711824
2026-01-28 02:15:00+05:30,88830.31011145707,89478.5,88830.31011145707,89164.875,87856.5,459.8787673079251,417.8189387573784
2026-01-28 02:30:00+05:30,88997.59255572854,89493.5,88997.59255572854,89356.125,87856.5,462.452244278975,426.18692636389426
2026-01-28 02:45:00+05:30,89176.85877786427,89436.0,89176.85877786427,89305.875,87856.5,447.930028175368,431.79940050043143
2026-01-28 03:00:00+05:30,89241.36688893213,89263.5,89108.5,89191.125,87856.5,430.03324017822433,435.81534683915896
2026-01-28 03:15:00+05:30,89216.24594446606,89253.0,88978.0,89111.375,87856.5,418.9594371530288,438.55695308261767
2026-01-28 03:30:00+05:30,89163.81047223303,89199.5,89043.5,89099.875,87856.5,400.17661996889467,440.2237828401238
2026-01-28 03:45:00+05:30,89131.84273611652,89214.5,88982.5,89109.25,87856.5,388.16400411155087,440.00327093397544
2026-01-28 04:00:00+05:30,89120.54636805826,89403.0,89091.0,89231.75,87856.5,382.72371804248803,437.96478151774545
2026-01-28 04:15:00+05:30,89176.14818402912,89297.0,89176.14818402912,89249.375,87856.5,364.0185819851741,433.61031255694616
2026-01-28 04:30:00+05:30,89212.76159201456,89295.0,89108.5,89223.75,87856.5,351.33868314916685,428.17073241171767
2026-01-28 04:45:00+05:30,89218.25579600729,89496.5,89218.25579600729,89373.5,87856.5,346.11764887676117,422.5737556254297
2026-01-28 05:00:00+05:30,89295.87789800364,89487.5,89295.87789800364,89422.25,87856.5,335.08225257888125,416.9416040735799
2026-01-28 05:15:00+05:30,89359.06394900182,89466.5,89171.5,89309.75,87856.5,332.2192345153361,411.8925384267487
2026-01-28 05:30:00+05:30,89334.40697450092,89334.40697450092,89110.5,89202.75,87856.5,324.48264445861014,405.45937711707415
2026-01-28 05:45:00+05:30,89268.57848725046,89385.0,89132.0,89255.0,87856.5,319.3767412488631,399.06376905959866
2026-01-28 06:00:00+05:30,89261.78924362523,89283.0,89116.0,89213.0,87856.5,308.49268823495464,392.7205586431155
2026-01-28 06:15:00+05:30,89237.39462181262,89438.5,89176.0,89308.875,87856.5,305.20749619923646,386.38995849819435
2026-01-28 06:30:00+05:30,89273.13481090631,89455.0,89273.13481090631,89387.375,87856.5,296.39733135882886,380.26350658267114
2026-01-28 06:45:00+05:30,89330.25490545316,89464.0,89243.5,89337.875,87856.5,290.9760933776835,374.0159199135921
2026-01-28 07:00:00+05:30,89334.06495272658,89339.0,89161.5,89280.625,87856.5,282.87065809901424,366.2995909261123
2026-01-28 07:15:00+05:30,89307.3449763633,89449.0,89267.0,89354.375,87856.5,275.66561106106593,358.21732020762056
2026-01-28 07:30:00+05:30,89330.85998818165,89419.0,89225.0,89315.25,87856.5,269.83235310492086,349.1674909598584
2026-01-28 07:45:00+05:30,89323.05499409082,89347.0,89210.5,89276.375,87856.5,260.3086135622364,339.5416037828709
2026-01-28 08:00:00+05:30,89299.7149970454,89339.5,89115.0,89219.0,87856.5,257.7508554418723,330.48545270032344
2026-01-28 08:15:00+05:30,89259.3574985227,89259.5,89068.0,89175.25,87856.5,253.01865146666185,322.0561865712014
2026-01-28 08:30:00+05:30,89217.30374926135,89283.0,89029.5,89153.0,87856.5,253.05303350485917,314.1558816355743
2026-01-28 08:45:00+05:30,89185.15187463068,89185.15187463068,88963.5,89037.375,87856.5,250.81009357911358,307.0431899027276
2026-01-28 09:00:00+05:30,89111.26343731534,89131.0,88949.0,89040.125,87856.5,245.8950868823536,300.26847955848007
2026-01-28 09:15:00+05:30,89075.69421865768,89156.0,89045.5,89084.0,87856.5,236.60793779733015,293.31058526109166
2026-01-28 09:30:00+05:30,89079.84710932884,89137.0,88882.0,89005.25,87856.5,237.92165652898177,287.3059697631777
2026-01-28 09:45:00+05:30,89042.54855466442,89042.54855466442,88809.5,88893.125,87856.5,237.57357782365926,281.88858379529637
2026-01-28 10:00:00+05:30,88967.83677733221,89097.0,88862.5,88965.75,87856.5,237.3540365501244,276.70936416069463
2026-01-28 10:15:00+05:30,88966.7933886661,89004.5,88940.5,88969.75,87856.5,224.97160534616685,271.4660000067559
2026-01-28 10:30:00+05:30,88968.27169433306,89041.5,88887.5,88945.25,87856.5,219.90220495600812,266.11757002774027
2026-01-28 10:45:00+05:30,88956.76084716653,88956.76084716653,88808.5,88870.75,87856.5,214.78496510613232,260.8938710109556
2026-01-28 11:00:00+05:30,88913.75542358326,89003.5,88847.5,88892.75,87856.5,210.58603902120248,255.71336138106696
2026-01-28 11:15:00+05:30,88903.25271179163,89080.0,88863.0,88966.625,87856.5,211.04417909171642,251.07295618376992
2026-01-28 11:30:00+05:30,88934.93885589582,89257.0,88934.93885589582,89148.5,87856.5,218.97396231653323,246.96659742745072
2026-01-28 11:45:00+05:30,89041.71942794792,89256.0,89041.71942794792,89198.875,87856.5,218.63872015440845,243.26380641771644
2026-01-28 12:00:00+05:30,89120.29721397396,89319.0,89093.5,89185.625,87856.5,219.12881157246446,239.84250728413457
2026-01-28 12:15:00+05:30,89152.96110698697,89372.0,89117.5,89235.375,87856.5,221.65532503403344,236.92749142389735
2026-01-28 12:30:00+05:30,89194.16805349349,89328.0,89166.5,89246.625,87856.5,217.35851609914732,234.15096309237748
2026-01-28 12:45:00+05:30,89220.39652674674,89266.0,89170.0,89220.125,87856.5,208.6900506562185,231.23942488053447
2026-01-28 13:00:00+05:30,89220.26076337337,89248.0,89135.5,89215.125,87856.5,201.81933274684815,228.45422103218266
2026-01-28 13:15:00+05:30,89217.69288168669,89261.0,89080.0,89171.25,87856.5,200.33223754956853,225.72000113254913
2026-01-28 13:30:00+05:30,89194.47144084334,89250.0,89092.5,89144.75,87856.5,197.27279200825774,223.0654363964347
2026-01-28 13:45:00+05:30,89169.61072042167,89169.61072042167,88984.5,89062.875,87856.5,196.40407260867352,220.36786682994963
2026-01-28 14:00:00+05:30,89116.24286021083,89116.24286021083,88975.5,89035.125,87856.5,192.42827172080936,217.58778007479228
2026-01-28 14:15:00+05:30,89075.68393010541,89075.68393010541,88860.5,88979.75,87856.5,194.05367589201273,215.11914145620466
2026-01-28 14:30:00+05:30,89027.7169650527,89027.7169650527,88841.5,88916.875,87856.5,193.49391083178264,213.06609255308334
2026-01-28 14:45:00+05:30,88972.29598252635,88998.5,88840.0,88934.25,87856.5,190.99434577121,210.8314587074751
2026-01-28 15:00:00+05:30,88953.27299126318,89439.0,88953.27299126318,89173.625,87856.5,213.40546394006356,209.68059614158963
2026-01-28 15:15:00+05:30,89063.4489956316,89551.5,89063.4489956316,89414.0,87856.5,233.02300254993514,209.47435642729488
2026-01-28 15:30:00+05:30,89238.7244978158,89600.5,89238.7244978158,89525.125,87856.5,242.21960967008448,210.29568996652904
2026-01-28 15:45:00+05:30,89381.9247489079,89692.0,89308.5,89468.875,87856.5,252.31106612570193,211.83896906984782
2026-01-28 16:00:00+05:30,89425.39987445396,89479.0,89319.0,89397.625,87856.5,245.7174185431829,213.3119430430407
2026-01-28 16:15:00+05:30,89411.51243722698,89490.5,89376.5,89428.875,87856.5,236.30903150158613,214.53684744686853
2026-01-28 16:30:00+05:30,89420.19371861349,89445.5,89290.5,89356.25,87856.5,230.5012435355833,215.46337432514787
2026-01-28 16:45:00+05:30,89388.22185930674,89437.0,89292.5,89367.25,87856.5,224.35829756718073,215.71977124184536
2026-01-28 17:00:00+05:30,89377.73592965337,89645.5,89335.0,89511.375,87856.5,230.5112763138472,216.28513105896153
2026-01-28 17:15:00+05:30,89444.55546482668,90131.5,89444.55546482668,89846.875,87856.5,263.11365195387486,218.37964726760006
2026-01-28 17:30:00+05:30,89645.71523241335,90146.5,89645.71523241335,89991.25,87856.5,280.09016021684425,221.16225846678157
2026-01-28 17:45:00+05:30,89818.48261620667,89960.5,89761.0,89864.625,87856.5,276.5301487721053,223.9799552607319
2026-01-28 18:00:00+05:30,89841.55380810334,89967.5,89775.0,89863.75,87856.5,270.52799528732095,226.92461929078448
2026-01-28 18:15:00+05:30,89852.65190405167,90005.5,89748.0,89898.125,87856.5,269.5974241952165,230.15214745499247
2026-01-28 18:30:00+05:30,89875.38845202583,90336.0,89875.38845202583,90091.375,87856.5,283.2412901815101,234.10019758032303
2026-01-28 18:45:00+05:30,89983.38172601291,90255.0,89983.38172601291,90127.375,87856.5,282.41107473893356,238.154401519879
2026-01-28 19:00:00+05:30,90055.37836300646,90451.5,90055.37836300646,90246.0,87856.5,290.53325775818894,242.63674366985592
2026-01-28 19:15:00+05:30,90150.68918150323,90421.5,90135.0,90289.125,90135.0,290.2451679182831,247.2946911078309
2026-01-28 19:30:00+05:30,90219.90709075161,90231.0,90101.5,90168.625,90135.0,282.9151559232881,251.5261901569392
2026-01-28 19:45:00+05:30,90194.26604537581,90194.26604537581,89892.0,90032.875,90135.0,284.2973623128999,255.85016403699245
2026-01-28 20:00:00+05:30,90113.5705226879,90113.5705226879,89599.0,89836.125,90135.0,300.7454451984384,261.0764068668604
2026-01-28 20:15:00+05:30,89974.84776134396,89974.84776134396,89414.5,89606.375,90135.0,319.2884677819463,266.1184546688549
2026-01-28 20:30:00+05:30,89790.61138067198,89822.0,89058.5,89383.75,90135.0,351.0178629430557,271.73725754471775
2026-01-28 20:45:00+05:30,89587.18069033598,89587.18069033598,88859.5,89118.0,90135.0,377.92235061608693,278.19929282786075
2026-01-28 21:00:00+05:30,89352.59034516799,89510.0,89186.5,89350.125,90135.0,378.92789700072535,284.22866572667135
2026-01-28 21:15:00+05:30,89351.357672584,89604.0,89280.5,89452.5,90135.0,374.96876150040606,290.3834915817772
2026-01-28 21:30:00+05:30,89401.928836292,89499.0,89215.5,89350.375,90135.0,368.4352785356815,296.67521763101985
2026-01-28 21:45:00+05:30,89376.151918146,89741.5,89219.0,89479.625,90135.0,379.43990149805956,303.76753467685205
2026-01-28 22:00:00+05:30,89427.888459073,89800.0,89427.5,89616.5,90135.0,378.94419424817136,311.12876785213734
2026-01-28 22:15:00+05:30,89522.1942295365,89728.0,89468.5,89577.625,90135.0,370.4124660871592,317.79072926991404
2026-01-28 22:30:00+05:30,89549.90961476826,89762.0,89549.90961476826,89652.125,90135.0,359.10374602553065,322.36168613046914
2026-01-28 22:45:00+05:30,89601.01730738413,89717.0,89523.5,89625.875,90135.0,347.2749070231948,325.56095978791444
2026-01-28 23:00:00+05:30,89613.44615369206,89958.0,89247.0,89640.875,90135.0,373.25527080829704,330.166917980114
2026-01-28 23:15:00+05:30,89627.16057684603,90598.0,89627.16057684603,90094.5,90135.0,415.9398531202961,337.0912921626366
2026-01-28 23:30:00+05:30,89860.83028842302,90159.0,89471.0,89892.5,90135.0,435.3727207552344,344.98535390358984
2026-01-28 23:45:00+05:30,89876.66514421151,89921.0,89679.5,89783.5,90135.0,421.52466927227186,351.5702767174357
2026-01-29 00:00:00+05:30,89830.08257210575,89830.08257210575,89536.0,89669.375,90135.0,412.42166233153375,357.761257078988
2026-01-29 00:15:00+05:30,89749.72878605287,89749.72878605287,89302.0,89514.125,90135.0,414.9435997402709,363.6855590781348
2026-01-29 00:30:00+05:30,89631.92689302644,89699.0,89050.0,89398.625,90135.0,431.66191404496817,370.4196898460722
2026-01-29 00:45:00+05:30,89515.27594651323,89606.5,89246.5,89394.125,90135.0,426.5432058987765,377.2591207972859
2026-01-29 01:00:00+05:30,89454.70047325661,89524.0,88982.5,89225.75,90135.0,434.7544054776178,384.42374190036776
2026-01-29 01:15:00+05:30,89340.2252366283,89576.0,89008.5,89246.625,90135.0,444.23623365798363,391.25663658891756
2026-01-29 01:30:00+05:30,89293.42511831416,89605.0,89293.42511831416,89461.375,90135.0,438.10328839658155,396.9144851896144
2026-01-29 01:45:00+05:30,89377.40005915708,89882.0,89377.40005915708,89658.75,90135.0,442.85304928569025,401.28758930116845
2026-01-29 02:00:00+05:30,89518.07502957854,89771.5,89109.0,89465.75,90135.0,458.5421171941145,405.12662580488404
2026-01-29 02:15:00+05:30,89491.91251478926,89491.91251478926,88973.0,89128.125,90135.0,462.854288450977,409.1231206358484
2026-01-29 02:30:00+05:30,89310.01875739463,89310.01875739463,88839.0,89091.75,90135.0,463.43746480410346,413.3359160312625
2026-01-29 02:45:00+05:30,89200.88437869732,89247.0,89109.5,89172.25,90135.0,441.4240744606619,416.81157298007116
2026-01-29 03:00:00+05:30,89186.56718934866,89458.5,89038.0,89259.0,90135.0,439.92949771345343,419.6920299427089
2026-01-29 03:15:00+05:30,89222.78359467433,89456.0,89222.78359467433,89377.25,90135.0,425.1642768284434,421.8929862560552
2026-01-29 03:30:00+05:30,89300.01679733716,89447.0,89224.5,89327.5,90135.0,410.6882570548298,423.81088106403956
2026-01-29 03:45:00+05:30,89313.75839866858,89313.75839866858,89101.5,89216.875,90135.0,397.4962386936408,425.6390950006163
2026-01-29 04:00:00+05:30,89265.31669933429,89271.5,89166.0,89230.75,90135.0,376.6393645010474,427.0374024995616
2026-01-29 04:15:00+05:30,89248.03334966715,89390.0,89241.0,89307.125,90135.0,361.1115527508409,426.4591302111113
2026-01-29 04:30:00+05:30,89277.57917483358,89431.0,89277.57917483358,89350.625,90135.0,346.2765007804086,423.1418277187357
2026-01-29 04:45:00+05:30,89314.10208741679,89441.0,89226.0,89309.625,90135.0,336.89960786745365,418.4526318669366
2026-01-29 05:00:00+05:30,89311.8635437084,89311.8635437084,89167.5,89253.0,90135.0,323.1470318559994,413.76798246616175
2026-01-29 05:15:00+05:30,89282.4317718542,89372.0,89197.0,89279.375,90135.0,312.5651010090756,409.0129081174733
2026-01-29 05:30:00+05:30,89280.9033859271,89317.0,89058.5,89176.75,90135.0,308.7033080798333,403.9538466098334
2026-01-29 05:45:00+05:30,89228.82669296354,89228.82669296354,88967.5,89038.375,90135.0,305.319264142937,397.93752994783193
2026-01-29 06:00:00+05:30,89133.60084648177,89133.60084648177,88936.0,89001.875,90135.0,297.6250914528149,391.79857211707184
2026-01-29 06:15:00+05:30,89067.73792324089,89130.5,88870.0,89015.5,90135.0,294.9732992061728,385.14232896128874
2026-01-29 06:30:00+05:30,89041.61896162044,89139.0,88982.5,89080.125,90135.0,285.0823492628317,377.5635725615196
2026-01-29 06:45:00+05:30,89060.87198081022,89078.0,88573.0,88884.375,90135.0,300.94253860126497,371.0321082855521
2026-01-29 07:00:00+05:30,88972.62349040511,88972.62349040511,88702.0,88794.375,90135.0,298.7768923015314,364.1713389053541
2026-01-29 07:15:00+05:30,88883.49924520255,88883.49924520255,88517.0,88690.375,90135.0,303.6142032230494,356.7938191924462
2026-01-29 07:30:00+05:30,88786.93712260127,88786.93712260127,88407.5,88592.25,90135.0,309.03012603579725,349.4688590774376
2026-01-29 07:45:00+05:30,88689.59356130063,88703.0,88532.5,88619.25,90135.0,299.1351170332106,341.6449377550142
2026-01-29 08:00:00+05:30,88654.42178065031,88654.42178065031,88011.0,88323.375,90135.0,323.7270215773581,336.0403161891426
2026-01-29 08:15:00+05:30,88488.89839032516,88488.89839032516,87659.5,87936.125,90135.0,359.8464050594378,332.2268355865704
2026-01-29 08:30:00+05:30,88212.51169516258,88228.5,87731.5,87968.875,90135.0,369.6430904123587,329.58296956675684
2026-01-29 08:45:00+05:30,88090.69334758128,88160.5,87948.5,88043.25,90135.0,358.3828696685936,327.09223683407896
2026-01-29 09:00:00+05:30,88066.97167379064,88093.0,87919.0,88027.125,90135.0,345.21266469223815,324.6025428340122
2026-01-29 09:15:00+05:30,88047.04833689533,88132.5,87938.0,88042.75,90135.0,334.44747435705756,322.59340520810787
2026-01-29 09:30:00+05:30,88044.89916844766,88062.0,87931.0,87989.625,90135.0,319.91551190295604,320.6316889772562
2026-01-29 09:45:00+05:30,88017.26208422382,88043.0,87871.5,87977.0,90135.0,309.3144039098702,318.8715891262782
2026-01-29 10:00:00+05:30,87997.13104211191,88219.0,87997.13104211191,88109.25,90135.0,304.50623220201487,317.32904742792397
2026-01-29 10:15:00+05:30,88053.19052105595,88318.0,88053.19052105595,88215.875,90135.0,301.6707498264419,316.3063673312784
2026-01-29 10:30:00+05:30,88134.53276052797,88385.0,88134.53276052797,88295.125,90135.0,298.01335622969304,315.6134271036887
2026-01-29 10:45:00+05:30,88214.82888026399,88320.0,88161.5,88235.75,90135.0,288.0481164989884,314.62984655221993
2026-01-29 11:00:00+05:30,88225.289440132,88341.0,88174.5,88245.125,90135.0,279.36610817762215,313.39398198244305
2026-01-29 11:15:00+05:30,88235.20722006599,88288.5,88114.5,88212.375,90135.0,271.8399575934983,312.1661184653327
2026-01-29 11:30:00+05:30,88223.791110033,88289.5,88141.5,88203.25,90135.0,262.9942463368111,310.6433064239345
2026-01-29 11:45:00+05:30,88213.5205550165,88280.5,88168.5,88232.5,90135.0,252.20894302702897,309.07790612699154
2026-01-29 12:00:00+05:30,88223.01027750825,88309.0,88223.01027750825,88275.0,90135.0,240.3361415602133,306.1918872202748
2026-01-29 12:15:00+05:30,88249.00513875412,88308.5,88226.5,88281.75,90135.0,229.02641716304626,302.8704360232041
2026-01-29 12:30:00+05:30,88265.37756937706,88361.5,88265.37756937706,88307.625,90135.0,219.53327526731752,298.8665823110264
2026-01-29 12:45:00+05:30,88286.50128468854,88316.5,88227.5,88271.375,90135.0,210.2094698910742,294.16083678032527
2026-01-29 13:00:00+05:30,88278.93814234427,88346.5,88221.0,88281.125,90135.0,204.15879347027936,289.6381547059
2026-01-29 13:15:00+05:30,88280.03157117213,88402.5,88259.0,88324.5,90135.0,199.826022508114,283.7381071311741
2026-01-29 13:30:00+05:30,88302.26578558606,88319.0,87915.5,88118.375,90135.0,214.76702090039973,276.8295650283627
2026-01-29 13:45:00+05:30,88210.32039279303,88445.5,87874.5,88165.0,90135.0,240.21223369324122,270.6661908988809
2026-01-29 14:00:00+05:30,88187.66019639652,88468.0,88064.5,88262.375,90135.0,251.8756455723009,265.594418322867
2026-01-29 14:15:00+05:30,88225.01759819826,88225.01759819826,87900.5,88053.0,90135.0,259.73274231714,261.5239458288147
2026-01-29 14:30:00+05:30,88139.00879909913,88139.00879909913,87958.5,88023.125,90135.0,254.073889230137,257.69663225134235
2026-01-29 14:45:00+05:30,88081.06689954957,88081.06689954957,87968.0,87996.25,90135.0,244.00196139580666,254.0817012748114
2026-01-29 15:00:00+05:30,88038.65844977478,88100.0,87935.0,88007.375,90135.0,238.3589641532471,250.7028708102103
2026-01-29 15:15:00+05:30,88023.01672488739,88023.01672488739,87858.5,87927.625,90135.0,233.08451849139854,247.3018368239905
2026-01-29 15:30:00+05:30,87975.3208624437,87975.3208624437,87808.5,87881.625,90135.0,228.35140020227547,243.81043922283965
2026-01-29 15:45:00+05:30,87928.47293122186,87965.0,87865.0,87913.875,90135.0,219.1834430449675,240.05663383309084
2026-01-29 16:00:00+05:30,87921.17396561093,87934.0,87876.0,87905.125,90135.0,207.67033997032397,236.2291206650592
2026-01-29 16:15:00+05:30,87913.14948280546,87978.0,87781.5,87894.125,90135.0,206.87245854387206,232.7770421110711
2026-01-29 16:30:00+05:30,87903.63724140273,88037.0,87814.5,87940.875,90135.0,207.9887115050243,229.73650658304854
2026-01-29 16:45:00+05:30,87922.25612070136,88009.0,87754.0,87879.0,90135.0,211.34666068323756,227.27709774240216
2026-01-29 17:00:00+05:30,87900.62806035069,87900.62806035069,87734.5,87786.25,90135.0,208.1167606594835,225.1774700106143
2026-01-29 17:15:00+05:30,87843.43903017534,87843.43903017534,87719.0,87777.5,90135.0,202.13977991061537,223.3585956463477
2026-01-29 17:30:00+05:30,87810.46951508767,88030.0,87783.5,87899.875,90135.0,205.73693848842916,222.24957285231835
2026-01-29 17:45:00+05:30,87855.17225754383,88071.0,87855.17225754383,87967.875,90135.0,206.45771020041056,221.62692689675134
2026-01-29 18:00:00+05:30,87911.52362877192,88044.0,87797.5,87927.75,90135.0,209.31787375752452,221.58446993801087
2026-01-29 18:15:00+05:30,87919.63681438596,88090.0,87919.63681438596,88023.0,90135.0,206.53539603298967,221.6976414886161
2026-01-29 18:30:00+05:30,87971.31840719297,88130.0,87971.31840719297,88090.0,90135.0,203.11726723113486,221.8543674278076
2026-01-29 18:45:00+05:30,88030.65920359649,88141.5,88030.65920359649,88105.75,90135.0,196.5260907434469,220.98575170604792
2026-01-29 19:00:00+05:30,88068.20460179824,88109.5,88023.5,88072.75,90135.0,188.631369976057,218.52952010046778
2026-01-29 19:15:00+05:30,88070.47730089912,88070.47730089912,87916.0,88012.75,90135.0,186.35412926348127,215.40944789528584
2026-01-29 19:30:00+05:30,88041.61365044955,88044.5,87914.0,87985.125,90135.0,182.36454860180368,211.72524819455555
2026-01-29 19:45:00+05:30,88013.36932522478,88034.5,87778.5,87892.25,90135.0,187.62422370167528,208.56097840748595
2026-01-29 20:00:00+05:30,87952.80966261239,87952.80966261239,87516.0,87718.75,90135.0,205.42318362387044,206.72389375167944
2026-01-29 20:15:00+05:30,87835.7798313062,87845.5,86971.0,87363.625,90135.0,253.2143847935975,207.4312947345533
2026-01-29 20:30:00+05:30,87599.7024156531,87599.7024156531,85288.0,86151.5,90135.0,400.24924414071467,215.3915197654731
2026-01-29 20:45:00+05:30,86875.60120782655,86875.60120782655,85187.5,85431.625,90135.0,492.2386701182801,227.9575802376638
2026-01-29 21:00:00+05:30,86153.61310391327,86153.61310391327,84407.5,85017.625,90135.0,581.8011296750707,245.22508912481157
2026-01-29 21:15:00+05:30,85585.61905195663,85585.61905195663,84343.0,84744.0,90135.0,629.0024098380418,265.2885210232743
2026-01-29 21:30:00+05:30,85164.80952597831,85164.80952597831,84408.0,84756.5,90135.0,638.1314895623474,285.82466535748745
2026-01-29 21:45:00+05:30,84960.65476298916,84960.65476298916,84458.0,84652.25,90135.0,628.4545805214049,305.8468495963627
2026-01-29 22:00:00+05:30,84806.45238149457,84806.45238149457,84250.0,84531.625,90135.0,623.3115663052022,325.4642260545515
2026-01-29 22:15:00+05:30,84669.03869074729,85374.0,84558.0,84945.75,90135.0,638.9589544262598,345.98052099582657
2026-01-29 22:30:00+05:30,84807.39434537364,85449.0,84807.39434537364,85237.125,90135.0,639.1480044405524,366.7904364496331
2026-01-29 22:45:00+05:30,85022.25967268682,85605.5,85000.0,85205.875,90135.0,636.7445755519415,387.3146096431336
2026-01-29 23:00:00+05:30,85114.0673363434,85120.0,84692.5,84918.875,90135.0,627.9324630125168,407.3848359675197
2026-01-29 23:15:00+05:30,85016.4711681717,85016.4711681717,83988.0,84488.75,90135.0,656.542370523888,428.6812405754417
2026-01-29 23:30:00+05:30,84752.61058408585,84752.61058408585,84196.5,84381.375,90135.0,649.3686714925994,449.7685394068517
2026-01-29 23:45:00+05:30,84566.99279204293,84566.99279204293,83665.5,84130.0,90135.0,667.3775372461952,471.8761713123308
2026-01-30 00:00:00+05:30,84348.49639602147,84348.49639602147,83553.5,83869.25,90135.0,676.4931700158577,494.7317465157789
2026-01-30 00:15:00+05:30,84108.87319801073,84108.87319801073,83366.0,83705.5,90135.0,681.2346005869198,518.1890432115343
2026-01-30 00:30:00+05:30,83907.18659900536,83907.18659900536,83345.5,83517.0,90135.0,672.6954576168084,541.3481540855022
2026-01-30 00:45:00+05:30,83712.09329950268,83920.0,83523.5,83714.25,90135.0,653.4314963584646,563.7799135024861
2026-01-30 01:00:00+05:30,83713.17164975134,84309.0,83713.17164975134,83998.625,90135.0,649.3169859220499,585.7652831320278
2026-01-30 01:15:00+05:30,83855.89832487567,84221.5,83855.89832487567,84078.125,90135.0,629.0516065793553,605.938065177527
2026-01-30 01:30:00+05:30,83967.01166243784,84083.5,83877.5,83961.125,90135.0,598.8336346808294,622.3961246959667
2026-01-30 01:45:00+05:30,83964.06833121892,84190.5,83889.5,83986.625,90135.0,577.5598036321984,630.8394846717516
2026-01-30 02:00:00+05:30,83975.34666560945,84129.5,83794.5,83994.125,90135.0,560.2341033727555,634.0773624457742
2026-01-30 02:15:00+05:30,83984.73583280473,84384.0,83984.73583280473,84157.75,90135.0,548.7362507886495,632.5028444035637
2026-01-30 02:30:00+05:30,84071.24291640236,84445.0,84071.24291640236,84303.375,90135.0,536.2377388464342,628.085479118249
2026-01-30 02:45:00+05:30,84187.30895820117,84390.0,84186.0,84327.0,90135.0,512.5064717859744,622.1033354146123
2026-01-30 03:00:00+05:30,84257.15447910059,84458.5,84257.15447910059,84381.5,90135.0,490.2806895797913,615.5236263221544
2026-01-30 03:15:00+05:30,84319.3272395503,84631.0,84319.3272395503,84488.875,90135.0,477.52298035621317,608.5813127055359
2026-01-30 03:30:00+05:30,84404.10111977515,84588.5,84279.0,84424.125,90135.0,465.52133890219784,600.3223786329615
2026-01-30 03:45:00+05:30,84414.11305988758,84439.5,84321.0,84373.625,90135.0,440.73410040918355,590.8740974886107
2026-01-30 04:00:00+05:30,84393.86902994379,84458.5,84359.0,84413.5,90135.0,416.36023609424166,580.3796051334821
2026-01-30 04:15:00+05:30,84403.68451497189,84562.0,84363.0,84471.5,90135.0,400.8345049446529,569.5654166540601
2026-01-30 04:30:00+05:30,84437.59225748594,84551.0,84408.0,84483.25,90135.0,382.41775459146334,556.5118635144207
2026-01-30 04:45:00+05:30,84460.42112874298,84651.0,84431.5,84520.625,90135.0,370.7807721206445,543.2457730681372
2026-01-30 05:00:00+05:30,84490.52306437149,84704.0,84490.52306437149,84616.125,90135.0,359.5447837997777,528.5870705230697
2026-01-30 05:15:00+05:30,84553.32403218574,84708.5,84553.32403218574,84644.875,90135.0,344.9470112293831,512.7991581999041
2026-01-30 05:30:00+05:30,84599.09951609287,84706.0,84496.5,84579.75,90135.0,335.2722247129986,496.3247593487651
2026-01-30 05:45:00+05:30,84589.42475804643,84589.42475804643,84283.0,84413.875,90135.0,333.2116913796722,480.1588657184253
2026-01-30 06:00:00+05:30,84501.64987902321,84501.64987902321,84229.0,84335.875,90135.0,328.8858476399252,464.70431101754247
2026-01-30 06:15:00+05:30,84418.7624395116,84493.5,84125.5,84288.125,90135.0,331.6797156656449,449.57872671961843
2026-01-30 06:30:00+05:30,84353.4437197558,84353.4437197558,83959.5,84101.0,90135.0,336.12714452922745,435.6299428124695
2026-01-30 06:45:00+05:30,84227.2218598779,84227.2218598779,83476.0,83872.375,90135.0,365.77676705413273,424.53199673500774
2026-01-30 07:00:00+05:30,84049.79842993895,84049.79842993895,81063.0,82666.75,90135.0,552.9926001173344,423.3621299009666
2026-01-30 07:15:00+05:30,83358.27421496948,83358.27421496948,81581.0,82139.375,90135.0,640.441286892488,427.1815195923824
2026-01-30 07:30:00+05:30,82748.82460748474,82748.82460748474,81845.0,82173.25,90135.0,659.2543812205062,432.4442877081851
2026-01-30 07:45:00+05:30,82461.03730374237,82461.03730374237,81215.5,81664.5,90135.0,701.1317328292108,440.2963826597459
2026-01-30 08:00:00+05:30,82062.76865187119,82098.0,81123.0,81657.625,82098.0,720.6937519128386,450.21006266578706
2026-01-30 08:15:00+05:30,81860.19682593559,82141.0,81850.0,82023.75,82098.0,703.7424124904929,460.37490661391575
2026-01-30 08:30:00+05:30,81941.9734129678,82388.0,81941.9734129678,82225.375,82098.0,685.3341392434722,470.2706760847376
2026-01-30 08:45:00+05:30,82083.6742064839,82400.0,82083.6742064839,82322.5,82098.0,658.9764002629453,479.4828218638208
2026-01-30 09:00:00+05:30,82203.08710324195,82502.0,82203.08710324195,82406.75,82098.0,633.2575785840239,488.6506065388132
2026-01-30 09:15:00+05:30,82304.91855162097,82709.0,82304.91855162097,82554.875,82098.0,616.8878549979529,498.1995407723233
2026-01-30 09:30:00+05:30,82429.89677581048,82992.5,82429.89677581048,82820.375,82098.0,613.0103813687788,508.3031539353768
2026-01-30 09:45:00+05:30,82625.13588790524,83302.5,82625.13588790524,83049.5,82098.0,617.6070764206344,519.5026454510516
2026-01-30 10:00:00+05:30,82837.31794395263,83172.0,82837.31794395263,82982.875,82098.0,597.3981463939726,530.2939489878768
2026-01-30 10:15:00+05:30,82910.09647197631,82973.5,82853.0,82907.125,82098.0,564.0036359372602,540.0300848039474
2026-01-30 10:30:00+05:30,82908.61073598816,83025.0,82867.0,82938.0,82098.0,535.0033762274559,549.0803878990938
2026-01-30 10:45:00+05:30,82923.30536799408,83308.5,82888.5,83092.875,82098.0,526.7888493540662,558.200227167716
2026-01-30 11:00:00+05:30,83008.09018399703,83278.5,83008.09018399703,83163.5,82098.0,508.4760612575592,566.5461495428534
2026-01-30 11:15:00+05:30,83085.79509199852,83109.0,82880.0,82986.5,82098.0,492.40634259630497,574.3328397788715
2026-01-30 11:30:00+05:30,83036.14754599927,83036.14754599927,82725.5,82814.125,82098.0,479.42357141080214,581.3682614810219
2026-01-30 11:45:00+05:30,82925.13627299963,82925.13627299963,82336.0,82565.25,82098.0,487.2601929528615,588.5650733107187
2026-01-30 12:00:00+05:30,82745.19313649982,82745.19313649982,82126.0,82282.125,82098.0,496.6839746347868,594.7987498621785
2026-01-30 12:15:00+05:30,82513.65906824991,82653.5,82031.0,82347.875,82098.0,505.6708335894449,592.5453324084696
2026-01-30 12:30:00+05:30,82430.76703412496,83076.5,82430.76703412496,82782.75,82098.0,521.5961311901989,586.886039279789
2026-01-30 12:45:00+05:30,82606.75851706248,82969.5,82606.75851706248,82787.5,82098.0,510.24937060072176,579.7905625836088
2026-01-30 13:00:00+05:30,82697.12925853123,82703.0,82448.0,82578.75,82098.0,498.0529869863845,570.1201461149028
2026-01-30 13:15:00+05:30,82637.93962926562,82919.5,82508.0,82686.25,82098.0,491.8706307730713,559.2238070130092
2026-01-30 13:30:00+05:30,82662.09481463282,82875.5,82561.5,82767.875,82098.0,479.1655857178519,548.5296724047881
2026-01-30 13:45:00+05:30,82714.98490731641,82948.5,82658.0,82781.375,82098.0,465.68947245229106,538.070402557589
2026-01-30 14:00:00+05:30,82748.1799536582,82748.1799536582,82472.5,82564.75,82098.0,454.48843870569885,528.3328805786725
