time,HA_open,HA_high,HA_low,HA_close,smoothed_high,smoothed_low,trendline,ATR_HA,ATR_MA_HA
2026-01-21 20:15:00+05:30,2977.875,2986.3,2968.4,2977.6125,,,2977.6125,,
2026-01-21 20:30:00+05:30,2977.74375,2996.45,2973.85,2986.5375000000004,,,2977.6125,,
2026-01-21 20:45:00+05:30,2982.140625,3025.85,2982.140625,3000.875,,,2977.6125,,
2026-01-21 21:00:00+05:30,2991.5078125,2997.3,2979.15,2989.7,,,2977.6125,,
2026-01-21 21:15:00+05:30,2990.60390625,3007.4,2986.7,2996.7874999999995,,,2977.6125,,
2026-01-21 21:30:00+05:30,2993.6957031249995,3004.6,2980.7,2992.15,,,2977.6125,,
2026-01-21 21:45:00+05:30,2992.9228515625,2992.9228515625,2948.0,2968.9750000000004,,,2977.6125,,
2026-01-21 22:00:00+05:30,2980.94892578125,2980.94892578125,2887.35,2924.7375,,,2977.6125,,
2026-01-21 22:15:00+05:30,2952.843212890625,2952.843212890625,2884.6,2896.7250000000004,,,2977.6125,,
2026-01-21 22:30:00+05:30,2924.784106445313,2924.784106445313,2867.0,2885.7875000000004,,,2977.6125,,
2026-01-21 22:45:00+05:30,2905.285803222657,2905.285803222657,2865.1,2881.875,,,2977.6125,,
2026-01-21 23:00:00+05:30,2893.5804016113284,2905.25,2874.05,2891.8625,,,2977.6125,,
2026-01-21 23:15:00+05:30,2892.721450805664,2907.55,2891.65,2899.6875,,,2977.6125,,
2026-01-21 23:30:00+05:30,2896.204475402832,2914.1,2886.9,2901.95,,,2977.6125,37.82637677873894,
2026-01-21 23:45:00+05:30,2899.077237701416,2909.6,2899.077237701416,2905.0125000000003,,,2977.6125,35.87611860158502,
2026-01-22 00:00:00+05:30,2902.044868850708,2915.75,2902.044868850708,2908.825,,,2977.6125,34.292476640706944,
2026-01-22 00:15:00+05:30,2905.434934425354,2933.25,2905.434934425354,2919.1124999999997,,,2977.6125,33.829804421702576,
2026-01-22 00:30:00+05:30,2912.273717212677,2933.2,2912.273717212677,2924.4625,,,2977.6125,32.90812430496115,
2026-01-22 00:45:00+05:30,2918.368108606339,2984.95,2918.368108606339,2952.575,,,2977.6125,35.31339338272542,
2026-01-22 01:00:00+05:30,2935.4715543031693,3037.55,2935.4715543031693,3007.2625,,,2977.6125,40.08232569087581,
2026-01-22 01:15:00+05:30,2971.367027151585,3068.35,2971.367027151585,3047.2,,,2977.6125,44.14665763070005,
2026-01-22 01:30:00+05:30,3009.2835135757923,3057.1,3009.2835135757923,3039.75,,,2977.6125,44.40878825880773,
2026-01-22 01:45:00+05:30,3024.516756787896,3027.95,3002.45,3016.9374999999995,,,2977.6125,43.901017668892905,
2026-01-22 02:00:00+05:30,3020.727128393948,3027.65,3004.4,3015.0249999999996,,,2977.6125,42.4259449782577,
2026-01-22 02:15:00+05:30,3017.876064196974,3034.35,3017.65,3025.275,,,2977.6125,40.77587747981074,
2026-01-22 02:30:00+05:30,3021.575532098487,3033.4,3019.95,3027.7000000000003,,,2977.6125,38.824029088395704,
2026-01-22 02:45:00+05:30,3024.6377660492435,3043.25,3024.55,3030.9,,,2977.6125,37.38659843922457,
2026-01-22 03:00:00+05:30,3027.7688830246216,3042.5,3027.7688830246216,3034.55,,,2977.6125,35.76834976323556,
2026-01-22 03:15:00+05:30,3031.159441512311,3040.95,3029.2,3034.8624999999997,,,2977.6125,34.05275335157588,
2026-01-22 03:30:00+05:30,3033.010970756155,3044.65,3028.9,3034.625,,,2977.6125,32.74541382646332,
2026-01-22 03:45:00+05:30,3033.8179853780775,3035.3,3017.7,3026.875,,,2977.6125,31.66359855314454,
2026-01-22 04:00:00+05:30,3030.3464926890388,3030.3464926890388,3012.75,3017.6375,,,2977.6125,30.658805277136985,
2026-01-22 04:15:00+05:30,3023.991996344519,3023.991996344519,3007.9,3012.625,,,2977.6125,29.618318924807127,
2026-01-22 04:30:00+05:30,3018.3084981722595,3024.65,3008.0,3015.9875,,,2977.6125,28.692010430178055,36.43794207104413
2026-01-22 04:45:00+05:30,3017.14799908613,3021.4,3005.85,3015.5625,,,2977.6125,27.753295399451066,35.95827152917328
2026-01-22 05:00:00+05:30,3016.355249543065,3016.355249543065,2983.35,2997.9875,,,2977.6125,28.128434981137776,35.58933421391389
2026-01-22 05:15:00+05:30,3007.1713747715326,3007.1713747715326,2971.35,2981.2250000000004,,,2977.6125,28.677930680451695,35.321974882473164
2026-01-22 05:30:00+05:30,2994.1981873857667,2997.2,2979.8,2988.3999999999996,,,2977.6125,27.872364203276547,35.0382872530243
2026-01-22 05:45:00+05:30,2991.299093692883,3005.65,2988.3,2997.875,,,2977.6125,27.120766760185358,34.76269879851117
2026-01-22 06:00:00+05:30,2994.587046846442,3009.45,2994.587046846442,3005.2250000000004,,,2977.6125,26.245208645426263,34.3308804776874
2026-01-22 06:15:00+05:30,2999.906023423221,3010.15,2999.906023423221,3006.2125,,,2977.6125,25.102263497665746,33.61754418277263
2026-01-22 06:30:00+05:30,3003.059261711611,3020.2,3001.45,3010.9750000000004,,,2977.6125,24.648530390689622,32.68906193324833
2026-01-22 06:45:00+05:30,3007.0171308558056,3028.25,3007.0171308558056,3021.0249999999996,,,2977.6125,24.404554587368537,31.736479377465507
2026-01-22 07:00:00+05:30,3014.0210654279026,3024.45,3012.4,3018.9750000000004,,,2977.6125,23.52208640255648,30.766054079068535
2026-01-22 07:15:00+05:30,3016.4980327139515,3033.65,3014.6,3023.425,,,2977.6125,23.202651659516743,29.85065915912849
2026-01-22 07:30:00+05:30,3019.961516356976,3032.2,3019.961516356976,3028.4125000000004,,,2977.6125,22.419496801195816,28.976545793480163
2026-01-22 07:45:00+05:30,3024.187008178488,3037.8,3024.187008178488,3032.5874999999996,,,2977.6125,21.7904607312184,28.165423490757433
2026-01-22 08:00:00+05:30,3028.387254089244,3035.15,3022.8,3029.8624999999997,,,2977.6125,21.116142107559934,27.39063985591626
2026-01-22 08:15:00+05:30,3029.124877044622,3029.124877044622,3014.2,3021.0499999999997,,,2977.6125,20.72659624273422,26.67436587874953
2026-01-22 08:30:00+05:30,3025.0874385223105,3030.35,3017.25,3022.8375,,,2977.6125,20.1818393682532,26.013846165257974
2026-01-22 08:45:00+05:30,3023.962469261155,3026.45,3015.6,3021.1875,,,2977.6125,19.515279413377968,25.383839764634857
2026-01-22 09:00:00+05:30,3022.5749846305775,3022.5749846305775,2998.85,3010.4375,,,2977.6125,19.815972643177943,24.8196671022555
2026-01-22 09:15:00+05:30,3016.5062423152885,3016.5062423152885,3009.3,3011.7250000000004,,,2977.6125,18.91527761975726,24.260451499523132
2026-01-22 09:30:00+05:30,3014.1156211576445,3019.95,3011.45,3014.4500000000003,,,2977.6125,18.171329218346028,23.715356751596413
2026-01-22 09:45:00+05:30,3014.282810578822,3018.0,3010.7,3015.075,,,2977.6125,17.394805702749895,23.17739462171888
2026-01-22 10:00:00+05:30,3014.678905289411,3024.25,3014.678905289411,3019.6499999999996,,,2977.6125,16.835969203309833,22.657521945712155
2026-01-22 10:15:00+05:30,3017.1644526447053,3024.65,3017.05,3021.05,,,2977.6125,16.176257117359125,22.088370618865554
2026-01-22 10:30:00+05:30,3019.1072263223527,3027.4,3019.1072263223527,3023.55,,,2977.6125,15.613151157379713,21.46623826062403
2026-01-22 10:45:00+05:30,3021.3286131611767,3023.7,3016.2,3019.9749999999995,,,2977.6125,15.03364036042402,20.854870458583434
2026-01-22 11:00:00+05:30,3020.651806580588,3020.651806580588,3014.4,3017.4375,,,2977.6125,14.406366519007161,20.249422828051138
2026-01-22 11:15:00+05:30,3019.0446532902943,3021.25,3014.15,3018.2749999999996,,,2977.6125,13.884483196220929,19.660816854279457
2026-01-22 11:30:00+05:30,3018.659826645147,3027.0,3009.6,3018.3875,,,2977.6125,14.135591539348011,19.13859438007385
2026-01-22 11:45:00+05:30,3018.523663322573,3020.65,3008.0,3013.875,,,2977.6125,14.029477857966018,18.632925211848917
2026-01-22 12:00:00+05:30,3016.1993316612866,3019.65,3008.45,3013.725,,,2977.6125,13.827372296682752,18.1292498646734
2026-01-22 12:15:00+05:30,3014.9621658306432,3023.55,3014.9621658306432,3019.425,,,2977.6125,13.541488561205432,17.653983300799542
2026-01-22 12:30:00+05:30,3017.1935829153217,3021.7,3011.1,3015.7124999999996,,,2977.6125,13.331382235405037,17.183922852032318
2026-01-22 12:45:00+05:30,3016.4530414576607,3016.4530414576607,3005.4,3009.75,,,2977.6125,13.168643608423292,16.743406033328863
2026-01-22 13:00:00+05:30,3013.10152072883,3013.10152072883,3007.6,3009.85,,,2977.6125,12.620991974166643,16.306764663945447
2026-01-22 13:15:00+05:30,3011.475760364415,3011.475760364415,2999.5,3005.3,,,2977.6125,12.57490400204151,15.900039039873144
2026-01-22 13:30:00+05:30,3008.3878801822075,3008.3878801822075,2992.85,2998.9625,,,2977.6125,12.786545157767659,15.521941369160448
2026-01-22 13:45:00+05:30,3003.675190091104,3003.675190091104,2993.1,2996.6375,,,2977.6125,12.62859122443455,15.162262886121466
2026-01-22 14:00:00+05:30,3000.156345045552,3000.6,2991.25,2995.725,,,2977.6125,12.394406136974931,14.823173682483224
2026-01-22 14:15:00+05:30,2997.940672522776,3007.4,2994.35,3000.4875,,,2977.6125,12.441234270048163,14.471995664715141
2026-01-22 14:30:00+05:30,2999.214086261388,3010.55,2999.214086261388,3006.8250000000003,,,2977.6125,12.362282803517035,14.159948292513226
2026-01-22 14:45:00+05:30,3003.019543130694,3011.3,3003.019543130694,3007.5125000000003,,,2977.6125,12.070723808216272,13.869443272983236
2026-01-22 15:00:00+05:30,3005.266021565347,3016.1,3004.6,3010.2999999999997,,,2977.6125,12.02995782191511,13.613974326276818
2026-01-22 15:15:00+05:30,3007.783010782673,3016.25,3007.783010782673,3014.0,,,2977.6125,11.775460064444529,13.372997700616565
2026-01-22 15:30:00+05:30,3010.8915053913365,3014.1,3008.25,3010.9875,,,2977.6125,11.352212916984199,13.143281310122523
2026-01-22 15:45:00+05:30,3010.939502695668,3010.939502695668,3003.9,3007.2999999999997,,,2977.6125,11.04759056577105,12.925873662903062
2026-01-22 16:00:00+05:30,3009.1197513478337,3009.1197513478337,2999.5,3003.5375000000004,,,2977.6125,10.945602050204096,12.731205171940209
2026-01-22 16:15:00+05:30,3006.328625673917,3006.328625673917,2998.75,3001.4125000000004,,,2977.6125,10.705103737612164,12.55495456330235
2026-01-22 16:30:00+05:30,3003.870562836959,3006.0,2993.75,2999.3875,,,2977.6125,10.815453470639868,12.408810290655635
2026-01-22 16:45:00+05:30,3001.6290314184794,3001.6290314184794,2984.1,2991.9875,,,2977.6125,11.294994752628412,12.27354377700232
2026-01-22 17:00:00+05:30,2996.80826570924,2996.80826570924,2976.7,2984.5125,,,2977.6125,11.924514106672111,12.173307407893086
2026-01-22 17:15:00+05:30,2990.66038285462,2990.66038285462,2980.85,2983.9375,,,2977.6125,11.773504731525533,12.075504190504645
2026-01-22 17:30:00+05:30,2987.2989414273097,2990.55,2977.0,2985.275,,,2977.6125,11.900397250702294,11.997356985242593
2026-01-22 17:45:00+05:30,2986.286970713655,2991.6,2985.5,2988.75,,,2977.6125,11.502154589937833,11.910250906887011
2026-01-22 18:00:00+05:30,2987.5184853568276,2997.55,2987.5184853568276,2991.7500000000005,,,2977.6125,11.397108879454603,11.825892110269455
2026-01-22 18:15:00+05:30,2989.634242678414,2991.5,2985.65,2989.5249999999996,,,2977.6125,11.018743959493586,11.749594585761216
2026-01-22 18:30:00+05:30,2989.579621339207,2994.9,2988.35,2991.0875000000005,,,2977.6125,10.699547962386914,11.660291917206234
2026-01-22 18:45:00+05:30,2990.3335606696037,2999.6,2990.3335606696037,2995.1625000000004,,,2977.6125,10.597183060101864,11.556036579222148
2026-01-22 19:00:00+05:30,2992.748030334802,3009.55,2962.0,2984.5625,,,2977.6125,13.236669984380317,11.584992710648137
2026-01-22 19:15:00+05:30,2988.655265167401,2988.655265167401,2961.0,2968.3999999999996,,,2977.6125,14.266569640310367,11.67414335366411
2026-01-22 19:30:00+05:30,2978.5276325837003,2981.5,2963.3,2974.1375000000003,,,2977.6125,14.547528951716757,11.774443100410235
2026-01-22 19:45:00+05:30,2976.3325662918505,2979.95,2962.9,2973.6625,,,2977.6125,14.72627688373697,11.887014247087373
2026-01-22 20:00:00+05:30,2974.9975331459254,2979.0,2947.85,2965.0,,,2977.6125,15.899399963470051,12.069332159242316
2026-01-22 20:15:00+05:30,2969.9987665729627,2969.9987665729627,2934.1,2949.6125,,,2977.6125,17.327926149862392,12.321616365335043
2026-01-22 20:30:00+05:30,2959.8056332864817,2959.8056332864817,2934.8,2944.1125,,,2977.6125,17.876333802478044,12.612134162384258
2026-01-22 20:45:00+05:30,2951.959066643241,2951.959066643241,2906.55,2928.6874999999995,,,2977.6125,19.842957576818236,13.01645533666207
2026-01-22 21:00:00+05:30,2940.3232833216202,2945.9,2905.35,2926.8250000000003,,2905.35,2945.9,21.322032035616946,13.50571445427378
2026-01-22 21:15:00+05:30,2933.5741416608103,2967.35,2933.5741416608103,2947.8125,,2905.35,2945.9,22.693672604501423,14.065146385430793
2026-01-22 21:30:00+05:30,2940.6933208304054,2950.3,2933.75,2940.8875,,2905.35,2945.9,22.25483884703705,14.615133771593886
2026-01-22 21:45:00+05:30,2940.7904104152026,2948.25,2922.65,2937.15,,2905.35,2945.9,22.49377892939154,15.171244507724916
2026-01-22 22:00:00+05:30,2938.9702052076013,2946.45,2929.7,2939.175,,2905.35,2945.9,22.083509005863572,15.684983281688496
2026-01-22 22:15:00+05:30,2939.072602603801,2958.15,2939.072602603801,2946.05,,2905.35,2945.9,21.8687867480304,16.158520074134127
2026-01-22 22:30:00+05:30,2942.5613013019006,2954.15,2940.85,2945.9000000000005,,2905.35,2945.9,21.25673055174253,16.610102256049224
2026-01-22 22:45:00+05:30,2944.2306506509503,2951.2,2933.75,2941.7625000000003,,2905.35,2945.9,20.98482122661805,17.042693873949972
2026-01-22 23:00:00+05:30,2942.9965753254755,2946.75,2937.2,2941.7875,,2905.35,2945.9,20.168048281859633,17.455355478327203
2026-01-22 23:15:00+05:30,2942.3920376627375,2963.15,2942.3920376627375,2953.7125,,2905.35,2945.9,20.253366261726818,17.87708202034017
2026-01-22 23:30:00+05:30,2948.0522688313686,2962.1,2948.0522688313686,2957.8500000000004,,2905.35,2945.9,19.810106612219997,18.29571833713666
2026-01-22 23:45:00+05:30,2952.9511344156845,2971.75,2952.9511344156845,2961.0,,2905.35,2945.9,19.73787511022682,18.72611486798618
2026-01-23 00:00:00+05:30,2956.9755672078422,2966.6,2949.6,2957.3,,2905.35,2945.9,19.542312602353476,19.15207341761721
2026-01-23 00:15:00+05:30,2957.137783603921,2957.137783603921,2937.3,2946.2625000000003,,2905.35,2945.9,19.575004559328228,19.45389887356711
2026-01-23 00:30:00+05:30,2951.700141801961,2951.700141801961,2927.3,2938.7875,,2905.35,2945.9,19.91965721951626,19.72309352019596
2026-01-23 00:45:00+05:30,2945.2438209009806,2949.2,2938.45,2944.0125,,2905.35,2945.9,19.264681703836526,19.947719841725473
2026-01-23 01:00:00+05:30,2944.62816045049,2960.9,2944.62816045049,2952.3125,,2905.35,2945.9,19.094883010705367,20.155748704914448
2026-01-23 01:15:00+05:30,2948.470330225245,2962.5,2947.35,2954.875,,2905.35,2945.9,18.813105652797848,20.29449659488244
2026-01-23 01:30:00+05:30,2951.672665112623,2956.6,2944.55,2952.3124999999995,,2905.35,2945.9,18.33002667759798,20.34221566763175
2026-01-23 01:45:00+05:30,2951.9925825563114,2957.15,2935.05,2946.0375,,2905.35,2945.9,18.599310486340976,20.37664312876808
2026-01-23 02:00:00+05:30,2949.015041278156,2949.015041278156,2929.8,2936.075,,2905.35,2945.9,18.643291257184885,20.31951616116649
2026-01-23 02:15:00+05:30,2942.545020639078,2942.545020639078,2933.95,2936.575,,2905.35,2945.9,17.925557641605824,20.1577792852612
2026-01-23 02:30:00+05:30,2939.560010319539,2946.05,2932.75,2940.0,,2905.35,2945.9,17.595160667205423,19.91499300253282
2026-01-23 02:45:00+05:30,2939.7800051597696,2950.8,2939.7800051597696,2945.1375000000003,,2905.35,2945.9,17.12550596527865,19.670739055782416
2026-01-23 03:00:00+05:30,2942.458752579885,2950.0,2942.458752579885,2946.875,,2905.35,2945.9,16.440916069195517,19.382507491011182
2026-01-23 03:15:00+05:30,2944.6668762899426,2949.5,2939.5,2944.4125000000004,,2905.35,2945.9,15.98085063568155,19.0919047114787
2026-01-23 03:30:00+05:30,2944.5396881449715,2958.6,2942.5,2950.2250000000004,,2905.35,2945.9,15.989361304561433,18.811932071313514
2026-01-23 03:45:00+05:30,2947.382344072486,2956.35,2944.6,2951.7875,,2905.35,2945.9,15.686549782807043,18.54668536803087
2026-01-23 04:00:00+05:30,2949.584922036243,2952.25,2944.8,2950.1124999999997,,2905.35,2945.9,15.098224798320814,18.26637125239767
2026-01-23 04:15:00+05:30,2949.8487110181213,2954.3,2948.15,2951.0625,,2905.35,2945.9,14.459065884155049,17.99451494774507
2026-01-23 04:30:00+05:30,2950.4556055090607,2950.85,2939.55,2946.8625,,2905.35,2945.9,14.248596892429676,17.70857354920711
2026-01-23 04:45:00+05:30,2948.6590527545304,2953.65,2946.45,2948.9874999999997,,2905.35,2945.9,13.745125685827576,17.419764933664617
2026-01-23 05:00:00+05:30,2948.823276377265,2955.2,2947.8,2950.3625,,2905.35,2945.9,13.291902422554152,17.11281385329925
2026-01-23 05:15:00+05:30,2949.5928881886325,2952.3,2948.65,2950.4,,2905.35,2945.9,12.603195106657433,16.782379686837533
2026-01-23 05:30:00+05:30,2949.9964440943163,2954.25,2947.65,2951.45,,2905.35,2945.9,12.174395456181895,16.42996972954485
2026-01-23 05:45:00+05:30,2950.723222047158,2956.4,2949.6,2952.0874999999996,,2905.35,2945.9,11.79051006645463,16.042867484160965
2026-01-23 06:00:00+05:30,2951.4053610235787,2951.4053610235787,2945.0,2948.8,,2905.35,2945.9,11.45458077599356,15.670957916168442
2026-01-23 06:15:00+05:30,2950.1026805117895,2954.15,2946.95,2950.4874999999997,,2905.35,2945.9,11.150682149136896,15.292662637046135
2026-01-23 06:30:00+05:30,2950.2950902558946,2958.45,2950.2950902558946,2954.0125,,2905.35,2945.9,10.936698405920348,14.917595625290062
2026-01-23 06:45:00+05:30,2952.153795127947,2958.3,2952.153795127947,2955.3374999999996,,2905.35,2945.9,10.594520296358409,14.549238178564368
2026-01-23 07:00:00+05:30,2953.7456475639733,2966.6,2953.7456475639733,2960.65,,2905.35,2945.9,10.755936877763281,14.175744197203525
2026-01-23 07:15:00+05:30,2957.1978237819867,2969.35,2957.1978237819867,2965.0625,,2905.35,2945.9,10.855668259209706,13.804905006823756
2026-01-23 07:30:00+05:30,2961.1301618909933,2971.55,2961.1301618909933,2967.0125000000003,,2905.35,2945.9,10.824537534195215,13.466761192185155
2026-01-23 07:45:00+05:30,2964.071330945497,2967.0,2957.85,2962.8375,,2905.35,2945.9,10.705820567467011,13.1386973779119
2026-01-23 08:00:00+05:30,2963.454415472748,2963.454415472748,2956.25,2959.4875,,2905.35,2945.9,10.455720203558528,12.821088532115699
2026-01-23 08:15:00+05:30,2961.470957736374,2961.470957736374,2951.75,2955.7,,2905.35,2945.9,10.40323717018822,12.533580013115355
2026-01-23 08:30:00+05:30,2958.5854788681872,2958.6,2951.0,2955.0,,2905.35,2945.9,10.203005943746197,12.258444551594623
2026-01-23 08:45:00+05:30,2956.7927394340936,2964.8,2956.7927394340936,2961.075,,2905.35,2945.9,10.174219804907196,11.981533051611088
2026-01-23 09:00:00+05:30,2958.933869717047,2964.4,2956.9,2961.5625,,2905.35,2945.9,9.983204104556682,11.709945162170593
2026-01-23 09:15:00+05:30,2960.2481848585235,2963.8,2959.85,2962.3,,2905.35,2945.9,9.552260954231224,11.445851645785375
2026-01-23 09:30:00+05:30,2961.274092429262,2978.45,2961.274092429262,2970.3375,,2905.35,2945.9,10.09680714112455,11.238125038974399
2026-01-23 09:45:00+05:30,2965.8057962146313,2977.05,2965.8057962146313,2973.95,,2905.35,2945.9,10.178764044284861,11.044323474777027
2026-01-23 10:00:00+05:30,2969.8778981073156,2980.2,2969.55,2975.0125,,2905.35,2945.9,10.212423755407345,10.876099573328444
2026-01-23 10:15:00+05:30,2972.4451990536577,2984.3,2972.4451990536577,2979.0125,2984.3,2905.35,2972.4451990536577,10.329736411902713,10.73504404901171
2026-01-23 10:30:00+05:30,2975.7288495268285,2977.35,2972.05,2975.7124999999996,2984.3,2905.35,2972.4451990536577,10.089219525338207,10.615330926091746
2026-01-23 10:45:00+05:30,2975.720674763414,2976.65,2963.3,2971.425,2984.3,2905.35,2972.4451990536577,10.322132416385472,10.527127924196678
2026-01-23 11:00:00+05:30,2973.5728373817074,2973.5728373817074,2966.5,2969.55,2984.3,2905.35,2972.4451990536577,10.090039913908464,10.446153155027813
2026-01-23 11:15:00+05:30,2971.5614186908538,2971.5614186908538,2964.4,2968.275,2984.3,2905.35,2972.4451990536577,9.880852683690264,10.37121372206099
2026-01-23 11:30:00+05:30,2969.918209345427,2974.75,2965.15,2969.65,2984.3,2905.35,2972.4451990536577,9.860791777712382,10.309790371040775
2026-01-23 11:45:00+05:30,2969.7841046727135,2972.75,2938.0,2956.825,2984.3,2905.35,2972.4451990536577,11.638592365018642,10.343213892902599
2026-01-23 12:00:00+05:30,2963.3045523363567,2963.3045523363567,2938.75,2948.575,2984.3,2905.35,2972.4451990536577,12.56116093439993,10.436863447095053
2026-01-23 12:15:00+05:30,2955.9397761681785,2955.9397761681785,2937.05,2946.5874999999996,2984.3,2905.35,2972.4451990536577,13.013204879669813,10.54435239956679
2026-01-23 12:30:00+05:30,2951.263638084089,2951.263638084089,2934.05,2939.3875000000003,2984.3,2905.35,2972.4451990536577,13.313235822842604,10.661379426406453
2026-01-23 12:45:00+05:30,2945.3255690420447,2950.3,2941.05,2944.8375,2984.3,2905.35,2972.4451990536577,13.141754692639555,10.77172310061809
2026-01-23 13:00:00+05:30,2945.081534521022,2950.6,2944.0,2947.075,2984.3,2905.35,2972.4451990536577,12.674486500308152,10.865469097420048
2026-01-23 13:15:00+05:30,2946.078267260511,2949.55,2940.55,2946.1625000000004,2984.3,2905.35,2972.4451990536577,12.41202317885757,10.958626381958098
2026-01-23 13:30:00+05:30,2946.1203836302557,2950.45,2943.7,2946.7374999999997,2984.3,2905.35,2972.4451990536577,12.007592951796315,11.035024276320387
2026-01-23 13:45:00+05:30,2946.4289418151275,2946.4289418151275,2932.7,2939.9124999999995,2984.3,2905.35,2972.4451990536577,12.152586312382287,11.12786143673163
2026-01-23 14:00:00+05:30,2943.1707209075635,2943.1707209075635,2921.55,2932.375,2984.3,2905.35,2972.4451990536577,12.8288816406095,11.254273905098406
2026-01-23 14:15:00+05:30,2937.7728604537815,2937.7728604537815,2922.05,2929.35,2984.3,2905.35,2972.4451990536577,13.035594412978917,11.399625824547083
2026-01-23 14:30:00+05:30,2933.5614302268905,2934.45,2925.65,2928.375,2984.3,2905.35,2972.4451990536577,12.733051954908975,11.551092062674595
2026-01-23 14:45:00+05:30,2930.9682151134452,2931.15,2919.6,2926.7,2984.3,2905.35,2972.4451990536577,12.648548243844061,11.672603543756477
2026-01-23 15:00:00+05:30,2928.8341075567223,2929.35,2916.35,2924.4375,2984.3,2905.35,2972.4451990536577,12.673651940712343,11.791407729300644
2026-01-23 15:15:00+05:30,2926.635803778361,2926.635803778361,2914.5,2920.525,2984.3,2905.35,2972.4451990536577,12.635234214830117,11.906779655939824
2026-01-23 15:30:00+05:30,2923.5804018891804,2925.45,2914.15,2921.2125,2984.3,2905.35,2972.4451990536577,12.539860342342232,12.012023652627418
2026-01-23 15:45:00+05:30,2922.3964509445905,2928.55,2920.9,2925.15,2984.3,2905.35,2972.4451990536577,12.190584603603508,12.11208865635434
2026-01-23 16:00:00+05:30,2923.773225472295,2931.65,2921.4,2927.0625,2984.3,2905.35,2972.4451990536577,12.05197141763183,12.194461942127976
2026-01-23 16:15:00+05:30,2925.4178627361475,2934.25,2925.4178627361475,2930.3125,2984.3,2905.35,2972.4451990536577,11.821983263790447,12.276935434979496
2026-01-23 16:30:00+05:30,2927.8651813680735,2940.55,2927.8651813680735,2934.4625,2984.3,2905.35,2972.4451990536577,11.883614361514462,12.372305038685413
2026-01-23 16:45:00+05:30,2931.1638406840366,2940.0,2931.1638406840366,2937.2250000000004,2984.3,2905.35,2972.4451990536577,11.665939001117959,12.458264430276152
2026-01-23 17:00:00+05:30,2934.1944203420185,2946.4,2934.1944203420185,2940.7625000000003,2984.3,2905.35,2972.4451990536577,11.704484762322506,12.4614021634811
2026-01-23 17:15:00+05:30,2937.4784601710094,2944.15,2937.0,2940.95,2984.3,2905.35,2972.4451990536577,11.379164422156618,12.405116615279036
2026-01-23 17:30:00+05:30,2939.214230085505,2940.05,2933.7,2936.95,2984.3,2905.35,2972.4451990536577,11.08422410628829,12.313260387975154
2026-01-23 17:45:00+05:30,2938.0821150427523,2939.3,2932.3,2935.7375,2984.3,2905.35,2972.4451990536577,10.792493812981983,12.193225054172268
2026-01-23 18:00:00+05:30,2936.909807521376,2937.8,2928.1,2934.05,2984.3,2905.35,2972.4451990536577,10.714458540626147,12.077639523124011
2026-01-23 18:15:00+05:30,2935.479903760688,2939.35,2931.1,2934.4249999999997,2984.3,2905.35,2972.4451990536577,10.538425787724279,11.975922346334302
2026-01-23 18:30:00+05:30,2934.9524518803437,2940.4,2933.15,2936.7000000000003,2984.3,2905.35,2972.4451990536577,10.303538231458258,11.87551830122005
2026-01-23 18:45:00+05:30,2935.8262259401718,2943.55,2935.8262259401718,2939.025,2984.3,2905.35,2972.4451990536577,10.119269362056128,11.785598130280041
2026-01-23 19:00:00+05:30,2937.425612970086,2937.425612970086,2925.9,2933.4624999999996,2984.3,2905.35,2972.4451990536577,10.333964407623547,11.698997087196291
2026-01-23 19:15:00+05:30,2935.444056485043,2938.15,2928.8,2932.9125,2984.3,2905.35,2972.4451990536577,10.263681235650429,11.576844686960145
2026-01-23 19:30:00+05:30,2934.1782782425216,2936.4,2924.15,2931.0249999999996,2984.3,2905.35,2972.4451990536577,10.405561147389685,11.451605007646371
2026-01-23 19:45:00+05:30,2932.6016391212606,2940.7,2931.2,2936.2499999999995,2984.3,2905.35,2972.4451990536577,10.353378208290437,11.338287210188346
2026-01-23 20:00:00+05:30,2934.42581956063,2941.6,2891.2,2919.8875,2984.3,2905.35,2972.4451990536577,13.213851193412555,11.365206398263037
2026-01-23 20:15:00+05:30,2927.156659780315,2927.156659780315,2896.2,2910.5624999999995,2984.3,2905.35,2972.4451990536577,14.48119466390559,11.451279861272239
2026-01-23 20:30:00+05:30,2918.859579890157,2923.3,2905.7,2913.4624999999996,2984.3,2905.35,2972.4451990536577,14.703966473626647,11.54979092121493
2026-01-23 20:45:00+05:30,2916.1610399450783,2938.95,2898.3,2917.9375,2984.3,2898.3,2938.95,16.55725458265329,11.74109540884879
2026-01-23 21:00:00+05:30,2917.049269972539,2942.3,2917.049269972539,2931.4500000000003,2984.3,2898.3,2938.95,17.178217114425273,11.978601718887921
2026-01-23 21:15:00+05:30,2924.2496349862695,2964.25,2924.2496349862695,2945.825,2984.3,2898.3,2938.95,18.80837053580422,12.300335010229466
2026-01-23 21:30:00+05:30,2935.0373174931347,2963.5,2935.0373174931347,2954.6375,2984.3,2898.3,2938.95,19.497964248022875,12.665857914240533
2026-01-23 21:45:00+05:30,2944.8374087465672,2956.4,2940.0,2948.7625,2984.3,2898.3,2938.95,19.27668108744982,13.017908710713645
2026-01-23 22:00:00+05:30,2946.7999543732835,2978.4,2937.7,2957.7625,2984.3,2898.3,2938.95,20.806918152631994,13.453193432214313
2026-01-23 22:15:00+05:30,2952.2812271866414,2979.8,2952.2812271866414,2970.3125,2984.3,2898.3,2938.95,21.286336342683903,13.909472078898188
2026-01-23 22:30:00+05:30,2961.2968635933207,2968.15,2958.55,2965.3375000000005,2984.3,2898.3,2938.95,20.60606231820647,14.348848169186278
2026-01-23 22:45:00+05:30,2963.3171817966604,2998.45,2963.3171817966604,2983.0249999999996,2984.3,2898.3,2938.95,21.643687738573107,14.85167977072365
2026-01-23 23:00:00+05:30,2973.17109089833,3019.0,2973.17109089833,3001.3250000000003,2984.3,2898.3,2938.95,23.371203550222884,15.4506659486875
2026-01-23 23:15:00+05:30,2987.248045449165,3009.4,2985.1,2995.4125000000004,2984.3,2898.3,2938.95,23.437546153778406,16.056527263599516
2026-01-23 23:30:00+05:30,2991.3302727245828,2998.0,2977.3,2987.6125,2984.3,2898.3,2938.95,23.242007142794222,16.661459709079036
2026-01-23 23:45:00+05:30,2989.4713863622915,2997.5,2983.95,2991.3,2984.3,2898.3,2938.95,22.549720918308935,17.244611265595733
2026-01-24 00:00:00+05:30,2990.385693181146,3007.15,2990.0,2995.775,3007.15,2898.3,2990.0,22.16402656700116,17.818171132497877
2026-01-24 00:15:00+05:30,2993.080346590573,2993.25,2985.0,2989.1375,3007.15,2898.3,2990.0,21.350524669358226,18.34276924019953
2026-01-24 00:30:00+05:30,2991.1089232952863,2991.1089232952863,2973.75,2981.5125,3007.15,2898.3,2990.0,21.06541028549595,18.857137290192174
2026-01-24 00:45:00+05:30,2986.310711647643,2986.310711647643,2956.5,2968.1124999999997,3007.15,2898.3,2990.0,21.69007466850646,19.39449507691202
2026-01-24 01:00:00+05:30,2977.2116058238216,2977.2116058238216,2945.4,2956.1,3007.15,2898.3,2990.0,22.41304117960039,19.968764742212493
2026-01-24 01:15:00+05:30,2966.6558029119105,2966.6558029119105,2948.75,2956.3,3007.15,2898.3,2990.0,22.09109558905112,20.39149066581433
2026-01-24 01:30:00+05:30,2961.4779014559554,2963.25,2951.75,2958.2125,3007.15,2898.3,2990.0,21.334588761261756,20.717842765688435
2026-01-24 01:45:00+05:30,2959.8452007279775,2961.25,2948.5,2954.5625,3007.15,2898.3,2990.0,20.72140384974306,21.00438740264636
2026-01-24 02:00:00+05:30,2957.2038503639887,2957.2038503639887,2929.55,2940.8375,3007.15,2898.3,2990.0,21.2165786007606,21.226259974937182
2026-01-24 02:15:00+05:30,2949.020675181994,2949.020675181994,2930.35,2938.0375,3007.15,2898.3,2990.0,21.034728356563004,21.40990336741993
2026-01-24 02:30:00+05:30,2943.529087590997,2951.15,2937.45,2944.0000000000005,3007.15,2898.3,2990.0,20.510819188237097,21.490972350869114
2026-01-24 02:45:00+05:30,2943.764543795499,2952.6,2942.8,2948.1125,3007.15,2898.3,2990.0,19.745760674791573,21.502772180715244
2026-01-24 03:00:00+05:30,2945.9385218977495,2950.2,2941.65,2946.2875,3007.15,2898.3,2990.0,18.946063483735013,21.487028485300254
2026-01-24 03:15:00+05:30,2946.113010948875,2949.25,2942.4,2944.85,3007.15,2898.3,2990.0,18.082058949182507,21.357273285135992
2026-01-24 03:30:00+05:30,2945.4815054744377,2959.7,2942.55,2949.2625,3007.15,2898.3,2990.0,18.015483309955158,21.201518378815575
2026-01-24 03:45:00+05:30,2947.3720027372187,2958.6,2947.3720027372187,2953.625,3007.15,2898.3,2990.0,17.530662878014162,21.055070786425468
2026-01-24 04:00:00+05:30,2950.498501368609,2961.5,2950.498501368609,2956.5875,3007.15,2898.3,2990.0,17.064294003255355,20.837004418077
2026-01-24 04:15:00+05:30,2953.5430006843044,2961.4,2953.5430006843044,2956.9750000000004,3007.15,2898.3,2990.0,16.406630097001095,20.50535806316168
2026-01-24 04:30:00+05:30,2955.2590003421524,2958.2,2951.0,2955.5125000000003,3007.15,2898.3,2990.0,15.749013661501005,20.139237468291327
2026-01-24 04:45:00+05:30,2955.3857501710763,2956.8,2951.7,2954.6375,3007.15,2898.3,2990.0,14.988369828536674,19.746207119993347
2026-01-24 05:00:00+05:30,2955.011625085538,2956.45,2951.95,2953.875,3007.15,2898.3,2990.0,14.23920055506977,19.350468055077197
2026-01-24 05:15:00+05:30,2954.443312542769,2956.75,2950.0,2953.625,3007.15,2898.3,2990.0,13.704257658279072,18.94762191656662
2026-01-24 05:30:00+05:30,2954.0341562713847,2958.0,2951.8,2954.3750000000005,3007.15,2898.3,2990.0,13.16823925411627,18.557989277745577
2026-01-24 05:45:00+05:30,2954.204578135693,2955.25,2951.05,2952.3624999999997,3007.15,2898.3,2990.0,12.527650735965095,18.151429299196487
2026-01-24 06:00:00+05:30,2953.2835390678465,2956.0,2950.15,2951.975,3007.15,2898.3,2990.0,12.050675683396152,17.69241029990552
2026-01-24 06:15:00+05:30,2952.6292695339234,2952.65,2948.4,2950.4,3007.15,2898.3,2990.0,11.49348456315357,17.172431413408056
2026-01-24 06:30:00+05:30,2951.5146347669615,2953.85,2949.1,2951.5875,3007.15,2898.3,2990.0,11.011807094356886,16.644846246994042
2026-01-24 06:45:00+05:30,2951.5510673834806,2959.0,2951.5510673834806,2955.7875000000004,3007.15,2898.3,2990.0,10.757316060225637,16.14116659456375
2026-01-24 07:00:00+05:30,2953.6692836917405,2958.2,2950.9,2955.6499999999996,3007.15,2898.3,2990.0,10.510364913066645,15.654926645198207
2026-01-24 07:15:00+05:30,2954.6596418458703,2955.8,2951.85,2954.55,3007.15,2898.3,2990.0,10.04176741927619,15.122792779413235
2026-01-24 07:30:00+05:30,2954.6048209229352,2958.35,2953.7,2956.4125,3007.15,2898.3,2990.0,9.656641175042184,14.58097910410272
2026-01-24 07:45:00+05:30,2955.5086604614676,2961.8,2955.5086604614676,2958.925,3007.15,2898.3,2990.0,9.416262486720072,14.052666880220958
2026-01-24 08:00:00+05:30,2957.2168302307336,2961.0,2956.55,2958.625,3007.15,2898.3,2990.0,9.06152945195434,13.543893964847754
2026-01-24 08:15:00+05:30,2957.920915115367,2959.25,2956.9,2958.4,3007.15,2898.3,2990.0,8.582134491100453,13.050373536627061
2026-01-24 08:30:00+05:30,2958.1604575576835,2965.3,2956.3,2961.0499999999997,3007.15,2898.3,2990.0,8.61198202745042,12.599417492735059
2026-01-24 08:45:00+05:30,2959.6052287788416,2969.35,2959.6052287788416,2965.9,3007.15,2898.3,2990.0,8.692895541286699,12.155484741846083
2026-01-24 09:00:00+05:30,2962.752614389421,2969.0,2960.7,2965.6124999999997,3007.15,2898.3,2990.0,8.664831574051949,11.733302298800263
2026-01-24 09:15:00+05:30,2964.18255719471,2964.2,2960.5,2962.475,3007.15,2898.3,2990.0,8.411093604476791,11.321245136953666
2026-01-24 09:30:00+05:30,2963.3287785973553,2964.6,2961.3,2962.9125,3007.15,2898.3,2990.0,8.046015489871287,10.923120631852246
2026-01-24 09:45:00+05:30,2963.120639298678,2965.85,2958.25,2961.8500000000004,3007.15,2898.3,2990.0,8.014157240594761,10.554794135618616
2026-01-24 10:00:00+05:30,2962.485319649339,2962.485319649339,2958.6,2960.0875,3007.15,2898.3,2990.0,7.719240269790792,10.208645109011668
2026-01-24 10:15:00+05:30,2961.2864098246696,2962.6,2958.55,2961.075,3007.15,2898.3,2990.0,7.457151679091431,9.885690400631747
2026-01-24 10:30:00+05:30,2961.1807049123345,2963.95,2958.75,2961.925,3007.15,2898.3,2990.0,7.295926559156316,9.580531776863998
2026-01-24 10:45:00+05:30,2961.5528524561673,2964.75,2961.5528524561673,2963.0625,3007.15,2898.3,2990.0,7.0031566294903405,9.286956413786573
2026-01-24 11:00:00+05:30,2962.3076762280834,2964.7,2957.0,2960.7125,3007.15,2898.3,2990.0,7.052931155955303,9.026255481405153
2026-01-24 11:15:00+05:30,2961.5100881140415,2961.5100881140415,2955.8,2958.6875,3007.15,2898.3,2990.0,6.957013795818593,8.78370015342527
2026-01-24 11:30:00+05:30,2960.0987940570208,2963.05,2957.65,2960.9125,3007.15,2898.3,2990.0,6.845798524688701,8.562381770641228
2026-01-24 11:45:00+05:30,2960.5056470285103,2962.65,2959.05,2960.9750000000004,3007.15,2898.3,2990.0,6.613955772925216,8.352960279144483
2026-01-24 12:00:00+05:30,2960.7403235142556,2962.85,2959.55,2961.025,3007.15,2898.3,2990.0,6.377244646287681,8.144385449909342
2026-01-24 12:15:00+05:30,2960.8826617571276,2962.15,2960.55,2961.3625,3007.15,2898.3,2990.0,6.036012885838555,7.931321067660385
2026-01-24 12:30:00+05:30,2961.122580878564,2961.122580878564,2958.4,2959.975,3007.15,2898.3,2990.0,5.816476251135807,7.730116726320365
2026-01-24 12:45:00+05:30,2960.548790439282,2960.548790439282,2953.55,2957.6375,3007.15,2898.3,2990.0,5.900927264574817,7.551273206774301
2026-01-24 13:00:00+05:30,2959.093145219641,2959.093145219641,2956.25,2957.4875,3007.15,2898.3,2990.0,5.682514261365257,7.373475672233595
2026-01-24 13:15:00+05:30,2958.2903226098206,2960.0,2956.35,2957.825,3007.15,2898.3,2990.0,5.537334671267745,7.205656873153281
2026-01-24 13:30:00+05:30,2958.05766130491,2958.05766130491,2954.25,2956.6375,3007.15,2898.3,2990.0,5.413786573670777,7.054783162799488
2026-01-24 13:45:00+05:30,2957.347580652455,2958.6,2957.347580652455,2957.9125000000004,3007.15,2898.3,2990.0,5.167266104122871,6.89074907121246
2026-01-24 14:00:00+05:30,2957.6300403262276,2960.4,2957.6300403262276,2959.125,3007.15,2898.3,2990.0,4.996029930526417,6.714707851652448
2026-01-24 14:15:00+05:30,2958.377520163114,2962.8,2958.377520163114,2961.4,3007.15,2898.3,2990.0,4.955062066694987,6.538052160825926
2026-01-24 14:30:00+05:30,2959.888760081557,2964.35,2959.888760081557,2962.8625,3007.15,2898.3,2990.0,4.919789056105557,6.371799563284438
2026-01-24 14:45:00+05:30,2961.3756300407786,2963.65,2960.2,2961.9249999999997,3007.15,2898.3,2990.0,4.814804123526608,6.2179323553632635
2026-01-24 15:00:00+05:30,2961.650315020389,2961.650315020389,2959.05,2960.3,3007.15,2898.3,2990.0,4.676246686131818,6.058984233722171
2026-01-24 15:15:00+05:30,2960.9751575101945,2960.9751575101945,2959.2,2960.1,3007.15,2898.3,2990.0,4.469026030707741,5.904212127099169
2026-01-24 15:30:00+05:30,2960.5375787550975,2961.35,2958.7,2959.7,3007.15,2898.3,2990.0,4.339095599942909,5.755733266187334
2026-01-24 15:45:00+05:30,2960.1187893775486,2960.1187893775486,2957.85,2958.8875,3007.15,2898.3,2990.0,4.19121658405761,5.607889934039777
2026-01-24 16:00:00+05:30,2959.5031446887742,2960.6,2957.8,2959.3124999999995,3007.15,2898.3,2990.0,4.0918439709106185,5.4692559979169335
2026-01-24 16:15:00+05:30,2959.4078223443867,2961.6,2959.4078223443867,2960.7124999999996,3007.15,2898.3,2990.0,3.9629622587027433,5.3221146218572875
2026-01-24 16:30:00+05:30,2960.060161172193,2962.35,2960.060161172193,2961.5875,3007.15,2898.3,2990.0,3.843453442210173,5.173849843114029
2026-01-24 16:45:00+05:30,2960.823830586097,2964.0,2960.823830586097,2962.4625,3007.15,2898.3,2990.0,3.7957902973311004,5.0286113560970005
2026-01-24 17:00:00+05:30,2961.6431652930487,2964.0,2961.2,2962.4874999999997,3007.15,2898.3,2990.0,3.7246624189503206,4.891025958288672
2026-01-24 17:15:00+05:30,2962.0653326465244,2963.4,2959.65,2961.6000000000004,3007.15,2898.3,2990.0,3.726472246168155,4.764798701140124
2026-01-24 17:30:00+05:30,2961.8326663232624,2961.8326663232624,2958.55,2959.75,3007.15,2898.3,2990.0,3.6947718231034457,4.653311031486071
2026-01-24 17:45:00+05:30,2960.791333161631,2962.35,2959.3,2960.6625,3007.15,2898.3,2990.0,3.648716692881752,4.550084385854925
2026-01-24 18:00:00+05:30,2960.7269165808157,2964.15,2959.0,2961.45,3007.15,2898.3,2990.0,3.7559512148187757,4.447942669199875
2026-01-24 18:15:00+05:30,2961.0884582904077,2962.85,2960.95,2961.8250000000003,3007.15,2898.3,2990.0,3.6233832709031555,4.349888812511203
2026-01-24 18:30:00+05:30,2961.456729145204,2963.1,2961.0,2961.8375,3007.15,2898.3,2990.0,3.5145701801243523,4.253566693885328
2026-01-24 18:45:00+05:30,2961.647114572602,2961.647114572602,2958.95,2960.35,3007.15,2898.3,2990.0,3.4697794529726322,4.160994926233035
2026-01-24 19:00:00+05:30,2960.9985572863006,2960.9985572863006,2958.55,2959.7625,3007.15,2898.3,2990.0,3.3968350124960485,4.0766886837746155
2026-01-24 19:15:00+05:30,2960.3805286431502,2960.3805286431502,2947.4,2953.75,3007.15,2898.3,2990.0,4.081384557542769,4.033134142203965
2026-01-24 19:30:00+05:30,2957.0652643215753,2957.8,2942.65,2950.7875,3007.15,2942.65,2957.8,4.871999946289721,4.0291788031370475
2026-01-24 19:45:00+05:30,2953.9263821607874,2956.1,2952.3,2954.4,3007.15,2942.65,2957.8,4.903464235840455,4.028401430743472
2026-01-24 20:00:00+05:30,2954.1631910803935,2959.0,2953.35,2956.0625,3007.15,2942.65,2957.8,4.956788218994714,4.035162578146715
2026-01-24 20:15:00+05:30,2955.1128455401968,2959.0,2955.1128455401968,2957.9875,3007.15,2942.65,2957.8,4.880385807623895,4.044883488693957
2026-01-24 20:30:00+05:30,2956.5501727700985,2967.6,2956.5501727700985,2963.0125,3007.15,2942.65,2957.8,5.321060194929434,4.085456544133085
2026-01-24 20:45:00+05:30,2959.781336385049,2967.25,2959.781336385049,2964.8,3007.15,2942.65,2957.8,5.474460439216678,4.139521536479455
2026-01-24 21:00:00+05:30,2962.2906681925247,2964.1,2958.15,2961.0,3007.15,2942.65,2957.8,5.558427550701207,4.204626820605339
2026-01-24 21:15:00+05:30,2961.6453340962626,2961.6453340962626,2954.6,2957.525,3007.15,2942.65,2957.8,5.664635161098453,4.279521639185713
2026-01-24 21:30:00+05:30,2959.5851670481316,2960.8,2954.0,2956.75,3007.15,2942.65,2957.8,5.745732649591434,4.36441546732327
2026-01-24 21:45:00+05:30,2958.167583524066,2958.167583524066,2951.0,2954.7625,3007.15,2942.65,2957.8,5.8472934263396015,4.4598364189484805
2026-01-24 22:00:00+05:30,2956.465041762033,2956.465041762033,2952.45,2954.8624999999997,3007.15,2942.65,2957.8,5.716418307460557,4.551294895621313
2026-01-24 22:15:00+05:30,2955.6637708810163,2960.75,2954.95,2957.35,3007.15,2942.65,2957.8,5.728638428356251,4.646722324640642
2026-01-24 22:30:00+05:30,2956.506885440508,2963.9,2956.506885440508,2960.3875,3007.15,2942.65,2957.8,5.847529580580233,4.747725054850742
2026-01-24 22:45:00+05:30,2958.447192720254,2965.5,2958.447192720254,2962.875,3007.15,2942.65,2957.8,5.933620844806363,4.854336913027071
2026-01-24 23:00:00+05:30,2960.661096360127,2964.1,2960.5,2962.3625,3007.15,2942.65,2957.8,5.7669336416059025,4.95520438677584
2026-01-24 23:15:00+05:30,2961.5117981800636,2963.65,2960.35,2962.25,3007.15,2942.65,2957.8,5.590724095776923,5.042574523964323
2026-01-24 23:30:00+05:30,2961.8808990900316,2965.2,2961.8808990900316,2963.85,3007.15,2942.65,2957.8,5.4284652967905895,5.128530810911344
2026-01-24 23:45:00+05:30,2962.8654495450155,2964.45,2961.15,2963.5,3007.15,2942.65,2957.8,5.276432061305528,5.2124289957294945
2026-01-25 00:00:00+05:30,2963.1827247725078,2967.9,2961.45,2964.0499999999997,2967.9,2942.65,2961.45,5.360258342640868,5.302451799999411
2026-01-25 00:15:00+05:30,2963.616362386254,2963.8,2962.1,2962.7125,2967.9,2942.65,2961.45,5.116668461023649,5.384348630881678
2026-01-25 00:30:00+05:30,2963.164431193127,2963.5,2956.0,2959.8625,2967.9,2942.65,2961.45,5.286906428093388,5.441754434241231
2026-01-25 00:45:00+05:30,2961.5134655965635,2961.5134655965635,2955.5,2957.0125,2967.9,2942.65,2961.45,5.338803511555539,5.463983175444365
2026-01-25 01:00:00+05:30,2959.262982798282,2959.262982798282,2955.6,2956.65,2967.9,2942.65,2961.45,5.219102032035999,5.479013546691772
2026-01-25 01:15:00+05:30,2957.9564913991408,2957.9564913991408,2951.25,2954.4125,2967.9,2942.65,2961.45,5.325344129686339,5.496563828153278
2026-01-25 01:30:00+05:30,2956.18449569957,2956.75,2953.05,2954.9375000000005,2967.9,2942.65,2961.45,5.209248120423016,5.512223938286569
2026-01-25 01:45:00+05:30,2955.560997849785,2958.35,2955.560997849785,2957.2749999999996,2967.9,2942.65,2961.45,5.080908968964191,5.500788165621558
2026-01-25 02:00:00+05:30,2956.4179989248923,2957.45,2955.7,2956.7249999999995,2967.9,2942.65,2961.45,4.8429868997524625,5.470717997075643
2026-01-25 02:15:00+05:30,2956.571499462446,2956.571499462446,2955.3,2955.8125000000005,2967.9,2942.65,2961.45,4.59884497834152,5.425023588868039
2026-01-25 02:30:00+05:30,2956.1919997312234,2956.1919997312234,2948.15,2952.5875,2967.9,2942.65,2961.45,4.844784603547363,5.385983086127511
2026-01-25 02:45:00+05:30,2954.3897498656115,2954.3897498656115,2950.25,2951.45,2967.9,2942.65,2961.45,4.794424979409088,5.340682720880732
2026-01-25 03:00:00+05:30,2952.9198749328057,2956.3,2950.75,2953.7625,2967.9,2942.65,2961.45,4.848394623737024,5.29311611123299
2026-01-25 03:15:00+05:30,2953.3411874664025,2957.3,2953.3411874664025,2956.1375,2967.9,2942.65,2961.45,4.7848530458699265,5.248755860681055
2026-01-25 03:30:00+05:30,2954.739343733201,2963.6,2954.739343733201,2960.075,2967.9,2942.65,2961.45,5.075981847364842,5.217676975871941
2026-01-25 03:45:00+05:30,2957.4071718666005,2963.5,2957.4071718666005,2961.5,2967.9,2942.65,2961.45,5.148613724938747,5.184395268460442
2026-01-25 04:00:00+05:30,2959.4535859333,2961.2,2958.0,2959.6125,2967.9,2942.65,2961.45,5.030855601728837,5.141406447361511
2026-01-25 04:15:00+05:30,2959.53304296665,2962.0,2958.95,2960.4875,2967.9,2942.65,2961.45,4.8893659158910765,5.099617508041758
2026-01-25 04:30:00+05:30,2960.010271483325,2963.65,2955.0,2959.625,2967.9,2942.65,2961.45,5.1579826361845775,5.079010771870694
2026-01-25 04:45:00+05:30,2959.8176357416623,2959.8176357416623,2953.9,2956.575,2967.9,2942.65,2961.45,5.212243572290126,5.068714499275434
2026-01-25 05:00:00+05:30,2958.196317870831,2958.196317870831,2952.55,2954.6875,2967.9,2942.65,2961.45,5.243248879328753,5.06713434775273
2026-01-25 05:15:00+05:30,2956.4419089354155,2956.4419089354155,2951.7,2953.025,2967.9,2942.65,2961.45,5.207438883334965,5.059857230642925
2026-01-25 05:30:00+05:30,2954.733454467708,2954.733454467708,2951.85,2953.3875,2967.9,2942.65,2961.45,5.041439996504462,5.0562749228086785
2026-01-25 05:45:00+05:30,2954.060477233854,2956.9,2951.55,2954.125,2967.9,2942.65,2961.45,5.063479996754137,5.04563556893538
2026-01-25 06:00:00+05:30,2954.092738616927,2955.7,2952.45,2953.9625,2967.9,2942.65,2961.45,4.933945711271699,5.026356626064722
2026-01-25 06:15:00+05:30,2954.0276193084637,2958.25,2954.0276193084637,2956.4625,2967.9,2942.65,2961.45,4.8877710176094284,5.010578958711075
2026-01-25 06:30:00+05:30,2955.245059654232,2959.45,2955.245059654232,2957.35,2967.9,2942.65,2961.45,4.838997398192161,4.987419590544685
2026-01-25 06:45:00+05:30,2956.297529827116,2957.2,2952.05,2954.4749999999995,2967.9,2942.65,2961.45,4.871926155464131,4.971356639832358
2026-01-25 07:00:00+05:30,2955.3862649135576,2955.3862649135576,2949.15,2951.7875,2967.9,2942.65,2961.45,4.969378923899374,4.9660456853054615
2026-01-25 07:15:00+05:30,2953.5868824567788,2954.7,2950.65,2952.6124999999997,2967.9,2942.65,2961.45,4.903709000763685,4.968937213925043
2026-01-25 07:30:00+05:30,2953.099691228389,2957.6,2953.099691228389,2955.4500000000003,2967.9,2942.65,2961.45,4.909694072137721,4.983739551724863
2026-01-25 07:45:00+05:30,2954.2748456141944,2956.25,2952.6,2954.3875000000003,2967.9,2942.65,2961.45,4.81971592412789,4.982545805085841
2026-01-25 08:00:00+05:30,2954.3311728070976,2955.35,2952.6,2953.3250000000003,2967.9,2942.65,2961.45,4.67187907240447,4.976710285704668
2026-01-25 08:15:00+05:30,2953.8280864035487,2953.8280864035487,2952.35,2952.8125,2967.9,2942.65,2961.45,4.443751024629064,4.957441542890003
2026-01-25 08:30:00+05:30,2953.3202932017743,2953.6,2949.05,2951.3875,2967.9,2942.65,2961.45,4.45134023715554,4.941559980570271
2026-01-25 08:45:00+05:30,2952.3538966008873,2952.3538966008873,2943.3,2947.1125,2967.9,2942.65,2961.45,4.780094263136367,4.927470095607011
2026-01-25 09:00:00+05:30,2949.7331983004437,2949.7331983004437,2935.95,2941.425,2967.9,2942.65,2961.45,5.42317312294405,4.940544352654881
2026-01-25 09:15:00+05:30,2945.5790991502217,2945.5790991502217,2937.0,2940.6000000000004,2967.9,2942.65,2961.45,5.648596410606742,4.969960581649068
2026-01-25 09:30:00+05:30,2943.089549575111,2946.25,2940.9,2942.8374999999996,2967.9,2942.65,2961.45,5.648696666991949,5.006119188844347
2026-01-25 09:45:00+05:30,2942.9635247875553,2943.55,2939.75,2942.2250000000004,2967.9,2942.65,2961.45,5.516646905063966,5.023198439743366
2026-01-25 10:00:00+05:30,2942.594262393778,2948.65,2942.594262393778,2945.5250000000005,2967.9,2942.65,2961.45,5.581529268987949,5.040783472919452
2026-01-25 10:15:00+05:30,2944.0596311968893,2947.5,2944.0596311968893,2945.7875000000004,2967.9,2942.65,2961.45,5.4285892357110015,5.04960920417575
2026-01-25 10:30:00+05:30,2944.923565598445,2947.95,2943.35,2945.9,2967.9,2942.65,2961.45,5.369404290303066,5.057321842602802
2026-01-25 10:45:00+05:30,2945.4117827992222,2948.25,2945.4117827992222,2947.075,2967.9,2942.65,2961.45,5.188605212479831,5.064329710030201
2026-01-25 11:00:00+05:30,2946.243391399611,2947.35,2941.35,2944.4625,2967.9,2942.65,2961.45,5.246561983016987,5.0730478998522415
2026-01-25 11:15:00+05:30,2945.352945699806,2947.35,2942.0,2944.625,2967.9,2942.65,2961.45,5.253950412801482,5.088286218972708
2026-01-25 11:30:00+05:30,2944.988972849903,2946.65,2935.05,2941.2125,2967.9,2942.65,2961.45,5.707239669029941,5.127308535707018
2026-01-25 11:45:00+05:30,2943.1007364249517,2943.1007364249517,2933.9,2937.2749999999996,2967.9,2942.65,2961.45,5.956775151595776,5.180536047773857
2026-01-25 12:00:00+05:30,2940.1878682124757,2947.25,2936.0,2941.9125,2967.9,2942.65,2961.45,6.334862640767507,5.25019968993116
2026-01-25 12:15:00+05:30,2941.050184106238,2945.85,2941.050184106238,2944.3875,2967.9,2942.65,2961.45,6.225216444552836,5.310001476628944
2026-01-25 12:30:00+05:30,2942.718842053119,2943.4,2938.2,2940.8625,2967.9,2942.65,2961.45,6.222522412799062,5.3728021152972945
2026-01-25 12:45:00+05:30,2941.7906710265597,2943.1,2937.55,2940.525,2967.9,2942.65,2961.45,6.17448509759911,5.433030259366885
2026-01-25 13:00:00+05:30,2941.1578355132797,2943.15,2940.0,2941.525,2967.9,2942.65,2961.45,5.958450447770609,5.48725571287368
2026-01-25 13:15:00+05:30,2941.34141775664,2941.34141775664,2938.1,2939.5250000000005,2967.9,2942.65,2961.45,5.777489701501293,5.539903838068768
2026-01-25 13:30:00+05:30,2940.4332088783203,2943.8,2938.0,2941.0,2967.9,2942.65,2961.45,5.779097579965499,5.603491769275265
2026-01-25 13:45:00+05:30,2940.71660443916,2944.5,2940.71660443916,2942.4875,2967.9,2942.65,2961.45,5.636547435742237,5.659930207303203
2026-01-25 14:00:00+05:30,2941.6020522195804,2941.85,2919.6,2933.4875,2967.9,2942.65,2961.45,6.86875833318924,5.759390401115245
2026-01-25 14:15:00+05:30,2937.5447761097903,2937.5447761097903,2924.15,2929.1375,2967.9,2942.65,2961.45,7.334902460089309,5.850425131455495
2026-01-25 14:30:00+05:30,2933.341138054895,2933.341138054895,2925.65,2929.5875,2967.9,2942.65,2961.45,7.360347859718285,5.931937105222711
2026-01-25 14:45:00+05:30,2931.4643190274473,2935.5,2930.55,2933.1875,2967.9,2942.65,2961.45,7.256930155452687,6.008519652292271
2026-01-25 15:00:00+05:30,2932.3259095137237,2939.15,2932.3259095137237,2936.3374999999996,2967.9,2942.65,2961.45,7.22601303622581,6.0899180394904535
2026-01-25 15:15:00+05:30,2934.3317047568617,2939.1,2934.3317047568617,2936.875,2967.9,2942.65,2961.45,7.050461765290986,6.159867205981074
2026-01-25 15:30:00+05:30,2935.603352378431,2939.8,2935.0,2937.0625,2967.9,2942.65,2961.45,6.889714496341643,6.229444599344437
2026-01-25 15:45:00+05:30,2936.3329261892154,2946.75,2936.3329261892154,2942.05,2967.9,2942.65,2961.45,7.141668733087568,6.313838144238939
2026-01-25 16:00:00+05:30,2939.1914630946076,2947.5,2939.1914630946076,2944.5875,2967.9,2942.65,2961.45,7.225016459680772,6.410810108391364
2026-01-25 16:15:00+05:30,2941.889481547304,2946.15,2941.15,2943.9875,2967.9,2942.65,2961.45,7.0660867125607165,6.497454143131542
2026-01-25 16:30:00+05:30,2942.938490773652,2944.35,2939.2,2942.1625,2967.9,2942.65,2961.45,6.929223375949244,6.577229046138577
2026-01-25 16:45:00+05:30,2942.550495386826,2945.85,2940.5,2942.725,2967.9,2942.65,2961.45,6.816421706238577,6.630047238386608
2026-01-25 17:00:00+05:30,2942.637747693413,2944.6,2933.45,2939.0249999999996,2967.9,2942.65,2961.45,7.125963012935828,6.685722850831373
2026-01-25 17:15:00+05:30,2940.8313738467064,2940.8313738467064,2931.5,2935.0249999999996,2967.9,2942.65,2961.45,7.283492358205152,6.730895694518879
2026-01-25 17:30:00+05:30,2937.9281869233528,2939.6,2932.2,2936.9875,2967.9,2942.65,2961.45,7.291814332619076,6.781686070141081
2026-01-25 17:45:00+05:30,2937.4578434616765,2944.0,2931.9,2938.3875,2967.9,2942.65,2961.45,7.635256166003421,6.848959106007955
2026-01-25 18:00:00+05:30,2937.9226717308384,2940.9,2936.45,2938.9625,2967.9,2942.65,2961.45,7.407737868431768,6.907685428428558
2026-01-25 18:15:00+05:30,2938.4425858654195,2942.45,2937.9,2940.5625,2967.9,2942.65,2961.45,7.203613734972337,6.966978918295307
2026-01-25 18:30:00+05:30,2939.5025429327097,2944.15,2938.9,2940.9624999999996,2967.9,2942.65,2961.45,7.064069896760027,7.0282446418790565
2026-01-25 18:45:00+05:30,2940.2325214663547,2941.75,2934.85,2937.8125,2967.9,2942.65,2961.45,7.052350618420031,7.088875738948319
2026-01-25 19:00:00+05:30,2939.022510733177,2942.5,2934.4,2938.325,2967.9,2942.65,2961.45,7.127182717104309,7.159858371394132
2026-01-25 19:15:00+05:30,2938.6737553665885,2944.6,2938.6737553665885,2941.55,2967.9,2942.65,2961.45,7.066312523025436,7.1692657137672855
2026-01-25 19:30:00+05:30,2940.1118776832946,2942.0,2934.8,2938.875,2967.9,2942.65,2961.45,7.075861628523606,7.156930436073679
2026-01-25 19:45:00+05:30,2939.4934388416473,2939.5,2923.7,2932.4125,2967.9,2942.65,2961.45,7.699014369343362,7.173057412722493
2026-01-25 20:00:00+05:30,2935.9529694208236,2935.9529694208236,2923.9,2928.3,2967.9,2942.65,2961.45,8.0100111587348,7.208918412878784
2026-01-25 20:15:00+05:30,2932.126484710412,2933.1,2924.35,2929.375,2967.9,2942.65,2961.45,8.062867504539458,7.248768625655624
2026-01-25 20:30:00+05:30,2930.750742355206,2934.1,2929.0,2932.0249999999996,2967.9,2942.65,2961.45,7.851234111358062,7.286900642135009
2026-01-25 20:45:00+05:30,2931.387871177603,2935.7,2928.05,2932.8124999999995,2967.9,2942.65,2961.45,7.836860246261032,7.3320028207025985
2026-01-25 21:00:00+05:30,2932.100185588801,2934.25,2929.85,2932.225,2967.9,2942.65,2961.45,7.591370228670965,7.353417177635142
2026-01-25 21:15:00+05:30,2932.1625927944006,2932.1625927944006,2920.85,2927.2374999999997,2967.9,2942.65,2961.45,7.86162949805161,7.38373208422423
2026-01-25 21:30:00+05:30,2929.7000463972,2929.7000463972,2898.55,2913.3750000000005,2967.9,2942.65,2961.45,9.525087847990761,7.500827376387566
2026-01-25 21:45:00+05:30,2921.5375231986,2921.5375231986,2874.75,2892.3624999999997,2967.9,2942.65,2961.45,12.186690373034276,7.751182947677329
2026-01-25 22:00:00+05:30,2906.9500115992996,2906.9500115992996,2878.85,2888.8125,2967.9,2942.65,2961.45,13.323356174910378,8.061036969995033
2026-01-25 22:15:00+05:30,2897.88125579965,2898.3,2886.5,2892.7,2967.9,2942.65,2961.45,13.214545019559651,8.35096944650093
2026-01-25 22:30:00+05:30,2895.290627899825,2897.85,2880.95,2889.4249999999997,2967.9,2942.65,2961.45,13.477791803876826,8.64593608677101
2026-01-25 22:45:00+05:30,2892.3578139499123,2892.3578139499123,2877.95,2882.9124999999995,2967.9,2942.65,2961.45,13.544221957165085,8.943669783177963
2026-01-25 23:00:00+05:30,2887.635156974956,2892.1,2881.05,2886.8125,2967.9,2942.65,2961.45,13.366063245938989,9.21656535841299
2026-01-25 23:15:00+05:30,2887.223828487478,2892.2,2881.5,2887.2250000000004,2967.9,2942.65,2961.45,13.175630156943335,9.491226895961159
2026-01-25 23:30:00+05:30,2887.2244142437394,2888.35,2843.7,2871.425,2967.9,2942.65,2961.45,15.423799431447389,9.882664310079019
2026-01-25 23:45:00+05:30,2879.32470712187,2879.32470712187,2850.9,2863.5125,2967.9,2942.65,2961.45,16.35243569504898,10.324967443330873
2026-01-26 00:00:00+05:30,2871.4186035609346,2871.4186035609346,2826.4,2843.2999999999997,2967.9,2942.65,2961.45,18.400019114040802,10.865332609789006
2026-01-26 00:15:00+05:30,2857.359301780467,2857.359301780467,2830.25,2840.775,2967.9,2942.65,2961.45,19.02211073307124,11.431757753406478
2026-01-26 00:30:00+05:30,2849.0671508902333,2852.65,2841.55,2847.2,2967.9,2942.65,2961.45,18.51160282356615,11.97677157724175
2026-01-26 00:45:00+05:30,2848.1335754451165,2849.4,2818.55,2833.8625,2967.9,2942.65,2961.45,19.392916907597133,12.563298019102396
2026-01-26 01:00:00+05:30,2840.9980377225584,2840.9980377225584,2811.35,2821.3500000000004,2967.9,2942.65,2961.45,20.125425537237227,13.155031884240197
2026-01-26 01:15:00+05:30,2831.1740188612794,2831.1740188612794,2795.15,2813.4375,2967.9,2942.65,2961.45,21.261039346097373,13.78603322649556
2026-01-26 01:30:00+05:30,2822.3057594306397,2822.4,2800.0,2809.275,2967.9,2942.65,2961.45,21.342393678518995,14.418391615732679
2026-01-26 01:45:00+05:30,2815.79037971532,2815.79037971532,2789.0,2801.025,2967.9,2942.65,2961.45,21.731535538290487,15.079358350348508
2026-01-26 02:00:00+05:30,2808.40768985766,2808.40768985766,2785.25,2797.5125,2967.9,2942.65,2961.45,21.83340370395974,15.745860419762732
2026-01-26 02:15:00+05:30,2802.9600949288297,2808.85,2791.3,2801.2124999999996,2967.9,2942.65,2961.45,21.527446296534023,16.409483089660974
2026-01-26 02:30:00+05:30,2802.0862974644147,2823.15,2802.0862974644147,2813.3625,2967.9,2942.65,2961.45,21.556735846781624,17.06163101102907
2026-01-26 02:45:00+05:30,2807.724398732207,2824.45,2807.724398732207,2819.225,2967.9,2942.65,2961.45,21.211654805425265,17.618134199478334
2026-01-26 03:00:00+05:30,2813.474699366104,2821.9,2800.65,2812.4875,2967.9,2942.65,2961.45,21.21439374789489,18.048024836376456
2026-01-26 03:15:00+05:30,2812.981099683052,2819.0,2806.0,2812.5249999999996,2967.9,2942.65,2961.45,20.627651337330967,18.39584841553934
2026-01-26 03:30:00+05:30,2812.753049841526,2818.2,2807.85,2814.5125,2967.9,2942.65,2961.45,19.89353338466446,18.713895480544334
2026-01-26 03:45:00+05:30,2813.632774920763,2813.9,2794.25,2804.6625,2967.9,2942.65,2961.45,19.919888142902703,19.0206619728789
2026-01-26 04:00:00+05:30,2809.1476374603817,2809.1476374603817,2788.2,2798.2999999999997,2967.9,2942.65,2961.45,19.99329880843693,19.32776087055851
2026-01-26 04:15:00+05:30,2803.723818730191,2806.4,2789.3,2800.9249999999997,2967.9,2942.65,2961.45,19.786634607834284,19.633502363982096
2026-01-26 04:30:00+05:30,2802.3244093650956,2807.9,2785.55,2800.05,2967.9,2785.55,2807.9,19.969732135846115,19.957031029644135
2026-01-26 04:45:00+05:30,2801.187204682548,2812.25,2791.8,2802.2749999999996,2967.9,2785.55,2807.9,20.004036983285665,20.17513757973167
2026-01-26 05:00:00+05:30,2801.731102341274,2809.2,2797.35,2803.475,2967.9,2785.55,2807.9,19.421605770193825,20.321288535690947
2026-01-26 05:15:00+05:30,2802.6030511706367,2820.5,2801.8,2810.0499999999997,2967.9,2785.55,2807.9,19.370062500894253,20.367481077922065
2026-01-26 05:30:00+05:30,2806.3265255853184,2836.9,2806.3265255853184,2824.2374999999997,2967.9,2785.55,2807.9,20.170306209021927,20.422157052967336
2026-01-26 05:45:00+05:30,2815.282012792659,2841.5,2815.282012792659,2833.625,2967.9,2785.55,2807.9,20.602283423187583,20.521713271996923
2026-01-26 06:00:00+05:30,2824.4535063963294,2833.0,2824.0,2830.5125,2967.9,2785.55,2807.9,19.818191750102756,20.541964454973385
2026-01-26 06:15:00+05:30,2827.4830031981646,2846.8,2827.4830031981646,2837.3375000000005,2967.9,2785.55,2807.9,19.782392110940812,20.52562952991165
2026-01-26 06:30:00+05:30,2832.4102515990826,2875.65,2832.4102515990826,2855.425,2967.9,2785.55,2807.9,21.457917560224864,20.53500468296534
2026-01-26 06:45:00+05:30,2843.9176257995414,2880.35,2843.9176257995414,2871.8999999999996,2967.9,2785.55,2807.9,22.52752160595584,20.59143934617662
2026-01-26 07:00:00+05:30,2857.9088128997705,2882.5,2857.9088128997705,2878.1375,2967.9,2785.55,2807.9,22.674926284118243,20.63636271502556
2026-01-26 07:15:00+05:30,2868.0231564498854,2898.45,2868.0231564498854,2885.4125000000004,2967.9,2785.55,2807.9,23.228634660260827,20.702802284373234
2026-01-26 07:30:00+05:30,2876.717828224943,2883.2,2866.65,2875.4750000000004,2967.9,2785.55,2807.9,22.90962504167079,20.768620319855934
2026-01-26 07:45:00+05:30,2876.0964141124714,2882.8,2868.15,2875.2250000000004,2967.9,2785.55,2807.9,22.3196518244086,20.804949652123884
2026-01-26 08:00:00+05:30,2875.660707056236,2884.85,2867.25,2874.8875,2967.9,2785.55,2807.9,21.982533836950836,20.841658177434628
2026-01-26 08:15:00+05:30,2875.274103528118,2875.274103528118,2862.95,2866.8374999999996,2967.9,2785.55,2807.9,21.292645957748494,20.845384473141944
2026-01-26 08:30:00+05:30,2871.0558017640587,2872.0,2864.0,2866.8125,2967.9,2785.55,2807.9,20.343171246480747,20.831837802149074
2026-01-26 08:45:00+05:30,2868.9341508820294,2868.9341508820294,2852.7,2859.625,2967.9,2785.55,2807.9,20.049669791877093,20.8392728691592
2026-01-26 09:00:00+05:30,2864.2795754410145,2864.2795754410145,2842.0,2849.4125,2967.9,2785.55,2807.9,20.208948766815475,20.853037660774092
2026-01-26 09:15:00+05:30,2856.8460377205074,2856.8460377205074,2840.1,2847.0,2967.9,2785.55,2807.9,19.961597977793474,20.851528097410117
2026-01-26 09:30:00+05:30,2851.9230188602537,2859.0,2849.15,2853.8500000000004,2967.9,2785.55,2807.9,19.392912407951084,20.832779421225204
2026-01-26 09:45:00+05:30,2852.8865094301273,2875.15,2852.8865094301273,2864.75,2967.9,2785.55,2807.9,19.59795370523121,20.815075686434017
2026-01-26 10:00:00+05:30,2858.8182547150636,2874.85,2858.8182547150636,2867.9375,2967.9,2785.55,2807.9,19.343224532353002,20.783608426865797
2026-01-26 10:15:00+05:30,2863.377877357532,2868.6,2862.35,2864.775,2967.9,2785.55,2807.9,18.407994208613506,20.735341209647686
2026-01-26 10:30:00+05:30,2864.076438678766,2867.45,2859.3,2863.475,2967.9,2785.55,2807.9,17.675280336569656,20.654637297060802
2026-01-26 10:45:00+05:30,2863.7757193393827,2868.7,2861.6,2864.875,2967.9,2785.55,2807.9,16.919903169671816,20.49985619994889
2026-01-26 11:00:00+05:30,2864.3253596696914,2871.2,2864.0,2867.55,2967.9,2785.55,2807.9,16.2256243718381,20.291443864170347
2026-01-26 11:15:00+05:30,2865.9376798348458,2872.5,2865.8,2868.825,2967.9,2785.55,2807.9,15.54522263099251,20.087969144212714
2026-01-26 11:30:00+05:30,2867.381339917423,2875.0,2866.3,2869.4375,2967.9,2785.55,2807.9,15.056278157350174,19.862916098803634
2026-01-26 11:45:00+05:30,2868.4094199587116,2883.65,2865.2,2874.2625,2967.9,2785.55,2807.9,15.29868686039661,19.569619398811817
2026-01-26 12:00:00+05:30,2871.3359599793557,2887.6,2871.3359599793557,2883.525,2967.9,2785.55,2807.9,15.367640657557153,19.228672686983305
2026-01-26 12:15:00+05:30,2877.430479989678,2891.85,2877.430479989678,2888.5625,2967.9,2785.55,2807.9,15.299917754183198,18.877481804605445
2026-01-26 12:30:00+05:30,2882.996489994839,2897.1,2882.996489994839,2891.825,2967.9,2785.55,2807.9,15.21446005782446,18.495854442584665
2026-01-26 12:45:00+05:30,2887.4107449974194,2911.6,2887.4107449974194,2897.7375,2967.9,2785.55,2807.9,15.855516839592747,18.159944528199997
2026-01-26 13:00:00+05:30,2892.5741224987096,2901.6,2888.5,2895.05,2967.9,2785.55,2807.9,15.658694208193259,17.84275607028498
2026-01-26 13:15:00+05:30,2893.812061249355,2906.75,2893.812061249355,2900.6875000000005,2967.9,2785.55,2807.9,15.464354532654106,17.532366579604183
2026-01-26 13:30:00+05:30,2897.2497806246774,2909.2,2897.2497806246774,2902.3875,2967.9,2785.55,2807.9,15.213344878558983,17.24287605202373
2026-01-26 13:45:00+05:30,2899.8186403123386,2934.3,2896.7,2911.1625000000004,2967.9,2785.55,2807.9,16.812391672947655,17.0747436913793
2026-01-26 14:00:00+05:30,2905.4905701561693,2917.1,2905.4905701561693,2912.6249999999995,2967.9,2785.55,2807.9,16.44075154229644,16.90289044139927
2026-01-26 14:15:00+05:30,2909.0577850780846,2912.75,2906.15,2910.125,2967.9,2785.55,2807.9,15.737840717846687,16.689980534305516
2026-01-26 14:30:00+05:30,2909.5913925390423,2913.1,2892.2,2902.6125,2967.9,2785.55,2807.9,16.106566380857647,16.506407601118095
2026-01-26 14:45:00+05:30,2906.1019462695212,2906.1019462695212,2886.85,2890.925,2967.9,2785.55,2807.9,16.331236372905053,16.36061350421114
2026-01-26 15:00:00+05:30,2898.5134731347607,2898.5134731347607,2886.3,2889.975,2967.9,2785.55,2807.9,16.037110427323302,16.19104953859648
2026-01-26 15:15:00+05:30,2894.2442365673805,2894.2442365673805,2880.3,2887.1499999999996,2967.9,2785.55,2807.9,15.887619437327379,16.02649691502383
2026-01-26 15:30:00+05:30,2890.69711828369,2895.25,2884.1,2889.4249999999997,2967.9,2785.55,2807.9,15.549218048946859,15.890364716944466
2026-01-26 15:45:00+05:30,2890.061059141845,2898.85,2890.061059141845,2895.375,2967.9,2785.55,2807.9,15.111773902593525,15.768292981993222
2026-01-26 16:00:00+05:30,2892.718029570922,2899.1,2892.718029570922,2897.6124999999997,2967.9,2785.55,2807.9,14.488216511628108,15.652498379229236
2026-01-26 16:15:00+05:30,2895.1652647854607,2900.6,2894.7,2897.325,2967.9,2785.55,2807.9,13.874772475083251,15.540553050812337
2026-01-26 16:30:00+05:30,2896.2451323927303,2899.65,2895.25,2897.4875,2967.9,2785.55,2807.9,13.198003012577312,15.428780688030661
2026-01-26 16:45:00+05:30,2896.866316196365,2899.6,2889.3,2894.4750000000004,2967.9,2785.55,2807.9,12.991002797393199,15.330434242318425
2026-01-26 17:00:00+05:30,2895.6706580981827,2895.6706580981827,2887.1,2890.5375000000004,2967.9,2785.55,2807.9,12.67526389030674,15.20550933898081
2026-01-26 17:15:00+05:30,2893.1040790490915,2894.1,2889.7,2891.7124999999996,2967.9,2785.55,2807.9,12.084173612427692,15.049153765403219
2026-01-26 17:30:00+05:30,2892.4082895245456,2908.0,2891.55,2899.2875000000004,2967.9,2785.55,2807.9,12.39601835439713,14.910872841603881
2026-01-26 17:45:00+05:30,2895.847894762273,2914.1,2895.847894762273,2906.3875,2967.9,2785.55,2807.9,12.814310274634973,14.796579994785334
2026-01-26 18:00:00+05:30,2901.117697381136,2904.15,2898.75,2901.4625,2967.9,2785.55,2807.9,12.444538112161034,14.634152436336208
2026-01-26 18:15:00+05:30,2901.290098690568,2902.1,2898.8,2900.4874999999997,2967.9,2785.55,2807.9,11.791356818435228,14.449993513014395
2026-01-26 18:30:00+05:30,2900.8887993452836,2906.6,2896.2,2902.7125,2967.9,2785.55,2807.9,11.691974188547004,14.2703563537712
2026-01-26 18:45:00+05:30,2901.800649672642,2908.6,2901.800649672642,2905.6375,2967.9,2785.55,2807.9,11.34250105560492,14.086030457440055
2026-01-26 19:00:00+05:30,2903.719074836321,2910.6,2903.3,2906.2749999999996,2967.9,2785.55,2807.9,11.05375098020455,13.811809472071335
2026-01-26 19:15:00+05:30,2904.9970374181603,2909.6,2904.45,2907.2124999999996,2967.9,2785.55,2807.9,10.632054481618518,13.535204850134292
2026-01-26 19:30:00+05:30,2906.10476870908,2915.2,2880.4,2897.275,2967.9,2785.55,2807.9,12.358336304360034,13.37427606853969
2026-01-26 19:45:00+05:30,2901.68988435454,2901.68988435454,2881.35,2886.0,2967.9,2785.55,2807.9,12.928446879372897,13.222937044659462
2026-01-26 20:00:00+05:30,2893.8449421772702,2933.0,2873.45,2901.8625,2933.0,2785.55,2873.45,16.25855781656056,13.219476161024012
