time,HA_open,HA_high,HA_low,HA_close,EMA_21,EMA_21_UP,EMA_21_DN,single
2025-09-17 12:30:00+05:30,4545.0,4548.8,4536.05,4543.7125,,,,0
2025-09-17 12:45:00+05:30,4544.35625,4554.95,4536.2,4544.424999999999,,,,0
2025-09-17 13:00:00+05:30,4544.390625,4544.85,4538.4,4540.85,,,,0
2025-09-17 13:15:00+05:30,4542.6203125,4545.3,4539.25,4541.775,,,,0
2025-09-17 13:30:00+05:30,4542.19765625,4544.95,4515.65,4530.025,,,,0
2025-09-17 13:45:00+05:30,4536.111328125,4536.111328125,4508.85,4514.3625,,,,0
2025-09-17 14:00:00+05:30,4525.2369140625,4525.2369140625,4496.5,4504.975,,,,0
2025-09-17 14:15:00+05:30,4515.10595703125,4515.10595703125,4499.45,4505.950000000001,,,,0
2025-09-17 14:30:00+05:30,4510.527978515625,4510.527978515625,4503.1,4507.075,4525.905555555555,4550.905555555555,4500.905555555555,-1
2025-09-17 14:45:00+05:30,4508.801489257812,4509.35,4499.9,4505.125,4521.749444444444,4546.749444444444,4496.749444444444,-1
2025-09-17 15:00:00+05:30,4506.963244628906,4508.45,4500.0,4504.487499999999,4518.297055555555,4543.297055555555,4493.297055555555,-1
2025-09-17 15:15:00+05:30,4505.725372314453,4505.725372314453,4493.3,4498.5,4514.337644444444,4539.337644444444,4489.337644444444,-1
2025-09-17 15:30:00+05:30,4502.112686157227,4502.112686157227,4489.2,4493.2375,4510.117615555555,4535.117615555555,4485.117615555555,-1
2025-09-17 15:45:00+05:30,4497.675093078613,4497.675093078613,4482.0,4486.95,4505.484092444444,4530.484092444444,4480.484092444444,-1
2025-09-17 16:00:00+05:30,4492.312546539306,4492.312546539306,4479.35,4485.025,4501.3922739555555,4526.3922739555555,4476.3922739555555,-1
2025-09-17 16:15:00+05:30,4488.668773269653,4488.668773269653,4477.65,4483.7875,4497.871319164445,4522.871319164445,4472.871319164445,-1
2025-09-17 16:30:00+05:30,4486.228136634827,4489.45,4478.15,4484.724999999999,4495.242055331556,4520.242055331556,4470.242055331556,-1
2025-09-17 16:45:00+05:30,4485.476568317414,4497.0,4485.476568317414,4490.825000000001,4494.358644265245,4519.358644265245,4469.358644265245,-1
2025-09-17 17:00:00+05:30,4488.150784158707,4493.25,4487.85,4490.6875,4493.624415412196,4518.624415412196,4468.624415412196,-1
2025-09-17 17:15:00+05:30,4489.419142079354,4494.9,4489.35,4490.925,4493.084532329757,4518.084532329757,4468.084532329757,-1
2025-09-17 17:30:00+05:30,4490.172071039677,4493.2,4481.9,4488.675,4492.202625863806,4517.202625863806,4467.202625863806,-1
2025-09-17 17:45:00+05:30,4489.423535519838,4505.7,4483.65,4495.924999999999,4492.947100691044,4517.947100691044,4467.947100691044,1
2025-09-17 18:00:00+05:30,4492.674267759919,4512.85,4490.85,4501.6,4494.677680552835,4519.677680552835,4469.677680552835,1
2025-09-17 18:15:00+05:30,4497.13713387996,4505.65,4495.0,4499.9125,4495.724644442269,4520.724644442269,4470.724644442269,1
2025-09-17 18:30:00+05:30,4498.52481693998,4510.35,4498.52481693998,4504.1125,4497.402215553815,4522.402215553815,4472.402215553815,1
2025-09-17 18:45:00+05:30,4501.318658469991,4511.5,4501.318658469991,4505.7,4499.061772443052,4524.061772443052,4474.061772443052,1
2025-09-17 19:00:00+05:30,4503.509329234996,4505.8,4482.2,4495.025000000001,4498.254417954442,4523.254417954442,4473.254417954442,-1
2025-09-17 19:15:00+05:30,4499.267164617499,4505.85,4484.95,4493.625,4497.328534363554,4522.328534363554,4472.328534363554,-1
2025-09-17 19:30:00+05:30,4496.446082308749,4502.95,4491.15,4497.2,4497.302827490844,4522.302827490844,4472.302827490844,-1
2025-09-17 19:45:00+05:30,4496.823041154375,4501.45,4466.7,4485.3,4494.902261992675,4519.902261992675,4469.902261992675,-1
2025-09-17 20:00:00+05:30,4491.061520577187,4491.061520577187,4465.85,4478.175,4491.556809594141,4516.556809594141,4466.556809594141,-1
2025-09-17 20:15:00+05:30,4484.618260288594,4494.5,4477.6,4486.45,4490.535447675313,4515.535447675313,4465.535447675313,-1
2025-09-17 20:30:00+05:30,4485.534130144297,4497.6,4485.0,4491.7625,4490.7808581402505,4515.7808581402505,4465.7808581402505,1
2025-09-17 20:45:00+05:30,4488.648315072149,4498.3,4480.8,4488.7875,4490.382186512201,4515.382186512201,4465.382186512201,-1
2025-09-17 21:00:00+05:30,4488.717907536075,4496.6,4481.0,4487.8,4489.865749209761,4514.865749209761,4464.865749209761,-1
2025-09-17 21:15:00+05:30,4488.258953768038,4494.15,4486.65,4490.525,4489.997599367809,4514.997599367809,4464.997599367809,1
2025-09-17 21:30:00+05:30,4489.391976884019,4489.391976884019,4477.1,4483.3875,4488.675579494247,4513.675579494247,4463.675579494247,-1
2025-09-17 21:45:00+05:30,4486.389738442009,4486.389738442009,4469.1,4478.4,4486.620463595398,4511.620463595398,4461.620463595398,-1
2025-09-17 22:00:00+05:30,4482.394869221004,4485.9,4478.45,4482.775,4485.8513708763185,4510.8513708763185,4460.8513708763185,-1
2025-09-17 22:15:00+05:30,4482.584934610502,4491.55,4480.95,4485.900000000001,4485.861096701055,4510.861096701055,4460.861096701055,1
2025-09-17 22:30:00+05:30,4484.242467305252,4492.8,4477.75,4484.375,4485.563877360844,4510.563877360844,4460.563877360844,-1
2025-09-17 22:45:00+05:30,4484.308733652626,4484.8,4472.35,4479.8625,4484.423601888676,4509.423601888676,4459.423601888676,-1
2025-09-17 23:00:00+05:30,4482.085616826313,4533.15,4480.85,4501.3125,4487.801381510941,4512.801381510941,4462.801381510941,1
2025-09-17 23:15:00+05:30,4491.699058413156,4526.9,4450.5,4491.4625,4488.533605208753,4513.533605208753,4463.533605208753,1
2025-09-17 23:30:00+05:30,4491.580779206578,4521.1,4408.2,4459.087500000001,4482.6443841670025,4507.6443841670025,4457.6443841670025,-1
2025-09-17 23:45:00+05:30,4475.334139603289,4499.35,4435.95,4471.8,4480.475507333602,4505.475507333602,4455.475507333602,-1
2025-09-18 00:00:00+05:30,4473.567069801645,4496.9,4436.8,4467.700000000001,4477.920405866882,4502.920405866882,4452.920405866882,-1
2025-09-18 00:15:00+05:30,4470.633534900822,4470.633534900822,4423.05,4445.325,4471.4013246935065,4496.4013246935065,4446.4013246935065,-1
2025-09-18 00:30:00+05:30,4457.9792674504115,4494.45,4452.15,4467.95,4470.711059754805,4495.711059754805,4445.711059754805,-1
2025-09-18 00:45:00+05:30,4462.964633725205,4515.75,4462.964633725205,4490.9375,4474.756347803845,4499.756347803845,4449.756347803845,1
2025-09-18 01:00:00+05:30,4476.951066862603,4514.35,4476.951066862603,4505.2875,4480.862578243076,4505.862578243076,4455.862578243076,1
2025-09-18 01:15:00+05:30,4491.1192834313015,4525.85,4491.1192834313015,4512.0375,4487.097562594461,4512.097562594461,4462.097562594461,1
2025-09-18 01:30:00+05:30,4501.578391715651,4540.0,4501.578391715651,4525.549999999999,4494.788050075569,4519.788050075569,4469.788050075569,1
2025-09-18 01:45:00+05:30,4513.564195857825,4539.15,4512.05,4523.799999999999,4500.590440060456,4525.590440060456,4475.590440060456,1
2025-09-18 02:00:00+05:30,4518.682097928912,4525.4,4501.4,4512.1125,4502.894852048365,4527.894852048365,4477.894852048365,1
2025-09-18 02:15:00+05:30,4515.397298964456,4515.75,4493.7,4504.725,4503.260881638692,4528.260881638692,4478.260881638692,1
2025-09-18 02:30:00+05:30,4510.061149482228,4519.1,4485.1,4505.3125,4503.671205310953,4528.671205310953,4478.671205310953,1
2025-09-18 02:45:00+05:30,4507.686824741114,4524.55,4507.686824741114,4517.0,4506.336964248763,4531.336964248763,4481.336964248763,1
2025-09-18 03:00:00+05:30,4512.343412370557,4529.55,4512.343412370557,4522.462500000001,4509.562071399011,4534.562071399011,4484.562071399011,1
2025-09-18 03:15:00+05:30,4517.4029561852785,4538.0,4517.4029561852785,4529.625,4513.574657119209,4538.574657119209,4488.574657119209,1
2025-09-18 03:30:00+05:30,4523.513978092639,4548.85,4523.513978092639,4537.65,4518.389725695368,4543.389725695368,4493.389725695368,1
2025-09-18 03:45:00+05:30,4530.581989046319,4566.5,4530.581989046319,4553.675,4525.4467805562945,4550.4467805562945,4500.4467805562945,1
2025-09-18 04:00:00+05:30,4542.12849452316,4576.1,4542.12849452316,4568.35,4534.027424445036,4559.027424445036,4509.027424445036,1
2025-09-18 04:15:00+05:30,4555.23924726158,4600.95,4555.23924726158,4582.625,4543.746939556029,4568.746939556029,4518.746939556029,1
2025-09-18 04:30:00+05:30,4568.93212363079,4616.25,4568.93212363079,4597.3625,4554.470051644824,4579.470051644824,4529.470051644824,1
2025-09-18 04:45:00+05:30,4583.147311815395,4605.25,4583.147311815395,4594.512500000001,4562.478541315859,4587.478541315859,4537.478541315859,1
2025-09-18 05:00:00+05:30,4588.829905907698,4601.4,4580.45,4589.0875,4567.800333052687,4592.800333052687,4542.800333052687,1
2025-09-18 05:15:00+05:30,4588.958702953849,4596.3,4586.2,4589.5,4572.140266442149,4597.140266442149,4547.140266442149,1
2025-09-18 05:30:00+05:30,4589.229351476924,4608.25,4589.229351476924,4598.3,4577.37221315372,4602.37221315372,4552.37221315372,1
2025-09-18 05:45:00+05:30,4593.764675738463,4607.15,4590.9,4599.325,4581.762770522976,4606.762770522976,4556.762770522976,1
2025-09-18 06:00:00+05:30,4596.544837869231,4604.0,4592.35,4597.125,4584.835216418381,4609.835216418381,4559.835216418381,1
2025-09-18 06:15:00+05:30,4596.834918934615,4602.95,4581.5,4591.6375,4586.1956731347045,4611.1956731347045,4561.1956731347045,1
2025-09-18 06:30:00+05:30,4594.236209467308,4607.95,4578.65,4593.3125,4587.619038507764,4612.619038507764,4562.619038507764,1
2025-09-18 06:45:00+05:30,4593.774354733654,4613.6,4593.774354733654,4606.0625,4591.307730806211,4616.307730806211,4566.307730806211,1
2025-09-18 07:00:00+05:30,4599.918427366827,4632.25,4599.918427366827,4619.512500000001,4596.948684644969,4621.948684644969,4571.948684644969,1
2025-09-18 07:15:00+05:30,4609.715463683414,4631.85,4609.715463683414,4623.975,4602.353947715976,4627.353947715976,4577.353947715976,1
2025-09-18 07:30:00+05:30,4616.845231841708,4618.95,4607.85,4614.625,4604.808158172781,4629.808158172781,4579.808158172781,1
2025-09-18 07:45:00+05:30,4615.735115920854,4616.45,4602.85,4609.6875,4605.784026538226,4630.784026538226,4580.784026538226,1
2025-09-18 08:00:00+05:30,4612.711307960427,4612.711307960427,4603.95,4607.325,4606.09222123058,4631.09222123058,4581.09222123058,1
2025-09-18 08:15:00+05:30,4610.018153980213,4614.45,4604.2,4609.6125,4606.796276984465,4631.796276984465,4581.796276984465,1
2025-09-18 08:30:00+05:30,4609.815326990107,4639.0,4607.85,4624.1125,4610.259521587573,4635.259521587573,4585.259521587573,1
2025-09-18 08:45:00+05:30,4616.963913495054,4643.55,4616.963913495054,4633.3125,4614.8701172700585,4639.8701172700585,4589.8701172700585,1
2025-09-18 09:00:00+05:30,4625.138206747527,4630.95,4619.2,4624.924999999999,4616.881093816047,4641.881093816047,4591.881093816047,1
2025-09-18 09:15:00+05:30,4625.031603373764,4625.031603373764,4611.9,4616.950000000001,4616.894875052838,4641.894875052838,4591.894875052838,1
2025-09-18 09:30:00+05:30,4620.990801686882,4620.990801686882,4608.45,4613.575000000001,4616.23090004227,4641.23090004227,4591.23090004227,-1
2025-09-18 09:45:00+05:30,4617.282900843442,4618.95,4605.2,4611.3375,4615.252220033816,4640.252220033816,4590.252220033816,-1
2025-09-18 10:00:00+05:30,4614.310200421721,4614.310200421721,4597.5,4604.4125,4613.084276027053,4638.084276027053,4588.084276027053,-1
2025-09-18 10:15:00+05:30,4609.36135021086,4610.5,4600.9,4606.4875,4611.764920821643,4636.764920821643,4586.764920821643,-1
2025-09-18 10:30:00+05:30,4607.92442510543,4610.35,4600.3,4605.575,4610.526936657314,4635.526936657314,4585.526936657314,-1
2025-09-18 10:45:00+05:30,4606.749712552715,4606.749712552715,4589.25,4596.75,4607.771549325851,4632.771549325851,4582.771549325851,-1
2025-09-18 11:00:00+05:30,4601.749856276358,4601.749856276358,4583.8,4589.0125,4604.019739460681,4629.019739460681,4579.019739460681,-1
2025-09-18 11:15:00+05:30,4595.381178138179,4595.381178138179,4584.8,4588.262500000001,4600.868291568546,4625.868291568546,4575.868291568546,-1
2025-09-18 11:30:00+05:30,4591.82183906909,4593.25,4559.0,4575.887500000001,4595.8721332548375,4620.8721332548375,4570.8721332548375,-1
2025-09-18 11:45:00+05:30,4583.854669534545,4583.854669534545,4555.75,4561.9875,4589.09520660387,4614.09520660387,4564.09520660387,-1
2025-09-18 12:00:00+05:30,4572.921084767273,4572.921084767273,4552.75,4561.7125,4583.618665283096,4608.618665283096,4558.618665283096,-1
2025-09-18 12:15:00+05:30,4567.316792383636,4572.85,4563.15,4568.45,4580.584932226477,4605.584932226477,4555.584932226477,-1
2025-09-18 12:30:00+05:30,4567.883396191818,4578.8,4567.883396191818,4574.0375,4579.275445781182,4604.275445781182,4554.275445781182,-1
2025-09-18 12:45:00+05:30,4570.96044809591,4580.95,4570.35,4576.4625,4578.712856624945,4603.712856624945,4553.712856624945,-1
2025-09-18 13:00:00+05:30,4573.711474047955,4580.6,4572.05,4577.4875,4578.467785299957,4603.467785299957,4553.467785299957,-1
2025-09-18 13:15:00+05:30,4575.599487023977,4582.75,4573.2,4577.2375,4578.221728239965,4603.221728239965,4553.221728239965,-1
2025-09-18 13:30:00+05:30,4576.418493511988,4582.45,4570.35,4577.212500000001,4578.019882591972,4603.019882591972,4553.019882591972,-1
2025-09-18 13:45:00+05:30,4576.815496755995,4593.2,4576.815496755995,4586.45,4579.705906073578,4604.705906073578,4554.705906073578,1
2025-09-18 14:00:00+05:30,4581.632748377997,4607.3,4581.632748377997,4594.975,4582.759724858863,4607.759724858863,4557.759724858863,1
2025-09-18 14:15:00+05:30,4588.303874188999,4602.1,4588.303874188999,4596.525,4585.512779887091,4610.512779887091,4560.512779887091,1
2025-09-18 14:30:00+05:30,4592.4144370945,4601.85,4591.5,4597.0125,4587.812723909673,4612.812723909673,4562.812723909673,1
2025-09-18 14:45:00+05:30,4594.71346854725,4602.4,4594.5,4597.975,4589.845179127738,4614.845179127738,4564.845179127738,1
2025-09-18 15:00:00+05:30,4596.344234273625,4602.95,4588.95,4595.924999999999,4591.061143302191,4616.061143302191,4566.061143302191,1
2025-09-18 15:15:00+05:30,4596.134617136812,4598.4,4590.3,4594.099999999999,4591.668914641753,4616.668914641753,4566.668914641753,1
2025-09-18 15:30:00+05:30,4595.117308568406,4599.75,4581.3,4591.05,4591.545131713403,4616.545131713403,4566.545131713403,-1
2025-09-18 15:45:00+05:30,4593.083654284203,4593.083654284203,4569.2,4578.9625,4589.028605370722,4614.028605370722,4564.028605370722,-1
2025-09-18 16:00:00+05:30,4586.023077142101,4586.023077142101,4570.65,4574.7125,4586.165384296578,4611.165384296578,4561.165384296578,-1
2025-09-18 16:15:00+05:30,4580.36778857105,4580.36778857105,4572.15,4575.1375,4583.9598074372625,4608.9598074372625,4558.9598074372625,-1
2025-09-18 16:30:00+05:30,4577.752644285525,4582.8,4573.3,4577.6375,4582.69534594981,4607.69534594981,4557.69534594981,-1
2025-09-18 16:45:00+05:30,4577.695072142762,4587.6,4577.695072142762,4582.450000000001,4582.646276759848,4607.646276759848,4557.646276759848,-1
2025-09-18 17:00:00+05:30,4580.072536071381,4584.65,4571.5,4578.0625,4581.729521407879,4606.729521407879,4556.729521407879,-1
2025-09-18 17:15:00+05:30,4579.06751803569,4579.06751803569,4566.8,4572.975,4579.978617126303,4604.978617126303,4554.978617126303,-1
2025-09-18 17:30:00+05:30,4576.021259017845,4579.95,4567.05,4575.262499999999,4579.035393701042,4604.035393701042,4554.035393701042,-1
2025-09-18 17:45:00+05:30,4575.641879508922,4586.8,4573.45,4580.9375,4579.415814960834,4604.415814960834,4554.415814960834,1
2025-09-18 18:00:00+05:30,4578.2896897544615,4584.35,4567.05,4578.2875,4579.190151968667,4604.190151968667,4554.190151968667,-1
2025-09-18 18:15:00+05:30,4578.288594877231,4580.3,4569.3,4574.125,4578.177121574934,4603.177121574934,4553.177121574934,-1
2025-09-18 18:30:00+05:30,4576.2067974386155,4580.95,4561.9,4573.1375,4577.169197259947,4602.169197259947,4552.169197259947,-1
2025-09-18 18:45:00+05:30,4574.672148719308,4584.95,4574.672148719308,4581.625,4578.060357807958,4603.060357807958,4553.060357807958,1
2025-09-18 19:00:00+05:30,4578.148574359654,4603.65,4569.35,4582.3625,4578.920786246366,4603.920786246366,4553.920786246366,1
2025-09-18 19:15:00+05:30,4580.255537179827,4587.5,4557.05,4575.912499999999,4578.319128997093,4603.319128997093,4553.319128997093,-1
2025-09-18 19:30:00+05:30,4578.084018589913,4618.3,4578.084018589913,4599.212500000001,4582.497803197675,4607.497803197675,4557.497803197675,1
2025-09-18 19:45:00+05:30,4588.648259294957,4624.0,4588.648259294957,4609.8125,4587.96074255814,4612.96074255814,4562.96074255814,1
2025-09-18 20:00:00+05:30,4599.230379647479,4612.35,4592.3,4602.8,4590.928594046512,4615.928594046512,4565.928594046512,1
2025-09-18 20:15:00+05:30,4601.01518982374,4601.01518982374,4588.0,4595.3625,4591.81537523721,4616.81537523721,4566.81537523721,1
2025-09-18 20:30:00+05:30,4598.188844911871,4605.45,4588.0,4594.6375,4592.3798001897685,4617.3798001897685,4567.3798001897685,1
2025-09-18 20:45:00+05:30,4596.413172455936,4605.75,4585.8,4592.9,4592.4838401518155,4617.4838401518155,4567.4838401518155,1
2025-09-18 21:00:00+05:30,4594.656586227968,4600.95,4589.85,4594.262500000001,4592.839572121453,4617.839572121453,4567.839572121453,1
2025-09-18 21:15:00+05:30,4594.459543113984,4607.65,4594.459543113984,4599.424999999999,4594.156657697163,4619.156657697163,4569.156657697163,1
2025-09-18 21:30:00+05:30,4596.942271556992,4605.35,4588.6,4597.475,4594.82032615773,4619.82032615773,4569.82032615773,1
2025-09-18 21:45:00+05:30,4597.208635778496,4617.65,4597.208635778496,4607.075,4597.271260926184,4622.271260926184,4572.271260926184,1
2025-09-18 22:00:00+05:30,4602.141817889247,4632.55,4602.141817889247,4621.625,4602.142008740948,4627.142008740948,4577.142008740948,1
2025-09-18 22:15:00+05:30,4611.883408944624,4635.8,4611.883408944624,4625.9625,4606.906106992758,4631.906106992758,4581.906106992758,1
2025-09-18 22:30:00+05:30,4618.922954472311,4624.0,4605.8,4616.375,4608.799885594207,4633.799885594207,4583.799885594207,1
2025-09-18 22:45:00+05:30,4617.648977236156,4629.65,4603.65,4613.725,4609.784908475366,4634.784908475366,4584.784908475366,1
2025-09-18 23:00:00+05:30,4615.6869886180775,4615.6869886180775,4595.35,4603.012500000001,4608.430426780294,4633.430426780294,4583.430426780294,-1
2025-09-18 23:15:00+05:30,4609.349744309039,4613.95,4602.85,4607.2125,4608.186841424235,4633.186841424235,4583.186841424235,-1
2025-09-18 23:30:00+05:30,4608.28112215452,4612.85,4601.7,4608.4375,4608.236973139388,4633.236973139388,4583.236973139388,1
2025-09-18 23:45:00+05:30,4608.35931107726,4613.8,4604.65,4610.0375,4608.597078511511,4633.597078511511,4583.597078511511,1
2025-09-19 00:00:00+05:30,4609.19840553863,4612.8,4601.9,4607.875,4608.452662809209,4633.452662809209,4583.452662809209,-1
2025-09-19 00:15:00+05:30,4608.5367027693155,4621.95,4606.7,4613.224999999999,4609.407130247368,4634.407130247368,4584.407130247368,1
2025-09-19 00:30:00+05:30,4610.880851384658,4617.85,4605.2,4611.375,4609.800704197894,4634.800704197894,4584.800704197894,1
2025-09-19 00:45:00+05:30,4611.127925692329,4611.127925692329,4589.55,4598.4125,4607.523063358316,4632.523063358316,4582.523063358316,-1
2025-09-19 01:00:00+05:30,4604.770212846164,4604.770212846164,4580.35,4589.975,4604.013450686653,4629.013450686653,4579.013450686653,-1
2025-09-19 01:15:00+05:30,4597.372606423082,4597.372606423082,4585.25,4590.0375,4601.2182605493235,4626.2182605493235,4576.2182605493235,-1
2025-09-19 01:30:00+05:30,4593.705053211541,4596.55,4586.05,4591.174999999999,4599.209608439459,4624.209608439459,4574.209608439459,-1
2025-09-19 01:45:00+05:30,4592.44002660577,4597.3,4588.65,4593.125,4597.992686751568,4622.992686751568,4572.992686751568,-1
2025-09-19 02:00:00+05:30,4592.7825133028855,4602.75,4588.65,4596.3125,4597.656649401254,4622.656649401254,4572.656649401254,-1
2025-09-19 02:15:00+05:30,4594.547506651443,4604.85,4594.547506651443,4602.6,4598.645319521003,4623.645319521003,4573.645319521003,1
2025-09-19 02:30:00+05:30,4598.573753325722,4604.1,4592.85,4598.5,4598.616255616803,4623.616255616803,4573.616255616803,-1
2025-09-19 02:45:00+05:30,4598.536876662861,4598.536876662861,4590.05,4593.7375,4597.640504493443,4622.640504493443,4572.640504493443,-1
2025-09-19 03:00:00+05:30,4596.1371883314305,4597.0,4592.6,4594.35,4596.982403594754,4621.982403594754,4571.982403594754,-1
2025-09-19 03:15:00+05:30,4595.243594165715,4602.3,4590.35,4595.325,4596.650922875804,4621.650922875804,4571.650922875804,-1
2025-09-19 03:30:00+05:30,4595.284297082857,4595.284297082857,4585.95,4590.112500000001,4595.343238300644,4620.343238300644,4570.343238300644,-1
2025-09-19 03:45:00+05:30,4592.698398541429,4595.7,4585.9,4590.8125,4594.437090640516,4619.437090640516,4569.437090640516,-1
2025-09-19 04:00:00+05:30,4591.755449270715,4600.95,4591.755449270715,4596.8125,4594.912172512412,4619.912172512412,4569.912172512412,1
2025-09-19 04:15:00+05:30,4594.2839746353575,4599.7,4587.2,4593.8625,4594.70223800993,4619.70223800993,4569.70223800993,-1
2025-09-19 04:30:00+05:30,4594.073237317679,4594.073237317679,4571.6,4583.1375,4592.389290407944,4617.389290407944,4567.389290407944,-1
2025-09-19 04:45:00+05:30,4588.605368658839,4588.605368658839,4569.15,4576.9875,4589.308932326356,4614.308932326356,4564.308932326356,-1
2025-09-19 05:00:00+05:30,4582.79643432942,4586.8,4575.7,4581.0375,4587.654645861085,4612.654645861085,4562.654645861085,-1
2025-09-19 05:15:00+05:30,4581.9169671647105,4591.4,4581.9169671647105,4586.299999999999,4587.383716688868,4612.383716688868,4562.383716688868,-1
2025-09-19 05:30:00+05:30,4584.108483582355,4593.5,4584.108483582355,4588.6125,4587.629473351095,4612.629473351095,4562.629473351095,1
2025-09-19 05:45:00+05:30,4586.360491791178,4600.9,4586.360491791178,4594.112499999999,4588.926078680876,4613.926078680876,4563.926078680876,1
2025-09-19 06:00:00+05:30,4590.236495895589,4611.75,4590.236495895589,4604.2625,4591.993362944701,4616.993362944701,4566.993362944701,1
2025-09-19 06:15:00+05:30,4597.249497947794,4610.95,4597.249497947794,4607.349999999999,4595.064690355762,4620.064690355762,4570.064690355762,1
2025-09-19 06:30:00+05:30,4602.299748973897,4611.55,4599.6,4605.3875,4597.12925228461,4622.12925228461,4572.12925228461,1
2025-09-19 06:45:00+05:30,4603.843624486948,4616.9,4597.25,4608.049999999999,4599.313401827688,4624.313401827688,4574.313401827688,1
2025-09-19 07:00:00+05:30,4605.946812243474,4620.45,4603.2,4611.075,4601.66572146215,4626.66572146215,4576.66572146215,1
2025-09-19 07:15:00+05:30,4608.510906121737,4609.5,4599.4,4604.8375,4602.30007716972,4627.30007716972,4577.30007716972,1
2025-09-19 07:30:00+05:30,4606.674203060868,4614.65,4595.9,4603.225,4602.485061735776,4627.485061735776,4577.485061735776,1
2025-09-19 07:45:00+05:30,4604.949601530434,4604.949601530434,4588.5,4594.412499999999,4600.870549388621,4625.870549388621,4575.870549388621,-1
2025-09-19 08:00:00+05:30,4599.681050765217,4599.681050765217,4587.4,4592.1375,4599.123939510897,4624.123939510897,4574.123939510897,-1
2025-09-19 08:15:00+05:30,4595.909275382608,4595.909275382608,4586.95,4590.45,4597.389151608718,4622.389151608718,4572.389151608718,-1
2025-09-19 08:30:00+05:30,4593.179637691304,4598.15,4588.0,4592.3125,4596.373821286974,4621.373821286974,4571.373821286974,-1
2025-09-19 08:45:00+05:30,4592.746068845652,4600.85,4570.3,4585.675,4594.234057029579,4619.234057029579,4569.234057029579,-1
2025-09-19 09:00:00+05:30,4589.210534422826,4589.210534422826,4540.85,4561.650000000001,4587.717245623664,4612.717245623664,4562.717245623664,-1
2025-09-19 09:15:00+05:30,4575.430267211414,4575.430267211414,4543.05,4549.4,4580.053796498932,4605.053796498932,4555.053796498932,-1
2025-09-19 09:30:00+05:30,4562.415133605707,4562.415133605707,4530.85,4540.425,4572.128037199145,4597.128037199145,4547.128037199145,-1
2025-09-19 09:45:00+05:30,4551.420066802853,4551.420066802853,4533.35,4540.425,4565.787429759316,4590.787429759316,4540.787429759316,-1
2025-09-19 10:00:00+05:30,4545.922533401426,4553.0,4542.3,4547.7875,4562.187443807453,4587.187443807453,4537.187443807453,-1
2025-09-19 10:15:00+05:30,4546.855016700713,4558.0,4546.855016700713,4552.7375,4560.297455045962,4585.297455045962,4535.297455045962,-1
2025-09-19 10:30:00+05:30,4549.796258350357,4557.45,4547.4,4553.5375,4558.94546403677,4583.94546403677,4533.94546403677,-1
2025-09-19 10:45:00+05:30,4551.666879175178,4552.55,4527.55,4540.637500000001,4555.283871229417,4580.283871229417,4530.283871229417,-1
2025-09-19 11:00:00+05:30,4546.152189587589,4546.152189587589,4526.15,4532.6375,4550.754596983534,4575.754596983534,4525.754596983534,-1
2025-09-19 11:15:00+05:30,4539.394844793795,4542.5,4534.65,4537.85,4548.173677586827,4573.173677586827,4523.173677586827,-1
2025-09-19 11:30:00+05:30,4538.6224223968975,4540.65,4531.2,4535.862499999999,4545.711442069462,4570.711442069462,4520.711442069462,-1
2025-09-19 11:45:00+05:30,4537.242461198448,4541.25,4528.45,4533.7125,4543.31165365557,4568.31165365557,4518.31165365557,-1
2025-09-19 12:00:00+05:30,4535.477480599224,4536.45,4527.25,4532.0875,4541.066822924457,4566.066822924457,4516.066822924457,-1
2025-09-19 12:15:00+05:30,4533.782490299612,4535.05,4518.35,4527.012500000001,4538.255958339565,4563.255958339565,4513.255958339565,-1
2025-09-19 12:30:00+05:30,4530.397495149806,4530.397495149806,4516.45,4523.6625,4535.337266671652,4560.337266671652,4510.337266671652,-1
2025-09-19 12:45:00+05:30,4527.029997574903,4535.95,4527.0,4531.0625,4534.482313337322,4559.482313337322,4509.482313337322,-1
2025-09-19 13:00:00+05:30,4529.046248787452,4541.95,4529.046248787452,4536.8375,4534.953350669858,4559.953350669858,4509.953350669858,1
2025-09-19 13:15:00+05:30,4532.941874393726,4541.25,4532.941874393726,4538.95,4535.752680535887,4560.752680535887,4510.752680535887,1
2025-09-19 13:30:00+05:30,4535.945937196862,4543.7,4535.945937196862,4539.7,4536.542144428709,4561.542144428709,4511.542144428709,1
2025-09-19 13:45:00+05:30,4537.8229685984315,4547.75,4537.8229685984315,4541.8,4537.593715542967,4562.593715542967,4512.593715542967,1
2025-09-19 14:00:00+05:30,4539.811484299216,4539.811484299216,4530.0,4536.1625,4537.307472434374,4562.307472434374,4512.307472434374,-1
2025-09-19 14:15:00+05:30,4537.986992149608,4537.986992149608,4530.4,4533.6125,4536.5684779475,4561.5684779475,4511.5684779475,-1
2025-09-19 14:30:00+05:30,4535.799746074805,4541.85,4531.5,4536.725,4536.599782358,4561.599782358,4511.599782358,1
2025-09-19 14:45:00+05:30,4536.2623730374025,4542.25,4526.3,4534.9125,4536.2623258864005,4561.2623258864005,4511.2623258864005,-1
2025-09-19 15:00:00+05:30,4535.587436518701,4539.0,4526.0,4530.45,4535.099860709121,4560.099860709121,4510.099860709121,-1
2025-09-19 15:15:00+05:30,4533.018718259351,4533.018718259351,4514.05,4522.825000000001,4532.644888567297,4557.644888567297,4507.644888567297,-1
2025-09-19 15:30:00+05:30,4527.921859129676,4528.55,4516.7,4523.6625,4530.848410853838,4555.848410853838,4505.848410853838,-1
2025-09-19 15:45:00+05:30,4525.792179564838,4531.9,4524.35,4527.025,4530.08372868307,4555.08372868307,4505.08372868307,-1
2025-09-19 16:00:00+05:30,4526.408589782419,4531.85,4520.9,4526.7875,4529.424482946457,4554.424482946457,4504.424482946457,-1
2025-09-19 16:15:00+05:30,4526.59804489121,4530.95,4526.15,4528.3375,4529.207086357166,4554.207086357166,4504.207086357166,-1
2025-09-19 16:30:00+05:30,4527.467772445605,4527.75,4513.45,4521.875,4527.740669085733,4552.740669085733,4502.740669085733,-1
2025-09-19 16:45:00+05:30,4524.6713862228025,4524.6713862228025,4512.95,4517.4375,4525.680035268587,4550.680035268587,4500.680035268587,-1
2025-09-19 17:00:00+05:30,4521.054443111401,4521.054443111401,4506.35,4510.8625,4522.71652821487,4547.71652821487,4497.71652821487,-1
2025-09-19 17:15:00+05:30,4515.958471555701,4515.958471555701,4507.0,4510.549999999999,4520.283222571896,4545.283222571896,4495.283222571896,-1
2025-09-19 17:30:00+05:30,4513.25423577785,4517.6,4511.75,4514.7625,4519.179078057517,4544.179078057517,4494.179078057517,-1
2025-09-19 17:45:00+05:30,4514.008367888925,4519.75,4507.0,4514.0,4518.143262446013,4543.143262446013,4493.143262446013,-1
2025-09-19 18:00:00+05:30,4514.004183944462,4520.6,4507.9,4514.5625,4517.42710995681,4542.42710995681,4492.42710995681,-1
2025-09-19 18:15:00+05:30,4514.283341972231,4519.25,4514.2,4517.0625,4517.354187965449,4542.354187965449,4492.354187965449,-1
2025-09-19 18:30:00+05:30,4515.672920986115,4527.8,4515.672920986115,4521.9375,4518.270850372359,4543.270850372359,4493.270850372359,1
2025-09-19 18:45:00+05:30,4518.8052104930575,4533.9,4518.8052104930575,4525.95,4519.806680297887,4544.806680297887,4494.806680297887,1
2025-09-19 19:00:00+05:30,4522.377605246529,4529.35,4508.5,4520.6875,4519.9828442383105,4544.9828442383105,4494.9828442383105,1
2025-09-19 19:15:00+05:30,4521.532552623265,4535.9,4518.4,4525.5,4521.086275390649,4546.086275390649,4496.086275390649,1
2025-09-19 19:30:00+05:30,4523.516276311632,4539.95,4523.516276311632,4532.05,4523.279020312519,4548.279020312519,4498.279020312519,1
2025-09-19 19:45:00+05:30,4527.783138155816,4542.95,4527.45,4535.0,4525.623216250015,4550.623216250015,4500.623216250015,1
2025-09-19 20:00:00+05:30,4531.391569077909,4539.85,4520.25,4528.6,4526.218573000012,4551.218573000012,4501.218573000012,1
2025-09-19 20:15:00+05:30,4529.9957845389545,4529.9957845389545,4484.2,4506.3125,4522.23735840001,4547.23735840001,4497.23735840001,-1
2025-09-19 20:30:00+05:30,4518.154142269477,4518.154142269477,4454.75,4476.6875,4513.127386720008,4538.127386720008,4488.127386720008,-1
2025-09-19 20:45:00+05:30,4497.420821134739,4497.420821134739,4443.2,4460.125,4502.526909376007,4527.526909376007,4477.526909376007,-1
2025-09-19 21:00:00+05:30,4478.77291056737,4478.77291056737,4456.85,4468.95,4495.811527500806,4520.811527500806,4470.811527500806,-1
2025-09-19 21:15:00+05:30,4473.861455283684,4476.55,4464.75,4472.0875,4491.066722000645,4516.066722000645,4466.066722000645,-1
2025-09-19 21:30:00+05:30,4472.974477641842,4482.1,4470.2,4476.7,4488.193377600516,4513.193377600516,4463.193377600516,-1
2025-09-19 21:45:00+05:30,4474.837238820921,4483.6,4472.55,4479.7625,4486.507202080414,4511.507202080414,4461.507202080414,-1
2025-09-19 22:00:00+05:30,4477.299869410461,4484.5,4473.85,4480.65,4485.335761664331,4510.335761664331,4460.335761664331,-1
2025-09-19 22:15:00+05:30,4478.97493470523,4487.7,4478.6,4482.112499999999,4484.691109331465,4509.691109331465,4459.691109331465,-1
2025-09-19 22:30:00+05:30,4480.543717352615,4480.543717352615,4462.6,4471.675,4482.087887465172,4507.087887465172,4457.087887465172,-1
2025-09-19 22:45:00+05:30,4476.109358676307,4476.109358676307,4460.4,4467.55,4479.180309972137,4504.180309972137,4454.180309972137,-1
2025-09-19 23:00:00+05:30,4471.829679338154,4471.829679338154,4456.3,4465.3375,4476.41174797771,4501.41174797771,4451.41174797771,-1
2025-09-19 23:15:00+05:30,4468.583589669077,4468.583589669077,4456.45,4461.300000000001,4473.389398382168,4498.389398382168,4448.389398382168,-1
2025-09-19 23:30:00+05:30,4464.941794834539,4464.941794834539,4433.95,4450.4875,4468.809018705735,4493.809018705735,4443.809018705735,-1
2025-09-19 23:45:00+05:30,4457.71464741727,4457.71464741727,4440.6,4448.200000000001,4464.687214964589,4489.687214964589,4439.687214964589,-1
2025-09-20 00:00:00+05:30,4452.957323708635,4460.7,4449.9,4454.175,4462.584771971671,4487.584771971671,4437.584771971671,-1
2025-09-20 00:15:00+05:30,4453.566161854318,4459.65,4442.25,4451.5,4460.3678175773375,4485.3678175773375,4435.3678175773375,-1
2025-09-20 00:30:00+05:30,4452.533080927159,4460.65,4446.85,4453.1125,4458.91675406187,4483.91675406187,4433.91675406187,-1
2025-09-20 00:45:00+05:30,4452.82279046358,4465.25,4452.82279046358,4460.575,4459.248403249496,4484.248403249496,4434.248403249496,1
2025-09-20 01:00:00+05:30,4456.69889523179,4465.0,4450.85,4457.6125,4458.921222599597,4483.921222599597,4433.921222599597,-1
2025-09-20 01:15:00+05:30,4457.155697615895,4457.155697615895,4439.55,4445.9875,4456.334478079678,4481.334478079678,4431.334478079678,-1
2025-09-20 01:30:00+05:30,4451.571598807948,4453.25,4437.25,4444.75,4454.017582463743,4479.017582463743,4429.017582463743,-1
2025-09-20 01:45:00+05:30,4448.160799403974,4462.65,4446.5,4454.6875,4454.151565970995,4479.151565970995,4429.151565970995,1
2025-09-20 02:00:00+05:30,4451.424149701987,4463.55,4451.424149701987,4462.012500000001,4455.723752776796,4480.723752776796,4430.723752776796,1
2025-09-20 02:15:00+05:30,4456.718324850994,4463.6,4454.6,4460.0375,4456.586502221437,4481.586502221437,4431.586502221437,1
2025-09-20 02:30:00+05:30,4458.377912425497,4460.95,4448.95,4457.3,4456.72920177715,4481.72920177715,4431.72920177715,1
2025-09-20 02:45:00+05:30,4457.838956212749,4462.1,4457.838956212749,4460.65,4457.51336142172,4482.51336142172,4432.51336142172,1
2025-09-20 03:00:00+05:30,4459.244478106374,4469.6,4459.244478106374,4465.2625,4459.063189137376,4484.063189137376,4434.063189137376,1
2025-09-20 03:15:00+05:30,4462.253489053187,4470.75,4462.253489053187,4468.7125,4460.993051309901,4485.993051309901,4435.993051309901,1
2025-09-20 03:30:00+05:30,4465.482994526594,4473.9,4465.482994526594,4471.799999999999,4463.154441047921,4488.154441047921,4438.154441047921,1
2025-09-20 03:45:00+05:30,4468.6414972632965,4477.25,4468.6414972632965,4473.0,4465.123552838337,4490.123552838337,4440.123552838337,1
2025-09-20 04:00:00+05:30,4470.820748631648,4474.0,4467.7,4470.3375,4466.16634227067,4491.16634227067,4441.16634227067,1
2025-09-20 04:15:00+05:30,4470.579124315824,4472.4,4466.95,4468.724999999999,4466.678073816536,4491.678073816536,4441.678073816536,1
2025-09-20 04:30:00+05:30,4469.652062157911,4469.652062157911,4453.4,4460.799999999999,4465.502459053228,4490.502459053228,4440.502459053228,-1
2025-09-20 04:45:00+05:30,4465.226031078955,4465.226031078955,4446.95,4452.2125,4462.844467242583,4487.844467242583,4437.844467242583,-1
2025-09-20 05:00:00+05:30,4458.719265539477,4458.719265539477,4444.8,4452.425,4460.760573794067,4485.760573794067,4435.760573794067,-1
2025-09-20 05:15:00+05:30,4455.572132769739,4468.25,4455.572132769739,4463.137500000001,4461.2359590352535,4486.2359590352535,4436.2359590352535,1
2025-09-20 05:30:00+05:30,4459.35481638487,4470.9,4459.35481638487,4467.7625,4462.541267228203,4487.541267228203,4437.541267228203,1
2025-09-20 05:45:00+05:30,4463.558658192434,4469.9,4459.05,4464.8125,4462.995513782562,4487.995513782562,4437.995513782562,1
2025-09-20 06:00:00+05:30,4464.185579096217,4472.45,4461.45,4466.675,4463.7314110260495,4488.7314110260495,4438.7314110260495,1
2025-09-20 06:15:00+05:30,4465.430289548109,4474.6,4465.430289548109,4472.825000000001,4465.55012882084,4490.55012882084,4440.55012882084,1
2025-09-20 06:30:00+05:30,4469.127644774055,4474.9,4465.0,4469.8875,4466.417603056672,4491.417603056672,4441.417603056672,1
2025-09-20 06:45:00+05:30,4469.507572387027,4472.4,4463.9,4467.6625,4466.6665824453385,4491.6665824453385,4441.6665824453385,1
2025-09-20 07:00:00+05:30,4468.585036193514,4470.05,4456.5,4466.175,4466.568265956272,4491.568265956272,4441.568265956272,-1
2025-09-20 07:15:00+05:30,4467.380018096757,4470.9,4464.85,4467.4125,4466.737112765018,4491.737112765018,4441.737112765018,1
2025-09-20 07:30:00+05:30,4467.396259048379,4467.396259048379,4455.0,4460.7,4465.529690212014,4490.529690212014,4440.529690212014,-1
2025-09-20 07:45:00+05:30,4464.04812952419,4464.45,4452.45,4458.8875,4464.2012521696115,4489.2012521696115,4439.2012521696115,-1
2025-09-20 08:00:00+05:30,4461.467814762094,4465.4,4455.85,4461.7125,4463.703501735689,4488.703501735689,4438.703501735689,-1
2025-09-20 08:15:00+05:30,4461.590157381047,4468.6,4461.590157381047,4464.9,4463.942801388552,4488.942801388552,4438.942801388552,1
2025-09-20 08:30:00+05:30,4463.245078690523,4465.05,4457.8,4462.5,4463.654241110842,4488.654241110842,4438.654241110842,-1
2025-09-20 08:45:00+05:30,4462.872539345261,4466.9,4460.0,4462.487499999999,4463.420892888674,4488.420892888674,4438.420892888674,-1
2025-09-20 09:00:00+05:30,4462.680019672631,4465.2,4458.85,4462.162499999999,4463.169214310939,4488.169214310939,4438.169214310939,-1
2025-09-20 09:15:00+05:30,4462.421259836316,4465.4,4460.7,4463.6875,4463.272871448752,4488.272871448752,4438.272871448752,1
2025-09-20 09:30:00+05:30,4463.054379918158,4467.55,4461.85,4465.275,4463.673297159002,4488.673297159002,4438.673297159002,1
2025-09-20 09:45:00+05:30,4464.164689959079,4467.4,4462.9,4465.2625,4463.991137727202,4488.991137727202,4438.991137727202,1
2025-09-20 10:00:00+05:30,4464.713594979539,4472.5,4463.5,4467.9875,4464.790410181762,4489.790410181762,4439.790410181762,1
2025-09-20 10:15:00+05:30,4466.35054748977,4475.65,4466.35054748977,4472.4375,4466.31982814541,4491.31982814541,4441.31982814541,1
2025-09-20 10:30:00+05:30,4469.394023744885,4473.9,4465.0,4471.3125,4467.318362516328,4492.318362516328,4442.318362516328,1
2025-09-20 10:45:00+05:30,4470.353261872442,4475.95,4470.353261872442,4474.099999999999,4468.674690013063,4493.674690013063,4443.674690013063,1
2025-09-20 11:00:00+05:30,4472.22663093622,4483.4,4471.7,4476.05,4470.14975201045,4495.14975201045,4445.14975201045,1
2025-09-20 11:15:00+05:30,4474.13831546811,4478.7,4473.4,4475.7125,4471.26230160836,4496.26230160836,4446.26230160836,1
2025-09-20 11:30:00+05:30,4474.925407734055,4477.25,4469.05,4473.3125,4471.672341286689,4496.672341286689,4446.672341286689,1
2025-09-20 11:45:00+05:30,4474.118953867028,4474.25,4469.8,4471.9625,4471.7303730293515,4496.7303730293515,4446.7303730293515,1
2025-09-20 12:00:00+05:30,4473.040726933514,4474.95,4471.5,4473.2875,4472.041798423482,4497.041798423482,4447.041798423482,1
2025-09-20 12:15:00+05:30,4473.164113466757,4474.8,4470.65,4472.4875,4472.1309387387855,4497.1309387387855,4447.1309387387855,1
2025-09-20 12:30:00+05:30,4472.825806733379,4474.95,4471.8,4472.7,4472.244750991029,4497.244750991029,4447.244750991029,1
2025-09-20 12:45:00+05:30,4472.762903366689,4474.55,4469.1,4471.35,4472.065800792823,4497.065800792823,4447.065800792823,-1
2025-09-20 13:00:00+05:30,4472.056451683345,4476.75,4467.35,4472.0375,4472.0601406342585,4497.0601406342585,4447.0601406342585,-1
2025-09-20 13:15:00+05:30,4472.046975841673,4481.65,4472.046975841673,4477.8375,4473.215612507407,4498.215612507407,4448.215612507407,1
2025-09-20 13:30:00+05:30,4474.942237920836,4481.55,4474.6,4478.325000000001,4474.237490005926,4499.237490005926,4449.237490005926,1
2025-09-20 13:45:00+05:30,4476.633618960419,4476.9,4473.0,4474.7875,4474.347492004741,4499.347492004741,4449.347492004741,1
2025-09-20 14:00:00+05:30,4475.71055948021,4477.3,4473.0,4474.9625,4474.470493603793,4499.470493603793,4449.470493603793,1
2025-09-20 14:15:00+05:30,4475.336529740105,4475.55,4462.8,4469.4375,4473.463894883035,4498.463894883035,4448.463894883035,-1
2025-09-20 14:30:00+05:30,4472.387014870053,4472.387014870053,4463.1,4466.8,4472.131115906428,4497.131115906428,4447.131115906428,-1
2025-09-20 14:45:00+05:30,4469.593507435026,4470.4,4463.75,4466.924999999999,4471.089892725143,4496.089892725143,4446.089892725143,-1
2025-09-20 15:00:00+05:30,4468.259253717513,4468.259253717513,4454.65,4461.299999999999,4469.131914180114,4494.131914180114,4444.131914180114,-1
2025-09-20 15:15:00+05:30,4464.779626858756,4467.05,4460.85,4463.7875,4468.0630313440915,4493.0630313440915,4443.0630313440915,-1
2025-09-20 15:30:00+05:30,4464.283563429379,4475.0,4464.283563429379,4468.9125,4468.232925075274,4493.232925075274,4443.232925075274,1
2025-09-20 15:45:00+05:30,4466.59803171469,4472.9,4466.59803171469,4470.4125,4468.66884006022,4493.66884006022,4443.66884006022,1
2025-09-20 16:00:00+05:30,4468.505265857345,4468.95,4464.65,4467.362499999999,4468.407572048176,4493.407572048176,4443.407572048176,-1
2025-09-20 16:15:00+05:30,4467.933882928672,4468.9,4462.25,4465.2,4467.766057638541,4492.766057638541,4442.766057638541,-1
2025-09-20 16:30:00+05:30,4466.566941464336,4470.15,4462.65,4466.0,4467.412846110833,4492.412846110833,4442.412846110833,-1
2025-09-20 16:45:00+05:30,4466.283470732168,4469.2,4462.0,4465.9625,4467.1227768886665,4492.1227768886665,4442.1227768886665,-1
2025-09-20 17:00:00+05:30,4466.122985366084,4466.35,4463.05,4464.6875,4466.635721510933,4491.635721510933,4441.635721510933,-1
2025-09-20 17:15:00+05:30,4465.405242683042,4470.2,4464.95,4467.25,4466.758577208747,4491.758577208747,4441.758577208747,1
2025-09-20 17:30:00+05:30,4466.327621341521,4470.15,4465.95,4468.325,4467.071861766997,4492.071861766997,4442.071861766997,1
2025-09-20 17:45:00+05:30,4467.32631067076,4469.9,4464.6,4467.0375,4467.064989413598,4492.064989413598,4442.064989413598,-1
2025-09-20 18:00:00+05:30,4467.18190533538,4467.18190533538,4462.6,4464.4,4466.531991530878,4491.531991530878,4441.531991530878,-1
2025-09-20 18:15:00+05:30,4465.79095266769,4465.79095266769,4462.35,4463.975,4466.020593224703,4491.020593224703,4441.020593224703,-1
2025-09-20 18:30:00+05:30,4464.882976333845,4466.7,4462.3,4464.2625,4465.668974579762,4490.668974579762,4440.668974579762,-1
2025-09-20 18:45:00+05:30,4464.572738166922,4468.9,4462.45,4465.612499999999,4465.657679663809,4490.657679663809,4440.657679663809,-1
2025-09-20 19:00:00+05:30,4465.092619083461,4469.9,4465.092619083461,4467.8375,4466.093643731047,4491.093643731047,4441.093643731047,1
2025-09-20 19:15:00+05:30,4466.46505954173,4470.6,4466.1,4467.9375,4466.462414984839,4491.462414984839,4441.462414984839,1
2025-09-20 19:30:00+05:30,4467.201279770865,4467.201279770865,4462.85,4465.525000000001,4466.274931987871,4491.274931987871,4441.274931987871,-1
2025-09-20 19:45:00+05:30,4466.363139885432,4467.2,4464.45,4465.725,4466.164945590297,4491.164945590297,4441.164945590297,-1
2025-09-20 20:00:00+05:30,4466.044069942716,4473.0,4464.75,4469.225,4466.7769564722375,4491.7769564722375,4441.7769564722375,1
2025-09-20 20:15:00+05:30,4467.634534971358,4496.45,4467.634534971358,4482.174999999999,4469.85656517779,4494.85656517779,4444.85656517779,1
2025-09-20 20:30:00+05:30,4474.904767485679,4498.8,4474.904767485679,4491.6,4474.205252142232,4499.205252142232,4449.205252142232,1
2025-09-20 20:45:00+05:30,4483.25238374284,4506.4,4483.25238374284,4500.075,4479.379201713786,4504.379201713786,4454.379201713786,1
2025-09-20 21:00:00+05:30,4491.663691871419,4502.95,4491.663691871419,4499.3125,4483.365861371029,4508.365861371029,4458.365861371029,1
2025-09-20 21:15:00+05:30,4495.48809593571,4499.25,4492.7,4496.8625,4486.065189096823,4511.065189096823,4461.065189096823,1
2025-09-20 21:30:00+05:30,4496.175297967855,4503.4,4496.175297967855,4498.825,4488.617151277459,4513.617151277459,4463.617151277459,1
2025-09-20 21:45:00+05:30,4497.500148983927,4500.65,4487.85,4494.9,4489.873721021968,4514.873721021968,4464.873721021968,1
2025-09-20 22:00:00+05:30,4496.200074491963,4507.7,4490.4,4498.4875,4491.5964768175745,4516.5964768175745,4466.5964768175745,1
2025-09-20 22:15:00+05:30,4497.343787245982,4504.75,4497.343787245982,4501.8875,4493.65468145406,4518.65468145406,4468.65468145406,1
2025-09-20 22:30:00+05:30,4499.61564362299,4501.95,4476.75,4489.975,4492.918745163248,4517.918745163248,4467.918745163248,-1
2025-09-20 22:45:00+05:30,4494.795321811495,4494.795321811495,4468.15,4478.05,4489.944996130598,4514.944996130598,4464.944996130598,-1
2025-09-20 23:00:00+05:30,4486.422660905748,4486.422660905748,4478.85,4481.900000000001,4488.335996904479,4513.335996904479,4463.335996904479,-1
2025-09-20 23:15:00+05:30,4484.161330452875,4486.4,4480.55,4483.787499999999,4487.426297523583,4512.426297523583,4462.426297523583,-1
2025-09-20 23:30:00+05:30,4483.9744152264375,4484.7,4477.1,4481.6375,4486.268538018867,4511.268538018867,4461.268538018867,-1
2025-09-20 23:45:00+05:30,4482.805957613218,4485.9,4475.85,4481.587500000001,4485.332330415094,4510.332330415094,4460.332330415094,-1
2025-09-21 00:00:00+05:30,4482.19672880661,4485.35,4471.4,4480.6875,4484.403364332075,4509.403364332075,4459.403364332075,-1
2025-09-21 00:15:00+05:30,4481.442114403305,4481.5,4471.9,4477.125,4482.947691465661,4507.947691465661,4457.947691465661,-1
2025-09-21 00:30:00+05:30,4479.283557201652,4479.283557201652,4469.85,4473.8625,4481.130653172529,4506.130653172529,4456.130653172529,-1
2025-09-21 00:45:00+05:30,4476.573028600826,4484.15,4475.7,4479.0125,4480.707022538023,4505.707022538023,4455.707022538023,-1
2025-09-21 01:00:00+05:30,4477.792764300413,4482.25,4475.85,4479.0875,4480.383118030419,4505.383118030419,4455.383118030419,-1
2025-09-21 01:15:00+05:30,4478.440132150206,4479.1,4474.85,4477.625,4479.831494424336,4504.831494424336,4454.831494424336,-1
2025-09-21 01:30:00+05:30,4478.032566075103,4483.9,4476.65,4480.525,4479.9701955394685,4504.9701955394685,4454.9701955394685,1
2025-09-21 01:45:00+05:30,4479.278783037551,4484.1,4479.278783037551,4482.425,4480.461156431575,4505.461156431575,4455.461156431575,1
2025-09-21 02:00:00+05:30,4480.851891518776,4486.5,4480.851891518776,4484.0375,4481.17642514526,4506.17642514526,4456.17642514526,1
2025-09-21 02:15:00+05:30,4482.444695759388,4486.1,4480.6,4483.4125,4481.623640116208,4506.623640116208,4456.623640116208,1
2025-09-21 02:30:00+05:30,4482.928597879694,4490.5,4482.6,4486.462500000001,4482.5914120929665,4507.5914120929665,4457.5914120929665,1
2025-09-21 02:45:00+05:30,4484.695548939848,4499.0,4484.695548939848,4493.35,4484.743129674373,4509.743129674373,4459.743129674373,1
2025-09-21 03:00:00+05:30,4489.022774469924,4500.45,4489.022774469924,4496.975,4487.189503739499,4512.189503739499,4462.189503739499,1
2025-09-21 03:15:00+05:30,4492.998887234962,4496.55,4486.75,4492.4875,4488.249102991599,4513.249102991599,4463.249102991599,1
2025-09-21 03:30:00+05:30,4492.743193617482,4492.743193617482,4487.7,4489.9125,4488.581782393279,4513.581782393279,4463.581782393279,1
2025-09-21 03:45:00+05:30,4491.327846808741,4493.35,4489.3,4491.65,4489.195425914624,4514.195425914624,4464.195425914624,1
2025-09-21 04:00:00+05:30,4491.48892340437,4492.65,4486.05,4490.025,4489.3613407317,4514.3613407317,4464.3613407317,1
2025-09-21 04:15:00+05:30,4490.756961702185,4493.8,4488.75,4490.9,4489.6690725853605,4514.6690725853605,4464.6690725853605,1
2025-09-21 04:30:00+05:30,4490.8284808510925,4492.3,4486.8,4489.575000000001,4489.650258068289,4514.650258068289,4464.650258068289,-1
2025-09-21 04:45:00+05:30,4490.201740425547,4490.201740425547,4481.5,4484.475,4488.615206454631,4513.615206454631,4463.615206454631,-1
2025-09-21 05:00:00+05:30,4487.338370212774,4487.338370212774,4478.2,4480.6125,4487.014665163705,4512.014665163705,4462.014665163705,-1
2025-09-21 05:15:00+05:30,4483.9754351063875,4483.9754351063875,4477.85,4479.35,4485.481732130965,4510.481732130965,4460.481732130965,-1
2025-09-21 05:30:00+05:30,4481.662717553194,4483.7,4478.05,4480.637500000001,4484.512885704772,4509.512885704772,4459.512885704772,-1
2025-09-21 05:45:00+05:30,4481.150108776597,4482.4,4474.0,4478.425,4483.295308563818,4508.295308563818,4458.295308563818,-1
2025-09-21 06:00:00+05:30,4479.787554388298,4482.75,4472.95,4478.325,4482.301246851055,4507.301246851055,4457.301246851055,-1
2025-09-21 06:15:00+05:30,4479.0562771941495,4488.6,4479.0562771941495,4484.5125,4482.743497480844,4507.743497480844,4457.743497480844,1
2025-09-21 06:30:00+05:30,4481.784388597074,4487.9,4481.15,4484.5,4483.094797984675,4508.094797984675,4458.094797984675,1
2025-09-21 06:45:00+05:30,4483.142194298537,4486.2,4482.45,4484.0875,4483.29333838774,4508.29333838774,4458.29333838774,1
2025-09-21 07:00:00+05:30,4483.614847149269,4484.65,4478.35,4481.85,4483.004670710192,4508.004670710192,4458.004670710192,-1
2025-09-21 07:15:00+05:30,4482.732423574635,4482.732423574635,4476.9,4479.75,4482.353736568154,4507.353736568154,4457.353736568154,-1
2025-09-21 07:30:00+05:30,4481.241211787317,4485.9,4478.65,4482.1875,4482.320489254524,4507.320489254524,4457.320489254524,-1
2025-09-21 07:45:00+05:30,4481.714355893659,4487.2,4455.4,4475.5125,4480.958891403619,4505.958891403619,4455.958891403619,-1
2025-09-21 08:00:00+05:30,4478.61342794683,4478.61342794683,4471.25,4474.8875,4479.744613122895,4504.744613122895,4454.744613122895,-1
2025-09-21 08:15:00+05:30,4476.750463973414,4479.4,4474.85,4476.912499999999,4479.178190498316,4504.178190498316,4454.178190498316,-1
2025-09-21 08:30:00+05:30,4476.831481986706,4478.4,4473.6,4476.425,4478.627552398653,4503.627552398653,4453.627552398653,-1
2025-09-21 08:45:00+05:30,4476.628240993354,4477.5,4471.15,4475.2625,4477.954541918923,4502.954541918923,4452.954541918923,-1
2025-09-21 09:00:00+05:30,4475.945370496676,4476.4,4472.75,4475.1125,4477.3861335351385,4502.3861335351385,4452.3861335351385,-1
2025-09-21 09:15:00+05:30,4475.528935248338,4477.6,4475.0,4476.1625,4477.141406828111,4502.141406828111,4452.141406828111,-1
2025-09-21 09:30:00+05:30,4475.845717624169,4477.65,4467.4,4472.9,4476.293125462489,4501.293125462489,4451.293125462489,-1
2025-09-21 09:45:00+05:30,4474.372858812085,4474.372858812085,4468.65,4469.5875,4474.952000369991,4499.952000369991,4449.952000369991,-1
2025-09-21 10:00:00+05:30,4471.980179406042,4472.0,4468.45,4469.875,4473.936600295993,4498.936600295993,4448.936600295993,-1
2025-09-21 10:15:00+05:30,4470.927589703021,4471.45,4468.55,4470.225,4473.194280236795,4498.194280236795,4448.194280236795,-1
2025-09-21 10:30:00+05:30,4470.576294851511,4472.0,4465.35,4468.675,4472.290424189436,4497.290424189436,4447.290424189436,-1
2025-09-21 10:45:00+05:30,4469.625647425755,4469.625647425755,4466.0,4467.45,4471.322339351549,4496.322339351549,4446.322339351549,-1
2025-09-21 11:00:00+05:30,4468.537823712877,4471.35,4467.05,4469.5625,4470.970371481239,4495.970371481239,4445.970371481239,-1
2025-09-21 11:15:00+05:30,4469.0501618564385,4477.0,4469.0501618564385,4474.025,4471.581297184992,4496.581297184992,4446.581297184992,1
2025-09-21 11:30:00+05:30,4471.5375809282195,4483.45,4471.5375809282195,4479.55,4473.175037747994,4498.175037747994,4448.175037747994,1
2025-09-21 11:45:00+05:30,4475.543790464109,4483.75,4475.543790464109,4481.325,4474.805030198396,4499.805030198396,4449.805030198396,1
2025-09-21 12:00:00+05:30,4478.434395232054,4491.9,4478.434395232054,4485.7125,4476.986524158717,4501.986524158717,4451.986524158717,1
2025-09-21 12:15:00+05:30,4482.073447616027,4490.55,4482.073447616027,4487.0625,4479.001719326974,4504.001719326974,4454.001719326974,1
2025-09-21 12:30:00+05:30,4484.567973808013,4484.85,4477.35,4481.675,4479.536375461579,4504.536375461579,4454.536375461579,1
2025-09-21 12:45:00+05:30,4483.121486904007,4483.121486904007,4477.0,4479.5125,4479.531600369263,4504.531600369263,4454.531600369263,-1
2025-09-21 13:00:00+05:30,4481.316993452003,4482.25,4479.35,4480.175,4479.660280295411,4504.660280295411,4454.660280295411,1
2025-09-21 13:15:00+05:30,4480.745996726002,4480.745996726002,4474.3,4477.599999999999,4479.248224236329,4504.248224236329,4454.248224236329,-1
2025-09-21 13:30:00+05:30,4479.172998363001,4479.172998363001,4472.25,4475.2375,4478.446079389064,4503.446079389064,4453.446079389064,-1
2025-09-21 13:45:00+05:30,4477.205249181501,4477.205249181501,4465.75,4469.849999999999,4476.726863511251,4501.726863511251,4451.726863511251,-1
2025-09-21 14:00:00+05:30,4473.52762459075,4473.52762459075,4465.0,4467.75,4474.931490809001,4499.931490809001,4449.931490809001,-1
2025-09-21 14:15:00+05:30,4470.638812295375,4470.638812295375,4466.6,4468.575,4473.660192647201,4498.660192647201,4448.660192647201,-1
2025-09-21 14:30:00+05:30,4469.606906147687,4473.0,4463.85,4467.325000000001,4472.393154117761,4497.393154117761,4447.393154117761,-1
2025-09-21 14:45:00+05:30,4468.4659530738445,4468.4659530738445,4451.35,4458.6875,4469.652023294208,4494.652023294208,4444.652023294208,-1
2025-09-21 15:00:00+05:30,4463.576726536922,4463.576726536922,4441.0,4452.225,4466.166618635367,4491.166618635367,4441.166618635367,-1
2025-09-21 15:15:00+05:30,4457.900863268462,4466.7,4451.5,4459.6625,4464.8657949082935,4489.8657949082935,4439.8657949082935,-1
2025-09-21 15:30:00+05:30,4458.781681634231,4467.9,4458.781681634231,4463.825,4464.6576359266355,4489.6576359266355,4439.6576359266355,-1
2025-09-21 15:45:00+05:30,4461.303340817116,4466.3,4458.3,4462.7375,4464.273608741309,4489.273608741309,4439.273608741309,-1
2025-09-21 16:00:00+05:30,4462.0204204085585,4468.1,4462.0204204085585,4464.7,4464.358886993047,4489.358886993047,4439.358886993047,1
2025-09-21 16:15:00+05:30,4463.360210204279,4463.85,4456.6,4460.4,4463.567109594438,4488.567109594438,4438.567109594438,-1
2025-09-21 16:30:00+05:30,4461.880105102139,4465.6,4454.15,4460.137500000001,4462.881187675551,4487.881187675551,4437.881187675551,-1
2025-09-21 16:45:00+05:30,4461.00880255107,4463.6,4458.45,4461.8,4462.664950140441,4487.664950140441,4437.664950140441,-1
2025-09-21 17:00:00+05:30,4461.404401275535,4465.1,4460.0,4462.625,4462.656960112353,4487.656960112353,4437.656960112353,-1
2025-09-21 17:15:00+05:30,4462.014700637767,4463.6,4457.85,4460.9125,4462.308068089883,4487.308068089883,4437.308068089883,-1
2025-09-21 17:30:00+05:30,4461.463600318884,4465.1,4458.85,4461.775,4462.201454471906,4487.201454471906,4437.201454471906,-1
2025-09-21 17:45:00+05:30,4461.619300159442,4469.9,4461.619300159442,4466.525,4463.066163577525,4488.066163577525,4438.066163577525,1
2025-09-21 18:00:00+05:30,4464.072150079721,4472.75,4462.75,4466.975,4463.847930862021,4488.847930862021,4438.847930862021,1
2025-09-21 18:15:00+05:30,4465.523575039861,4468.6,4460.0,4464.6,4463.998344689617,4488.998344689617,4438.998344689617,1
2025-09-21 18:30:00+05:30,4465.0617875199305,4471.35,4464.5,4467.5,4464.698675751693,4489.698675751693,4439.698675751693,1
2025-09-21 18:45:00+05:30,4466.280893759966,4470.9,4466.280893759966,4468.849999999999,4465.528940601354,4490.528940601354,4440.528940601354,1
2025-09-21 19:00:00+05:30,4467.565446879982,4480.9,4467.5,4471.9625,4466.815652481084,4491.815652481084,4441.815652481084,1
2025-09-21 19:15:00+05:30,4469.763973439991,4475.85,4469.65,4472.5,4467.952521984867,4492.952521984867,4442.952521984867,1
2025-09-21 19:30:00+05:30,4471.131986719995,4478.2,4470.25,4475.3,4469.4220175878945,4494.4220175878945,4444.4220175878945,1
2025-09-21 19:45:00+05:30,4473.215993359998,4478.2,4473.0,4475.849999999999,4470.707614070316,4495.707614070316,4445.707614070316,1
2025-09-21 20:00:00+05:30,4474.532996679998,4478.35,4470.0,4475.25,4471.616091256253,4496.616091256253,4446.616091256253,1
2025-09-21 20:15:00+05:30,4474.891498339999,4483.4,4471.15,4476.1,4472.512873005003,4497.512873005003,4447.512873005003,1
2025-09-21 20:30:00+05:30,4475.49574917,4482.35,4470.75,4476.6125,4473.3327984040025,4498.3327984040025,4448.3327984040025,1
2025-09-21 20:45:00+05:30,4476.054124585,4482.9,4476.054124585,4479.6875,4474.603738723203,4499.603738723203,4449.603738723203,1
2025-09-21 21:00:00+05:30,4477.8708122925,4483.9,4473.25,4479.3,4475.542990978563,4500.542990978563,4450.542990978563,1
2025-09-21 21:15:00+05:30,4478.5854061462505,4485.85,4478.5854061462505,4482.525000000001,4476.9393927828505,4501.9393927828505,4451.9393927828505,1
2025-09-21 21:30:00+05:30,4480.555203073125,4488.15,4480.555203073125,4483.3875,4478.229014226281,4503.229014226281,4453.229014226281,1
2025-09-21 21:45:00+05:30,4481.971351536562,4483.35,4474.95,4480.8875,4478.7607113810245,4503.7607113810245,4453.7607113810245,1
2025-09-21 22:00:00+05:30,4481.429425768281,4484.9,4465.0,4475.7125,4478.15106910482,4503.15106910482,4453.15106910482,-1
2025-09-21 22:15:00+05:30,4478.5709628841405,4478.5709628841405,4462.85,4470.9,4476.700855283856,4501.700855283856,4451.700855283856,-1
2025-09-21 22:30:00+05:30,4474.7354814420705,4477.6,4467.85,4472.837500000001,4475.928184227085,4500.928184227085,4450.928184227085,-1
2025-09-21 22:45:00+05:30,4473.786490721035,4474.4,4465.75,4470.537499999999,4474.8500473816675,4499.8500473816675,4449.8500473816675,-1
2025-09-21 23:00:00+05:30,4472.161995360517,4474.35,4466.25,4471.325000000001,4474.145037905334,4499.145037905334,4449.145037905334,-1
2025-09-21 23:15:00+05:30,4471.743497680259,4493.95,4471.743497680259,4482.4,4475.796030324267,4500.796030324267,4450.796030324267,1
2025-09-21 23:30:00+05:30,4477.07174884013,4494.65,4477.07174884013,4489.4,4478.516824259414,4503.516824259414,4453.516824259414,1
2025-09-21 23:45:00+05:30,4483.235874420065,4490.75,4482.8,4486.2625,4480.065959407531,4505.065959407531,4455.065959407531,1
2025-09-22 00:00:00+05:30,4484.749187210033,4493.4,4484.749187210033,4488.8125,4481.815267526025,4506.815267526025,4456.815267526025,1
2025-09-22 00:15:00+05:30,4486.780843605016,4496.2,4486.780843605016,4493.587500000001,4484.169714020821,4509.169714020821,4459.169714020821,1
2025-09-22 00:30:00+05:30,4490.184171802508,4497.95,4475.35,4487.25,4484.785771216657,4509.785771216657,4459.785771216657,1
2025-09-22 00:45:00+05:30,4488.717085901254,4491.5,4476.9,4484.85,4484.798616973326,4509.798616973326,4459.798616973326,1
2025-09-22 01:00:00+05:30,4486.783542950627,4492.3,4484.15,4488.375,4485.513893578661,4510.513893578661,4460.513893578661,1
2025-09-22 01:15:00+05:30,4487.579271475313,4493.7,4485.45,4489.474999999999,4486.3061148629295,4511.3061148629295,4461.3061148629295,1
2025-09-22 01:30:00+05:30,4488.527135737657,4493.85,4483.0,4488.9375,4486.832391890344,4511.832391890344,4461.832391890344,1
2025-09-22 01:45:00+05:30,4488.732317868828,4490.55,4483.3,4487.375,4486.940913512276,4511.940913512276,4461.940913512276,1
2025-09-22 02:00:00+05:30,4488.053658934414,4489.45,4478.65,4484.075,4486.367730809821,4511.367730809821,4461.367730809821,-1
2025-09-22 02:15:00+05:30,4486.064329467206,4486.064329467206,4473.1,4476.2875,4484.351684647858,4509.351684647858,4459.351684647858,-1
2025-09-22 02:30:00+05:30,4481.175914733603,4481.175914733603,4468.6,4472.8875,4482.058847718286,4507.058847718286,4457.058847718286,-1
2025-09-22 02:45:00+05:30,4477.031707366801,4477.031707366801,4465.6,4469.9625,4479.63957817463,4504.63957817463,4454.63957817463,-1
2025-09-22 03:00:00+05:30,4473.4971036834,4477.3,4465.75,4471.15,4477.941662539704,4502.941662539704,4452.941662539704,-1
2025-09-22 03:15:00+05:30,4472.3235518417005,4475.1,4468.6,4472.1875,4476.790830031763,4501.790830031763,4451.790830031763,-1
2025-09-22 03:30:00+05:30,4472.25552592085,4476.35,4455.55,4464.3375,4474.300164025411,4499.300164025411,4449.300164025411,-1
2025-09-22 03:45:00+05:30,4468.296512960425,4468.296512960425,4443.4,4453.6625,4470.172631220328,4495.172631220328,4445.172631220328,-1
2025-09-22 04:00:00+05:30,4460.979506480213,4466.0,4450.8,4459.4,4468.018104976262,4493.018104976262,4443.018104976262,-1
2025-09-22 04:15:00+05:30,4460.189753240106,4468.8,4460.189753240106,4465.087500000001,4467.4319839810105,4492.4319839810105,4442.4319839810105,-1
2025-09-22 04:30:00+05:30,4462.638626620053,4463.95,4440.9,4453.787499999999,4464.703087184808,4489.703087184808,4439.703087184808,-1
2025-09-22 04:45:00+05:30,4458.213063310026,4458.213063310026,4441.85,4447.7625,4461.314969747847,4486.314969747847,4436.314969747847,-1
2025-09-22 05:00:00+05:30,4452.987781655012,4455.6,4445.85,4451.7875,4459.4094757982775,4484.4094757982775,4434.4094757982775,-1
2025-09-22 05:15:00+05:30,4452.387640827506,4453.8,4442.45,4448.549999999999,4457.237580638622,4482.237580638622,4432.237580638622,-1
2025-09-22 05:30:00+05:30,4450.468820413753,4454.95,4438.2,4446.3625,4455.062564510898,4480.062564510898,4430.062564510898,-1
2025-09-22 05:45:00+05:30,4448.415660206876,4450.5,4420.8,4436.3375,4451.317551608718,4476.317551608718,4426.317551608718,-1
2025-09-22 06:00:00+05:30,4442.376580103438,4442.376580103438,4348.75,4389.675,4438.9890412869745,4463.9890412869745,4413.9890412869745,-1
2025-09-22 06:15:00+05:30,4416.025790051719,4416.025790051719,4320.4,4345.025,4420.19623302958,4445.19623302958,4395.19623302958,-1
2025-09-22 06:30:00+05:30,4380.525395025859,4380.525395025859,4327.45,4338.175,4403.791986423665,4428.791986423665,4378.791986423665,-1
2025-09-22 06:45:00+05:30,4359.350197512929,4359.350197512929,4326.5,4338.55,4390.743589138932,4415.743589138932,4365.743589138932,-1
2025-09-22 07:00:00+05:30,4348.950098756464,4348.950098756464,4333.15,4341.1125,4380.817371311146,4405.817371311146,4355.817371311146,-1
2025-09-22 07:15:00+05:30,4345.031299378232,4349.55,4324.4,4336.2875,4371.911397048918,4396.911397048918,4346.911397048918,-1
2025-09-22 07:30:00+05:30,4340.659399689116,4340.659399689116,4317.25,4327.5,4363.029117639135,4388.029117639135,4338.029117639135,-1
2025-09-22 07:45:00+05:30,4334.0796998445585,4334.0796998445585,4286.6,4313.4125,4353.105794111308,4378.105794111308,4328.105794111308,-1
2025-09-22 08:00:00+05:30,4323.746099922279,4323.746099922279,4258.5,4291.6125,4340.8071352890465,4365.8071352890465,4315.8071352890465,-1
2025-09-22 08:15:00+05:30,4307.67929996114,4307.67929996114,4286.1,4290.5125,4330.748208231237,4355.748208231237,4305.748208231237,-1
2025-09-22 08:30:00+05:30,4299.09589998057,4304.45,4286.05,4293.8125,4323.36106658499,4348.36106658499,4298.36106658499,-1
2025-09-22 08:45:00+05:30,4296.454199990285,4305.45,4294.85,4300.1875,4318.726353267993,4343.726353267993,4293.726353267993,-1
2025-09-22 09:00:00+05:30,4298.320849995142,4306.95,4290.65,4298.6875,4314.718582614394,4339.718582614394,4289.718582614394,-1
2025-09-22 09:15:00+05:30,4298.504174997572,4307.2,4293.1,4299.6875,4311.712366091515,4336.712366091515,4286.712366091515,-1
2025-09-22 09:30:00+05:30,4299.095837498786,4309.7,4295.65,4301.3875,4309.647392873212,4334.647392873212,4284.647392873212,-1
2025-09-22 09:45:00+05:30,4300.241668749393,4301.9,4290.2,4297.1625,4307.15041429857,4332.15041429857,4282.15041429857,-1
2025-09-22 10:00:00+05:30,4298.702084374697,4305.9,4296.15,4299.6875,4305.657831438855,4330.657831438855,4280.657831438855,-1
2025-09-22 10:15:00+05:30,4299.194792187349,4299.194792187349,4286.45,4292.174999999999,4302.961265151084,4327.961265151084,4277.961265151084,-1
2025-09-22 10:30:00+05:30,4295.684896093674,4295.684896093674,4280.7,4287.725,4299.9140121208675,4324.9140121208675,4274.9140121208675,-1
2025-09-22 10:45:00+05:30,4291.704948046838,4297.65,4283.85,4291.625,4298.256209696694,4323.256209696694,4273.256209696694,-1
2025-09-22 11:00:00+05:30,4291.664974023419,4295.35,4277.3,4286.6875,4295.942467757355,4320.942467757355,4270.942467757355,-1
2025-09-22 11:15:00+05:30,4289.176237011709,4289.176237011709,4215.0,4249.625,4286.6789742058845,4311.6789742058845,4261.6789742058845,-1
2025-09-22 11:30:00+05:30,4269.400618505855,4269.400618505855,4043.85,4165.700000000001,4262.483179364708,4287.483179364708,4237.483179364708,-1
2025-09-22 11:45:00+05:30,4217.550309252928,4217.550309252928,4145.0,4169.9125,4243.969043491767,4268.969043491767,4218.969043491767,-1
2025-09-22 12:00:00+05:30,4193.731404626464,4197.5,4171.7,4185.225,4232.2202347934135,4257.2202347934135,4207.2202347934135,-1
2025-09-22 12:15:00+05:30,4189.478202313232,4194.35,4177.8,4188.85,4223.546187834731,4248.546187834731,4198.546187834731,-1
2025-09-22 12:30:00+05:30,4189.164101156616,4215.0,4183.95,4195.174999999999,4217.871950267785,4242.871950267785,4192.871950267785,-1
2025-09-22 12:45:00+05:30,4192.169550578308,4202.3,4181.85,4194.025,4213.102560214228,4238.102560214228,4188.102560214228,-1
2025-09-22 13:00:00+05:30,4193.097275289154,4225.15,4193.097275289154,4205.8375,4211.649548171383,4236.649548171383,4186.649548171383,-1
2025-09-22 13:15:00+05:30,4199.467387644577,4204.65,4191.1,4197.575000000001,4208.834638537107,4233.834638537107,4183.834638537107,-1
2025-09-22 13:30:00+05:30,4198.521193822289,4206.7,4185.0,4195.362499999999,4206.140210829686,4231.140210829686,4181.140210829686,-1
2025-09-22 13:45:00+05:30,4196.941846911144,4204.85,4189.55,4196.075,4204.127168663749,4229.127168663749,4179.127168663749,-1
2025-09-22 14:00:00+05:30,4196.5084234555725,4203.85,4188.6,4196.025000000001,4202.506734930999,4227.506734930999,4177.506734930999,-1
2025-09-22 14:15:00+05:30,4196.266711727787,4203.85,4190.8,4196.6875,4201.3428879448,4226.3428879448,4176.3428879448,-1
2025-09-22 14:30:00+05:30,4196.4771058638935,4196.4771058638935,4182.35,4188.9875,4198.87181035584,4223.87181035584,4173.87181035584,-1
2025-09-22 14:45:00+05:30,4192.732302931947,4192.732302931947,4175.05,4182.8,4195.657448284673,4220.657448284673,4170.657448284673,-1
2025-09-22 15:00:00+05:30,4187.766151465974,4187.766151465974,4162.75,4173.4,4191.205958627738,4216.205958627738,4166.205958627738,-1
2025-09-22 15:15:00+05:30,4180.583075732987,4180.583075732987,4135.8,4155.75,4184.11476690219,4209.11476690219,4159.11476690219,-1
2025-09-22 15:30:00+05:30,4168.166537866493,4170.0,4137.6,4155.087500000001,4178.309313521752,4203.309313521752,4153.309313521752,-1
2025-09-22 15:45:00+05:30,4161.627018933246,4172.6,4161.627018933246,4166.85,4176.017450817402,4201.017450817402,4151.017450817402,-1
2025-09-22 16:00:00+05:30,4164.238509466623,4170.2,4153.1,4162.7,4173.353960653922,4198.353960653922,4148.353960653922,-1
2025-09-22 16:15:00+05:30,4163.469254733312,4188.75,4157.05,4171.025,4172.888168523137,4197.888168523137,4147.888168523137,-1
2025-09-22 16:30:00+05:30,4167.247127366656,4188.85,4167.247127366656,4181.8625,4174.68303481851,4199.68303481851,4149.68303481851,1
2025-09-22 16:45:00+05:30,4174.554813683328,4190.45,4172.1,4180.825,4175.911427854809,4200.911427854809,4150.911427854809,1
2025-09-22 17:00:00+05:30,4177.689906841664,4183.1,4176.4,4180.1875,4176.766642283847,4201.766642283847,4151.766642283847,1
2025-09-22 17:15:00+05:30,4178.938703420832,4188.3,4176.3,4181.675,4177.748313827078,4202.748313827078,4152.748313827078,1
2025-09-22 17:30:00+05:30,4180.306851710417,4182.0,4167.5,4176.9,4177.578651061663,4202.578651061663,4152.578651061663,-1
2025-09-22 17:45:00+05:30,4178.603425855208,4188.9,4173.55,4180.824999999999,4178.22792084933,4203.22792084933,4153.22792084933,1
2025-09-22 18:00:00+05:30,4179.7142129276035,4185.75,4172.65,4180.0,4178.582336679465,4203.582336679465,4153.582336679465,1
2025-09-22 18:15:00+05:30,4179.857106463802,4198.65,4177.6,4186.6375,4180.193369343572,4205.193369343572,4155.193369343572,1
2025-09-22 18:30:00+05:30,4183.247303231901,4204.75,4183.247303231901,4196.8,4183.514695474858,4208.514695474858,4158.514695474858,1
2025-09-22 18:45:00+05:30,4190.023651615951,4215.85,4190.023651615951,4203.612499999999,4187.534256379886,4212.534256379886,4162.534256379886,1
2025-09-22 19:00:00+05:30,4196.818075807975,4201.95,4178.0,4190.6,4188.147405103909,4213.147405103909,4163.147405103909,1
2025-09-22 19:15:00+05:30,4193.709037903987,4207.7,4172.05,4191.775,4188.872924083127,4213.872924083127,4163.872924083127,1
2025-09-22 19:30:00+05:30,4192.7420189519935,4213.2,4192.7420189519935,4202.825,4191.663339266503,4216.663339266503,4166.663339266503,1
2025-09-22 19:45:00+05:30,4197.783509475997,4218.3,4196.35,4206.712500000001,4194.673171413202,4219.673171413202,4169.673171413202,1
2025-09-22 20:00:00+05:30,4202.248004737999,4218.1,4192.55,4205.75,4196.888537130562,4221.888537130562,4171.888537130562,1
2025-09-22 20:15:00+05:30,4203.999002368999,4203.999002368999,4181.5,4192.025,4195.91582970445,4220.91582970445,4170.91582970445,-1
2025-09-22 20:30:00+05:30,4198.012001184499,4198.012001184499,4168.0,4181.1375,4192.96016376356,4217.96016376356,4167.96016376356,-1
2025-09-22 20:45:00+05:30,4189.57475059225,4189.57475059225,4165.9,4173.3,4189.028131010848,4214.028131010848,4164.028131010848,-1
2025-09-22 21:00:00+05:30,4181.4373752961255,4181.4373752961255,4166.15,4173.287499999999,4185.880004808679,4210.880004808679,4160.880004808679,-1
2025-09-22 21:15:00+05:30,4177.362437648062,4177.362437648062,4157.15,4167.3125,4182.166503846944,4207.166503846944,4157.166503846944,-1
2025-09-22 21:30:00+05:30,4172.337468824031,4179.4,4163.75,4171.9375,4180.120703077555,4205.120703077555,4155.120703077555,-1
2025-09-22 21:45:00+05:30,4172.1374844120155,4182.05,4167.6,4175.3625,4179.169062462044,4204.169062462044,4154.169062462044,-1
2025-09-22 22:00:00+05:30,4173.749992206008,4179.35,4165.75,4171.475,4177.630249969636,4202.630249969636,4152.630249969636,-1
2025-09-22 22:15:00+05:30,4172.612496103004,4172.7,4159.0,4165.3625,4175.176699975709,4200.176699975709,4150.176699975709,-1
2025-09-22 22:30:00+05:30,4168.9874980515015,4168.9874980515015,4145.0,4156.95,4171.531359980568,4196.531359980568,4146.531359980568,-1
2025-09-22 22:45:00+05:30,4162.968749025751,4172.75,4150.0,4160.6875,4169.362587984454,4194.362587984454,4144.362587984454,-1
2025-09-22 23:00:00+05:30,4161.828124512876,4178.8,4159.9,4168.95,4169.280070387564,4194.280070387564,4144.280070387564,-1
2025-09-22 23:15:00+05:30,4165.389062256438,4175.6,4160.0,4167.55,4168.934056310051,4193.934056310051,4143.934056310051,-1
2025-09-22 23:30:00+05:30,4166.469531128219,4172.7,4160.8,4167.15,4168.577245048042,4193.577245048042,4143.577245048042,-1
2025-09-22 23:45:00+05:30,4166.8097655641095,4174.7,4166.8097655641095,4171.2875,4169.119296038434,4194.119296038434,4144.119296038434,1
2025-09-23 00:00:00+05:30,4169.0486327820545,4177.4,4164.35,4169.2375,4169.142936830747,4194.142936830747,4144.142936830747,1
2025-09-23 00:15:00+05:30,4169.143066391027,4169.143066391027,4154.4,4159.4,4167.1943494645975,4192.1943494645975,4142.1943494645975,-1
2025-09-23 00:30:00+05:30,4164.271533195513,4164.271533195513,4148.15,4153.6125,4164.477979571679,4189.477979571679,4139.477979571679,-1
2025-09-23 00:45:00+05:30,4158.942016597757,4165.25,4143.05,4153.6875,4162.319883657343,4187.319883657343,4137.319883657343,-1
2025-09-23 01:00:00+05:30,4156.314758298879,4156.314758298879,4121.9,4142.5125,4158.358406925874,4183.358406925874,4133.358406925874,-1
2025-09-23 01:15:00+05:30,4149.41362914944,4149.41362914944,4124.25,4136.8875,4154.0642255407,4179.0642255407,4129.0642255407,-1
2025-09-23 01:30:00+05:30,4143.15056457472,4155.3,4133.4,4143.3,4151.911380432561,4176.911380432561,4126.911380432561,-1
2025-09-23 01:45:00+05:30,4143.22528228736,4158.85,4143.22528228736,4152.762500000001,4152.081604346049,4177.081604346049,4127.081604346049,1
2025-09-23 02:00:00+05:30,4147.99389114368,4175.4,4147.99389114368,4166.224999999999,4154.910283476839,4179.910283476839,4129.910283476839,1
2025-09-23 02:15:00+05:30,4157.109445571839,4188.65,4157.109445571839,4178.5625,4159.640726781472,4184.640726781472,4134.640726781472,1
2025-09-23 02:30:00+05:30,4167.83597278592,4186.05,4167.83597278592,4180.375,4163.787581425177,4188.787581425177,4138.787581425177,1
2025-09-23 02:45:00+05:30,4174.10548639296,4191.85,4174.10548639296,4185.087500000001,4168.047565140142,4193.047565140142,4143.047565140142,1
2025-09-23 03:00:00+05:30,4179.596493196481,4195.2,4179.596493196481,4190.825000000001,4172.603052112114,4197.603052112114,4147.603052112114,1
2025-09-23 03:15:00+05:30,4185.210746598241,4197.6,4185.210746598241,4194.3,4176.942441689691,4201.942441689691,4151.942441689691,1
2025-09-23 03:30:00+05:30,4189.75537329912,4197.3,4184.95,4192.3375,4180.021453351753,4205.021453351753,4155.021453351753,1
2025-09-23 03:45:00+05:30,4191.04643664956,4197.05,4187.4,4190.375,4182.092162681402,4207.092162681402,4157.092162681402,1
2025-09-23 04:00:00+05:30,4190.71071832478,4193.0,4183.5,4188.45,4183.363730145122,4208.363730145122,4158.363730145122,1
2025-09-23 04:15:00+05:30,4189.58035916239,4190.6,4183.0,4188.200000000001,4184.330984116098,4209.330984116098,4159.330984116098,1
2025-09-23 04:30:00+05:30,4188.890179581195,4197.0,4187.7,4193.0125,4186.067287292879,4211.067287292879,4161.067287292879,1
2025-09-23 04:45:00+05:30,4190.951339790598,4207.2,4190.951339790598,4200.5125,4188.956329834304,4213.956329834304,4163.956329834304,1
2025-09-23 05:00:00+05:30,4195.731919895299,4206.55,4195.731919895299,4202.9,4191.745063867444,4216.745063867444,4166.745063867444,1
2025-09-23 05:15:00+05:30,4199.315959947649,4203.95,4194.5,4199.75,4193.346051093955,4218.346051093955,4168.346051093955,1
2025-09-23 05:30:00+05:30,4199.532979973825,4206.65,4193.95,4200.4375,4194.764340875165,4219.764340875165,4169.764340875165,1
2025-09-23 05:45:00+05:30,4199.985239986912,4210.85,4199.985239986912,4206.0,4197.011472700132,4222.011472700132,4172.011472700132,1
2025-09-23 06:00:00+05:30,4202.992619993456,4210.35,4192.4,4200.9125,4197.791678160106,4222.791678160106,4172.791678160106,1
2025-09-23 06:15:00+05:30,4201.952559996728,4201.952559996728,4188.8,4192.650000000001,4196.763342528086,4221.763342528086,4171.763342528086,-1
2025-09-23 06:30:00+05:30,4197.301279998364,4197.301279998364,4174.05,4183.525,4194.115674022469,4219.115674022469,4169.115674022469,-1
2025-09-23 06:45:00+05:30,4190.413139999182,4198.6,4174.35,4186.6,4192.612539217975,4217.612539217975,4167.612539217975,-1
2025-09-23 07:00:00+05:30,4188.506569999591,4197.85,4166.65,4183.475,4190.78503137438,4215.78503137438,4165.78503137438,-1
2025-09-23 07:15:00+05:30,4185.990784999796,4185.990784999796,4162.0,4169.175,4186.463025099504,4211.463025099504,4161.463025099504,-1
2025-09-23 07:30:00+05:30,4177.582892499899,4182.9,4159.9,4170.575,4183.285420079604,4208.285420079604,4158.285420079604,-1
2025-09-23 07:45:00+05:30,4174.078946249949,4177.4,4156.75,4167.1875,4180.065836063683,4205.065836063683,4155.065836063683,-1
2025-09-23 08:00:00+05:30,4170.633223124974,4170.633223124974,4152.0,4157.95,4175.642668850946,4200.642668850946,4150.642668850946,-1
2025-09-23 08:15:00+05:30,4164.291611562487,4164.291611562487,4139.3,4150.225,4170.559135080757,4195.559135080757,4145.559135080757,-1
2025-09-23 08:30:00+05:30,4157.2583057812435,4157.2583057812435,4113.25,4133.9,4163.2273080646055,4188.2273080646055,4138.2273080646055,-1
2025-09-23 08:45:00+05:30,4145.579152890621,4180.9,4135.5,4157.275,4162.036846451685,4187.036846451685,4137.036846451685,-1
2025-09-23 09:00:00+05:30,4151.42707644531,4196.7,4151.42707644531,4182.85,4166.199477161348,4191.199477161348,4141.199477161348,1
2025-09-23 09:15:00+05:30,4167.138538222655,4194.45,4167.138538222655,4186.85,4170.329581729079,4195.329581729079,4145.329581729079,1
2025-09-23 09:30:00+05:30,4176.994269111328,4193.0,4175.75,4183.0375,4172.871165383263,4197.871165383263,4147.871165383263,1
2025-09-23 09:45:00+05:30,4180.015884555664,4180.015884555664,4162.45,4169.712500000001,4172.239432306611,4197.239432306611,4147.239432306611,-1
2025-09-23 10:00:00+05:30,4174.864192277832,4175.65,4153.45,4166.25,4171.041545845289,4196.041545845289,4146.041545845289,-1
2025-09-23 10:15:00+05:30,4170.557096138917,4178.05,4166.75,4173.325,4171.4982366762315,4196.4982366762315,4146.4982366762315,1
2025-09-23 10:30:00+05:30,4171.941048069459,4182.9,4163.45,4175.987499999999,4172.396089340986,4197.396089340986,4147.396089340986,1
2025-09-23 10:45:00+05:30,4173.964274034729,4188.7,4173.964274034729,4182.325,4174.381871472789,4199.381871472789,4149.381871472789,1
2025-09-23 11:00:00+05:30,4178.144637017364,4193.85,4178.144637017364,4188.05,4177.115497178231,4202.115497178231,4152.115497178231,1
2025-09-23 11:15:00+05:30,4183.097318508682,4193.0,4181.85,4186.45,4178.982397742585,4203.982397742585,4153.982397742585,1
2025-09-23 11:30:00+05:30,4184.773659254341,4196.1,4177.05,4187.1375,4180.613418194068,4205.613418194068,4155.613418194068,1
2025-09-23 11:45:00+05:30,4185.955579627171,4203.9,4185.955579627171,4196.424999999999,4183.7757345552545,4208.7757345552545,4158.7757345552545,1
2025-09-23 12:00:00+05:30,4191.190289813585,4214.4,4191.190289813585,4204.1375,4187.848087644204,4212.848087644204,4162.848087644204,1
2025-09-23 12:15:00+05:30,4197.663894906793,4212.15,4197.663894906793,4204.525,4191.183470115363,4216.183470115363,4166.183470115363,1
2025-09-23 12:30:00+05:30,4201.094447453396,4208.2,4198.4,4203.8125,4193.709276092291,4218.709276092291,4168.709276092291,1
2025-09-23 12:45:00+05:30,4202.453473726699,4211.45,4200.1,4204.2375,4195.814920873832,4220.814920873832,4170.814920873832,1
2025-09-23 13:00:00+05:30,4203.345486863349,4209.35,4196.1,4203.150000000001,4197.281936699066,4222.281936699066,4172.281936699066,1
2025-09-23 13:15:00+05:30,4203.247743431675,4208.7,4202.5,4205.475,4198.9205493592535,4223.9205493592535,4173.9205493592535,1
2025-09-23 13:30:00+05:30,4204.361371715838,4210.5,4192.35,4203.1625,4199.768939487403,4224.768939487403,4174.768939487403,1
2025-09-23 13:45:00+05:30,4203.7619358579195,4213.7,4203.7619358579195,4208.2625,4201.467651589923,4226.467651589923,4176.467651589923,1
2025-09-23 14:00:00+05:30,4206.012217928959,4213.0,4203.3,4209.3875,4203.0516212719385,4228.0516212719385,4178.0516212719385,1
2025-09-23 14:15:00+05:30,4207.699858964479,4211.85,4205.35,4209.075000000001,4204.256297017551,4229.256297017551,4179.256297017551,1
2025-09-23 14:30:00+05:30,4208.38742948224,4227.15,4203.7,4214.7875,4206.362537614042,4231.362537614042,4181.362537614042,1
2025-09-23 14:45:00+05:30,4211.58746474112,4221.45,4198.6,4211.075,4207.305030091234,4232.305030091234,4182.305030091234,1
2025-09-23 15:00:00+05:30,4211.3312323705595,4211.3312323705595,4193.2,4198.512500000001,4205.546524072987,4230.546524072987,4180.546524072987,-1
2025-09-23 15:15:00+05:30,4204.92186618528,4204.92186618528,4183.45,4190.6125,4202.55971925839,4227.55971925839,4177.55971925839,-1
2025-09-23 15:30:00+05:30,4197.76718309264,4197.76718309264,4184.15,4190.45,4200.1377754067125,4225.1377754067125,4175.1377754067125,-1
2025-09-23 15:45:00+05:30,4194.10859154632,4195.15,4186.25,4191.037499999999,4198.317720325371,4223.317720325371,4173.317720325371,-1
2025-09-23 16:00:00+05:30,4192.57304577316,4193.55,4184.45,4189.212500000001,4196.496676260297,4221.496676260297,4171.496676260297,-1
2025-09-23 16:15:00+05:30,4190.89277288658,4195.15,4189.15,4191.325,4195.462341008238,4220.462341008238,4170.462341008238,-1
2025-09-23 16:30:00+05:30,4191.1088864432895,4191.9,4176.25,4185.7125,4193.51237280659,4218.51237280659,4168.51237280659,-1
2025-09-23 16:45:00+05:30,4188.410693221645,4190.05,4179.75,4185.1,4191.8298982452725,4216.8298982452725,4166.8298982452725,-1
2025-09-23 17:00:00+05:30,4186.755346610822,4194.5,4186.3,4190.425,4191.548918596218,4216.548918596218,4166.548918596218,-1
2025-09-23 17:15:00+05:30,4188.590173305411,4193.85,4187.9,4191.325,4191.504134876975,4216.504134876975,4166.504134876975,-1
2025-09-23 17:30:00+05:30,4189.957586652705,4194.55,4184.3,4190.8625,4191.375807901581,4216.375807901581,4166.375807901581,-1
2025-09-23 17:45:00+05:30,4190.410043326352,4199.7,4182.8,4190.387499999999,4191.178146321265,4216.178146321265,4166.178146321265,-1
2025-09-23 18:00:00+05:30,4190.3987716631755,4198.2,4182.5,4190.662499999999,4191.075017057012,4216.075017057012,4166.075017057012,-1
2025-09-23 18:15:00+05:30,4190.5306358315875,4203.7,4188.1,4195.725,4192.00501364561,4217.00501364561,4167.00501364561,1
2025-09-23 18:30:00+05:30,4193.127817915794,4197.15,4188.0,4192.85,4192.174010916488,4217.174010916488,4167.174010916488,1
2025-09-23 18:45:00+05:30,4192.988908957897,4197.75,4185.9,4192.925,4192.324208733191,4217.324208733191,4167.324208733191,1
2025-09-23 19:00:00+05:30,4192.956954478948,4208.65,4178.8,4192.25,4192.309366986553,4217.309366986553,4167.309366986553,-1
2025-09-23 19:15:00+05:30,4192.603477239474,4193.75,4180.0,4186.9,4191.227493589243,4216.227493589243,4166.227493589243,-1
2025-09-23 19:30:00+05:30,4189.751738619737,4210.45,4178.75,4193.1,4191.601994871395,4216.601994871395,4166.601994871395,1
2025-09-23 19:45:00+05:30,4191.425869309869,4197.8,4179.75,4189.475,4191.176595897116,4216.176595897116,4166.176595897116,-1
2025-09-23 20:00:00+05:30,4190.450434654935,4193.3,4163.0,4182.625,4189.466276717693,4214.466276717693,4164.466276717693,-1
2025-09-23 20:15:00+05:30,4186.537717327467,4190.95,4170.9,4181.424999999999,4187.858021374155,4212.858021374155,4162.858021374155,-1
2025-09-23 20:30:00+05:30,4183.981358663734,4186.85,4160.65,4175.575,4185.401417099324,4210.401417099324,4160.401417099324,-1
2025-09-23 20:45:00+05:30,4179.778179331866,4202.9,4173.45,4187.375,4185.79613367946,4210.79613367946,4160.79613367946,1
2025-09-23 21:00:00+05:30,4183.576589665933,4193.5,4177.9,4185.55,4185.746906943568,4210.746906943568,4160.746906943568,-1
2025-09-23 21:15:00+05:30,4184.563294832967,4188.55,4176.1,4181.025,4184.802525554855,4209.802525554855,4159.802525554855,-1
2025-09-23 21:30:00+05:30,4182.794147416484,4182.794147416484,4163.5,4174.875,4182.817020443884,4207.817020443884,4157.817020443884,-1
2025-09-23 21:45:00+05:30,4178.834573708242,4192.45,4170.5,4181.0875,4182.471116355107,4207.471116355107,4157.471116355107,-1
2025-09-23 22:00:00+05:30,4179.961036854121,4188.7,4162.5,4177.4625,4181.469393084086,4206.469393084086,4156.469393084086,-1
2025-09-23 22:15:00+05:30,4178.71176842706,4206.85,4170.95,4184.9375,4182.163014467269,4207.163014467269,4157.163014467269,1
2025-09-23 22:30:00+05:30,4181.82463421353,4193.0,4172.55,4182.887500000001,4182.3079115738155,4207.3079115738155,4157.3079115738155,1
2025-09-23 22:45:00+05:30,4182.356067106765,4185.3,4168.0,4174.0875,4180.663829259052,4205.663829259052,4155.663829259052,-1
2025-09-23 23:00:00+05:30,4178.221783553383,4178.221783553383,4139.0,4155.237499999999,4175.578563407242,4200.578563407242,4150.578563407242,-1
2025-09-23 23:15:00+05:30,4166.729641776691,4166.729641776691,4136.1,4146.425,4169.747850725794,4194.747850725794,4144.747850725794,-1
2025-09-23 23:30:00+05:30,4156.577320888346,4156.8,4145.0,4150.875,4165.973280580635,4190.973280580635,4140.973280580635,-1
2025-09-23 23:45:00+05:30,4153.726160444173,4163.8,4148.55,4155.9125,4163.961124464508,4188.961124464508,4138.961124464508,-1
2025-09-24 00:00:00+05:30,4154.819330222086,4166.8,4148.8,4155.775000000001,4162.323899571607,4187.323899571607,4137.323899571607,-1
2025-09-24 00:15:00+05:30,4155.297165111044,4157.75,4145.8,4152.4875,4160.3566196572865,4185.3566196572865,4135.3566196572865,-1
2025-09-24 00:30:00+05:30,4153.892332555522,4175.85,4153.892332555522,4164.35,4161.155295725829,4186.155295725829,4136.155295725829,1
2025-09-24 00:45:00+05:30,4159.121166277761,4182.7,4159.121166277761,4170.8375,4163.091736580664,4188.091736580664,4138.091736580664,1
2025-09-24 01:00:00+05:30,4164.979333138881,4171.65,4155.65,4163.475,4163.168389264531,4188.168389264531,4138.168389264531,1
2025-09-24 01:15:00+05:30,4164.227166569441,4164.227166569441,4140.9,4152.0,4160.934711411624,4185.934711411624,4135.934711411624,-1
2025-09-24 01:30:00+05:30,4158.11358328472,4162.85,4149.15,4155.575,4159.8627691292995,4184.8627691292995,4134.8627691292995,-1
2025-09-24 01:45:00+05:30,4156.84429164236,4160.85,4147.45,4154.387500000001,4158.76771530344,4183.76771530344,4133.76771530344,-1
2025-09-24 02:00:00+05:30,4155.61589582118,4166.7,4138.1,4154.9125,4157.9966722427525,4182.9966722427525,4132.9966722427525,-1
2025-09-24 02:15:00+05:30,4155.26419791059,4175.6,4155.26419791059,4167.7875,4159.954837794202,4184.954837794202,4134.954837794202,1
2025-09-24 02:30:00+05:30,4161.525848955295,4175.05,4161.525848955295,4170.175,4161.998870235362,4186.998870235362,4136.998870235362,1
2025-09-24 02:45:00+05:30,4165.850424477648,4174.0,4164.05,4170.237499999999,4163.64659618829,4188.64659618829,4138.64659618829,1
2025-09-24 03:00:00+05:30,4168.043962238824,4190.35,4168.043962238824,4181.137500000001,4167.144776950632,4192.144776950632,4142.144776950632,1
2025-09-24 03:15:00+05:30,4174.590731119412,4187.55,4174.590731119412,4184.337500000001,4170.583321560506,4195.583321560506,4145.583321560506,1
2025-09-24 03:30:00+05:30,4179.464115559706,4183.25,4173.3,4178.875,4172.241657248405,4197.241657248405,4147.241657248405,1
2025-09-24 03:45:00+05:30,4179.169557779853,4179.169557779853,4167.55,4173.575,4172.508325798724,4197.508325798724,4147.508325798724,1
2025-09-24 04:00:00+05:30,4176.372278889927,4188.0,4170.2,4177.85,4173.57666063898,4198.57666063898,4148.57666063898,1
2025-09-24 04:15:00+05:30,4177.111139444964,4184.75,4177.111139444964,4181.5125,4175.163828511184,4200.163828511184,4150.163828511184,1
2025-09-24 04:30:00+05:30,4179.311819722481,4184.05,4173.35,4179.575,4176.046062808948,4201.046062808948,4151.046062808948,1
2025-09-24 04:45:00+05:30,4179.44340986124,4182.0,4159.25,4170.6625,4174.969350247158,4199.969350247158,4149.969350247158,-1
2025-09-24 05:00:00+05:30,4175.05295493062,4176.45,4160.45,4167.112499999999,4173.397980197727,4198.397980197727,4148.397980197727,-1
2025-09-24 05:15:00+05:30,4171.082727465309,4171.082727465309,4162.4,4166.625,4172.043384158182,4197.043384158182,4147.043384158182,-1
2025-09-24 05:30:00+05:30,4168.853863732655,4170.85,4156.8,4164.9875,4170.6322073265455,4195.6322073265455,4145.6322073265455,-1
2025-09-24 05:45:00+05:30,4166.920681866328,4194.0,4166.920681866328,4178.9625,4172.298265861236,4197.298265861236,4147.298265861236,1
2025-09-24 06:00:00+05:30,4172.941590933164,4184.35,4172.75,4179.8625,4173.811112688989,4198.811112688989,4148.811112688989,1
2025-09-24 06:15:00+05:30,4176.402045466582,4187.0,4171.75,4177.625,4174.573890151191,4199.573890151191,4149.573890151191,1
2025-09-24 06:30:00+05:30,4177.013522733291,4183.0,4167.3,4176.5,4174.959112120953,4199.959112120953,4149.959112120953,1
2025-09-24 06:45:00+05:30,4176.756761366645,4189.2,4176.756761366645,4185.5875,4177.0847896967625,4202.0847896967625,4152.0847896967625,1
2025-09-24 07:00:00+05:30,4181.172130683322,4192.6,4181.172130683322,4186.95,4179.05783175741,4204.05783175741,4154.05783175741,1
2025-09-24 07:15:00+05:30,4184.061065341661,4191.85,4183.15,4186.825,4180.611265405928,4205.611265405928,4155.611265405928,1
2025-09-24 07:30:00+05:30,4185.44303267083,4190.8,4166.2,4178.6625,4180.221512324742,4205.221512324742,4155.221512324742,-1
2025-09-24 07:45:00+05:30,4182.052766335415,4182.052766335415,4159.8,4168.775,4177.932209859794,4202.932209859794,4152.932209859794,-1
2025-09-24 08:00:00+05:30,4175.413883167707,4175.413883167707,4165.6,4171.075,4176.560767887835,4201.560767887835,4151.560767887835,-1
2025-09-24 08:15:00+05:30,4173.244441583854,4174.75,4159.5,4168.2625,4174.901114310268,4199.901114310268,4149.901114310268,-1
2025-09-24 08:30:00+05:30,4170.753470791927,4173.0,4156.65,4165.1625,4172.9533914482145,4197.9533914482145,4147.9533914482145,-1
2025-09-24 08:45:00+05:30,4167.957985395964,4167.957985395964,4129.7,4148.5,4168.062713158572,4193.062713158572,4143.062713158572,-1
2025-09-24 09:00:00+05:30,4158.228992697982,4158.228992697982,4127.8,4137.6,4161.970170526858,4186.970170526858,4136.970170526858,-1
2025-09-24 09:15:00+05:30,4147.914496348991,4151.6,4137.35,4144.5,4158.476136421486,4183.476136421486,4133.476136421486,-1
2025-09-24 09:30:00+05:30,4146.207248174495,4146.6,4071.55,4115.8125,4149.9434091371895,4174.9434091371895,4124.9434091371895,-1
2025-09-24 09:45:00+05:30,4131.009874087247,4131.009874087247,4093.4,4111.95,4142.344727309752,4167.344727309752,4117.344727309752,-1
2025-09-24 10:00:00+05:30,4121.479937043623,4161.15,4121.479937043623,4141.85,4142.2457818478015,4167.2457818478015,4117.2457818478015,-1
2025-09-24 10:15:00+05:30,4131.664968521812,4154.7,4131.664968521812,4145.7125,4142.939125478241,4167.939125478241,4117.939125478241,1
2025-09-24 10:30:00+05:30,4138.688734260906,4150.85,4137.25,4144.3125,4143.213800382593,4168.213800382593,4118.213800382593,1
2025-09-24 10:45:00+05:30,4141.500617130453,4160.6,4141.500617130453,4153.4875,4145.268540306075,4170.268540306075,4120.268540306075,1
2025-09-24 11:00:00+05:30,4147.494058565227,4170.25,4147.494058565227,4161.775,4148.569832244861,4173.569832244861,4123.569832244861,1
2025-09-24 11:15:00+05:30,4154.634529282614,4174.85,4154.634529282614,4170.025000000001,4152.8608657958885,4177.8608657958885,4127.8608657958885,1
2025-09-24 11:30:00+05:30,4162.329764641307,4179.4,4162.329764641307,4173.875,4157.0636926367115,4182.0636926367115,4132.0636926367115,1
2025-09-24 11:45:00+05:30,4168.102382320653,4178.7,4165.9,4173.1,4160.270954109369,4185.270954109369,4135.270954109369,1
2025-09-24 12:00:00+05:30,4170.601191160327,4175.7,4170.1,4172.987499999999,4162.814263287495,4187.814263287495,4137.814263287495,1
2025-09-24 12:15:00+05:30,4171.794345580163,4183.0,4171.794345580163,4177.825000000001,4165.816410629996,4190.816410629996,4140.816410629996,1
