time,HA_open,HA_high,HA_low,HA_close,trendline
2026-01-29 14:00:00+05:30,2960.925,2968.1,2950.95,2960.225,2960.225
2026-01-29 14:15:00+05:30,2960.575,2960.575,2948.0,2952.925,2960.225
2026-01-29 14:30:00+05:30,2956.75,2956.75,2946.15,2949.7374999999997,2960.225
2026-01-29 14:45:00+05:30,2953.2437499999996,2953.2437499999996,2946.15,2947.9,2960.225
2026-01-29 15:00:00+05:30,2950.5718749999996,2951.3,2945.9,2948.8374999999996,2960.225
2026-01-29 15:15:00+05:30,2949.7046874999996,2949.7046874999996,2941.45,2945.4375,2960.225
2026-01-29 15:30:00+05:30,2947.57109375,2947.57109375,2940.65,2942.9875,2960.225
2026-01-29 15:45:00+05:30,2945.279296875,2948.6,2943.05,2945.525,2960.225
2026-01-29 16:00:00+05:30,2945.4021484375,2948.1,2944.75,2946.5625,2960.225
2026-01-29 16:15:00+05:30,2945.98232421875,2948.55,2941.65,2945.0125,2960.225
2026-01-29 16:30:00+05:30,2945.4974121093746,2945.4974121093746,2926.9,2938.9875,2960.225
2026-01-29 16:45:00+05:30,2942.2424560546874,2942.2424560546874,2923.0,2931.8375,2960.225
2026-01-29 17:00:00+05:30,2937.0399780273438,2937.0399780273438,2922.75,2925.8375,2960.225
2026-01-29 17:15:00+05:30,2931.4387390136717,2933.45,2925.65,2928.775,2960.225
2026-01-29 17:30:00+05:30,2930.106869506836,2933.35,2928.0,2930.45,2960.225
2026-01-29 17:45:00+05:30,2930.278434753418,2933.2,2928.95,2931.0875,2960.225
2026-01-29 18:00:00+05:30,2930.682967376709,2937.7,2924.8,2931.0874999999996,2960.225
2026-01-29 18:15:00+05:30,2930.885233688354,2936.15,2930.6,2933.4500000000003,2960.225
2026-01-29 18:30:00+05:30,2932.1676168441772,2938.45,2932.1676168441772,2935.3125,2960.225
2026-01-29 18:45:00+05:30,2933.7400584220886,2937.7,2932.85,2935.6125,2960.225
2026-01-29 19:00:00+05:30,2934.6762792110444,2937.45,2934.6762792110444,2936.125,2960.225
2026-01-29 19:15:00+05:30,2935.400639605522,2936.4,2930.55,2934.3875000000003,2960.225
2026-01-29 19:30:00+05:30,2934.894069802761,2936.05,2930.35,2933.2375,2960.225
2026-01-29 19:45:00+05:30,2934.0657849013805,2934.0657849013805,2916.0,2924.6875,2960.225
2026-01-29 20:00:00+05:30,2929.3766424506903,2929.3766424506903,2903.8,2913.2625,2960.225
2026-01-29 20:15:00+05:30,2921.319571225345,2921.319571225345,2874.6,2892.9624999999996,2960.225
2026-01-29 20:30:00+05:30,2907.1410356126726,2907.1410356126726,2811.4,2843.825,2960.225
2026-01-29 20:45:00+05:30,2875.483017806336,2875.483017806336,2804.25,2822.975,2960.225
2026-01-29 21:00:00+05:30,2849.229008903168,2849.229008903168,2795.85,2818.6124999999997,2960.225
2026-01-29 21:15:00+05:30,2833.920754451584,2833.920754451584,2800.3,2814.4375,2960.225
2026-01-29 21:30:00+05:30,2824.179127225792,2825.25,2800.7,2816.675,2960.225
2026-01-29 21:45:00+05:30,2820.427063612896,2825.7,2806.85,2815.3,2960.225
2026-01-29 22:00:00+05:30,2817.863531806448,2819.05,2808.55,2812.5875000000005,2960.225
2026-01-29 22:15:00+05:30,2815.2255159032243,2836.05,2809.35,2822.8500000000004,2960.225
2026-01-29 22:30:00+05:30,2819.0377579516125,2847.9,2819.0377579516125,2839.3125,2960.225
2026-01-29 22:45:00+05:30,2829.1751289758063,2859.5,2829.1751289758063,2843.9624999999996,2960.225
2026-01-29 23:00:00+05:30,2836.568814487903,2847.15,2827.05,2836.5,2960.225
2026-01-29 23:15:00+05:30,2836.5344072439516,2836.5344072439516,2818.15,2827.0125,2960.225
2026-01-29 23:30:00+05:30,2831.773453621976,2833.95,2822.2,2826.55,2960.225
2026-01-29 23:45:00+05:30,2829.161726810988,2829.161726810988,2800.9,2814.4625,2960.225
2026-01-30 00:00:00+05:30,2821.812113405494,2821.812113405494,2771.55,2797.4875,2960.225
2026-01-30 00:15:00+05:30,2809.649806702747,2809.649806702747,2753.3,2780.8374999999996,2809.649806702747
2026-01-30 00:30:00+05:30,2795.2436533513733,2795.2436533513733,2757.55,2768.1,2809.649806702747
2026-01-30 00:45:00+05:30,2781.6718266756866,2787.8,2769.0,2778.2625,2809.649806702747
2026-01-30 01:00:00+05:30,2779.967163337843,2811.0,2779.9,2792.8624999999997,2809.649806702747
2026-01-30 01:15:00+05:30,2786.4148316689216,2804.0,2786.4148316689216,2798.6124999999997,2809.649806702747
2026-01-30 01:30:00+05:30,2792.513665834461,2799.85,2789.35,2794.2375,2809.649806702747
2026-01-30 01:45:00+05:30,2793.3755829172305,2802.8,2790.5,2794.7749999999996,2809.649806702747
2026-01-30 02:00:00+05:30,2794.075291458615,2801.0,2788.55,2795.7125,2809.649806702747
2026-01-30 02:15:00+05:30,2794.8938957293076,2812.0,2794.8938957293076,2802.2000000000003,2809.649806702747
2026-01-30 02:30:00+05:30,2798.5469478646537,2819.3,2798.5469478646537,2811.8125,2809.649806702747
2026-01-30 02:45:00+05:30,2805.179723932327,2817.2,2805.179723932327,2814.325,2809.649806702747
2026-01-30 03:00:00+05:30,2809.7523619661633,2819.25,2809.7523619661633,2815.2625,2809.649806702747
2026-01-30 03:15:00+05:30,2812.5074309830816,2824.6,2812.5074309830816,2818.7,2809.649806702747
2026-01-30 03:30:00+05:30,2815.6037154915407,2824.6,2809.65,2816.5,2809.649806702747
2026-01-30 03:45:00+05:30,2816.0518577457706,2816.0518577457706,2810.95,2813.1625000000004,2809.649806702747
2026-01-30 04:00:00+05:30,2814.6071788728855,2817.55,2810.95,2814.3499999999995,2809.649806702747
2026-01-30 04:15:00+05:30,2814.4785894364422,2820.8,2814.4785894364422,2817.675,2809.649806702747
2026-01-30 04:30:00+05:30,2816.076794718221,2823.0,2811.9,2817.125,2809.649806702747
2026-01-30 04:45:00+05:30,2816.6008973591106,2823.55,2813.45,2817.55,2809.649806702747
2026-01-30 05:00:00+05:30,2817.0754486795554,2826.75,2817.0754486795554,2822.45,2809.649806702747
2026-01-30 05:15:00+05:30,2819.7627243397774,2825.95,2819.7627243397774,2823.2875,2809.649806702747
2026-01-30 05:30:00+05:30,2821.5251121698884,2827.9,2819.4,2822.15,2819.4
2026-01-30 05:45:00+05:30,2821.8375560849445,2821.8375560849445,2801.85,2812.0,2819.4
2026-01-30 06:00:00+05:30,2816.9187780424722,2816.9187780424722,2801.85,2808.8,2819.4
2026-01-30 06:15:00+05:30,2812.859389021236,2816.15,2803.65,2809.05,2819.4
2026-01-30 06:30:00+05:30,2810.954694510618,2812.1,2801.0,2806.975,2819.4
2026-01-30 06:45:00+05:30,2808.964847255309,2812.65,2789.1,2802.7625,2819.4
2026-01-30 07:00:00+05:30,2805.8636736276544,2808.1,2680.15,2753.1499999999996,2808.1
2026-01-30 07:15:00+05:30,2779.5068368138272,2779.5068368138272,2716.25,2734.425,2808.1
2026-01-30 07:30:00+05:30,2756.9659184069137,2756.9659184069137,2727.35,2738.2625,2808.1
2026-01-30 07:45:00+05:30,2747.614209203457,2747.614209203457,2698.5,2719.625,2808.1
2026-01-30 08:00:00+05:30,2733.6196046017285,2746.2,2703.3,2725.625,2808.1
2026-01-30 08:15:00+05:30,2729.6223023008642,2743.75,2721.85,2734.925,2808.1
2026-01-30 08:30:00+05:30,2732.273651150432,2747.0,2732.273651150432,2739.7625,2808.1
2026-01-30 08:45:00+05:30,2736.0180755752162,2745.0,2736.0180755752162,2740.6125,2808.1
2026-01-30 09:00:00+05:30,2738.315287787608,2740.55,2733.4,2737.7625,2808.1
2026-01-30 09:15:00+05:30,2738.038893893804,2742.65,2736.05,2739.6875,2808.1
2026-01-30 09:30:00+05:30,2738.863196946902,2758.0,2737.05,2747.7625,2808.1
2026-01-30 09:45:00+05:30,2743.3128484734507,2774.35,2743.3128484734507,2760.7375,2808.1
2026-01-30 10:00:00+05:30,2752.0251742367254,2766.45,2752.0251742367254,2759.9375,2808.1
2026-01-30 10:15:00+05:30,2755.9813371183627,2759.0,2748.75,2754.15,2808.1
2026-01-30 10:30:00+05:30,2755.065668559181,2755.065668559181,2746.0,2750.4,2808.1
2026-01-30 10:45:00+05:30,2752.732834279591,2760.15,2748.0,2753.825,2808.1
2026-01-30 11:00:00+05:30,2753.2789171397953,2759.85,2751.1,2755.2125,2808.1
2026-01-30 11:15:00+05:30,2754.245708569898,2755.8,2746.2,2749.875,2808.1
2026-01-30 11:30:00+05:30,2752.060354284949,2752.060354284949,2734.4,2741.55,2808.1
2026-01-30 11:45:00+05:30,2746.8051771424743,2746.8051771424743,2718.5,2728.7875000000004,2808.1
2026-01-30 12:00:00+05:30,2737.7963385712374,2737.7963385712374,2705.65,2714.1625,2808.1
2026-01-30 12:15:00+05:30,2725.979419285619,2725.979419285619,2695.5,2710.9,2808.1
2026-01-30 12:30:00+05:30,2718.4397096428092,2750.0,2716.9,2732.3125,2808.1
2026-01-30 12:45:00+05:30,2725.3761048214046,2749.25,2725.3761048214046,2742.4750000000004,2808.1
2026-01-30 13:00:00+05:30,2733.9255524107025,2738.55,2724.3,2732.6625000000004,2808.1
2026-01-30 13:15:00+05:30,2733.2940262053517,2745.2,2727.6,2735.375,2808.1
2026-01-30 13:30:00+05:30,2734.334513102676,2744.75,2732.75,2740.3,2808.1
2026-01-30 13:45:00+05:30,2737.317256551338,2747.75,2737.317256551338,2742.2375,2808.1
2026-01-30 14:00:00+05:30,2739.777378275669,2739.777378275669,2721.5,2732.7749999999996,2808.1
2026-01-30 14:15:00+05:30,2736.276189137834,2738.65,2728.75,2734.1125,2808.1
2026-01-30 14:30:00+05:30,2735.194344568917,2743.55,2730.6,2735.7875,2808.1
2026-01-30 14:45:00+05:30,2735.4909222844585,2735.4909222844585,2720.65,2727.4875,2808.1
2026-01-30 15:00:00+05:30,2731.4892111422296,2731.4892111422296,2724.6,2726.775,2808.1
2026-01-30 15:15:00+05:30,2729.132105571115,2729.132105571115,2709.4,2721.075,2808.1
2026-01-30 15:30:00+05:30,2725.1035527855574,2725.1035527855574,2710.65,2718.9874999999997,2808.1
2026-01-30 15:45:00+05:30,2722.045526392779,2729.95,2712.25,2722.075,2808.1
2026-01-30 16:00:00+05:30,2722.0602631963893,2731.0,2722.0602631963893,2726.85,2808.1
2026-01-30 16:15:00+05:30,2724.4551315981944,2736.4,2724.4551315981944,2731.0375,2808.1
2026-01-30 16:30:00+05:30,2727.746315799097,2739.0,2727.746315799097,2736.225,2808.1
2026-01-30 16:45:00+05:30,2731.9856578995486,2741.2,2731.9856578995486,2737.8,2808.1
2026-01-30 17:00:00+05:30,2734.8928289497744,2746.05,2734.8928289497744,2739.9125,2808.1
2026-01-30 17:15:00+05:30,2737.4026644748874,2768.25,2734.55,2750.4,2734.55
2026-01-30 17:30:00+05:30,2743.901332237444,2766.1,2743.901332237444,2756.7375,2734.55
2026-01-30 17:45:00+05:30,2750.319416118722,2755.45,2737.45,2746.8125,2734.55
2026-01-30 18:00:00+05:30,2748.565958059361,2748.565958059361,2740.4,2743.1,2734.55
2026-01-30 18:15:00+05:30,2745.8329790296802,2746.0,2737.0,2741.0125,2734.55
2026-01-30 18:30:00+05:30,2743.42273951484,2743.42273951484,2727.0,2736.7749999999996,2734.55
2026-01-30 18:45:00+05:30,2740.09886975742,2740.35,2729.8,2735.5125,2734.55
2026-01-30 19:00:00+05:30,2737.80568487871,2750.5,2719.25,2735.6875,2734.55
2026-01-30 19:15:00+05:30,2736.746592439355,2737.4,2723.0,2731.7999999999997,2734.55
2026-01-30 19:30:00+05:30,2734.2732962196774,2742.05,2728.45,2733.9375,2734.55
2026-01-30 19:45:00+05:30,2734.1053981098385,2740.65,2730.65,2734.9625,2734.55
2026-01-30 20:00:00+05:30,2734.5339490549195,2763.0,2723.25,2744.2,2734.55
2026-01-30 20:15:00+05:30,2739.3669745274597,2764.55,2728.65,2746.9875,2734.55
2026-01-30 20:30:00+05:30,2743.1772372637297,2752.4,2732.1,2739.6125,2734.55
2026-01-30 20:45:00+05:30,2741.394868631865,2744.5,2707.4,2724.5625,2734.55
2026-01-30 21:00:00+05:30,2732.9786843159327,2743.6,2692.7,2720.75,2734.55
2026-01-30 21:15:00+05:30,2726.8643421579663,2737.75,2725.8,2732.2749999999996,2734.55
2026-01-30 21:30:00+05:30,2729.569671078983,2737.55,2716.05,2729.425,2734.55
2026-01-30 21:45:00+05:30,2729.4973355394914,2739.1,2704.85,2728.1375,2734.55
2026-01-30 22:00:00+05:30,2728.8174177697456,2743.55,2725.0,2734.3875,2734.55
2026-01-30 22:15:00+05:30,2731.6024588848727,2737.0,2721.5,2730.3125,2734.55
2026-01-30 22:30:00+05:30,2730.957479442436,2730.957479442436,2705.2,2717.4625,2734.55
2026-01-30 22:45:00+05:30,2724.2099897212183,2740.45,2708.7,2723.3375,2734.55
2026-01-30 23:00:00+05:30,2723.7737448606094,2733.1,2713.0,2724.8,2734.55
2026-01-30 23:15:00+05:30,2724.286872430305,2724.5,2710.25,2716.725,2734.55
2026-01-30 23:30:00+05:30,2720.5059362151524,2721.25,2695.7,2707.325,2734.55
2026-01-30 23:45:00+05:30,2713.915468107576,2713.915468107576,2635.1,2677.925,2713.915468107576
2026-01-31 00:00:00+05:30,2695.920234053788,2714.95,2661.8,2691.5375,2713.915468107576
2026-01-31 00:15:00+05:30,2693.728867026894,2749.45,2693.728867026894,2727.05,2713.915468107576
2026-01-31 00:30:00+05:30,2710.3894335134473,2756.15,2710.3894335134473,2742.7625,2713.915468107576
2026-01-31 00:45:00+05:30,2726.5759667567236,2760.65,2726.5759667567236,2746.9125,2713.915468107576
2026-01-31 01:00:00+05:30,2736.744233378362,2757.7,2733.75,2744.825,2713.915468107576
2026-01-31 01:15:00+05:30,2740.784616689181,2754.25,2737.5,2743.7875,2713.915468107576
2026-01-31 01:30:00+05:30,2742.2860583445904,2742.2860583445904,2709.85,2728.1499999999996,2713.915468107576
2026-01-31 01:45:00+05:30,2735.2180291722952,2735.2180291722952,2675.5,2700.1,2713.915468107576
2026-01-31 02:00:00+05:30,2717.6590145861474,2717.6590145861474,2663.6,2681.7124999999996,2713.915468107576
2026-01-31 02:15:00+05:30,2699.6857572930735,2699.6857572930735,2673.15,2682.3625,2713.915468107576
2026-01-31 02:30:00+05:30,2691.024128646537,2699.55,2676.1,2688.1125,2713.915468107576
2026-01-31 02:45:00+05:30,2689.5683143232686,2714.35,2689.5683143232686,2700.7749999999996,2713.915468107576
2026-01-31 03:00:00+05:30,2695.1716571616344,2703.35,2685.7,2694.975,2713.915468107576
2026-01-31 03:15:00+05:30,2695.0733285808174,2709.7,2694.45,2700.7375,2713.915468107576
2026-01-31 03:30:00+05:30,2697.9054142904088,2707.2,2694.35,2700.0625,2713.915468107576
2026-01-31 03:45:00+05:30,2698.9839571452044,2700.3,2692.0,2695.3,2713.915468107576
2026-01-31 04:00:00+05:30,2697.141978572602,2705.2,2693.25,2698.375,2713.915468107576
2026-01-31 04:15:00+05:30,2697.758489286301,2709.2,2697.758489286301,2705.0125,2713.915468107576
2026-01-31 04:30:00+05:30,2701.38549464315,2711.25,2696.6,2703.825,2713.915468107576
2026-01-31 04:45:00+05:30,2702.605247321575,2706.3,2693.25,2698.5125,2713.915468107576
2026-01-31 05:00:00+05:30,2700.5588736607874,2707.45,2693.75,2700.775,2713.915468107576
2026-01-31 05:15:00+05:30,2700.6669368303938,2708.8,2700.6669368303938,2706.2375,2713.915468107576
2026-01-31 05:30:00+05:30,2703.452218415197,2708.4,2701.95,2706.1125,2713.915468107576
2026-01-31 05:45:00+05:30,2704.7823592075983,2709.95,2704.7823592075983,2708.125,2713.915468107576
2026-01-31 06:00:00+05:30,2706.453679603799,2713.7,2705.65,2710.2749999999996,2713.915468107576
2026-01-31 06:15:00+05:30,2708.3643398018994,2712.6,2704.15,2708.7124999999996,2713.915468107576
2026-01-31 06:30:00+05:30,2708.5384199009495,2712.55,2704.5,2708.6000000000004,2713.915468107576
2026-01-31 06:45:00+05:30,2708.569209950475,2714.0,2708.569209950475,2711.05,2713.915468107576
2026-01-31 07:00:00+05:30,2709.8096049752376,2709.8096049752376,2699.5,2705.7625,2713.915468107576
2026-01-31 07:15:00+05:30,2707.7860524876187,2707.7860524876187,2697.75,2701.45,2713.915468107576
2026-01-31 07:30:00+05:30,2704.6180262438093,2704.6180262438093,2690.75,2696.1625,2713.915468107576
2026-01-31 07:45:00+05:30,2700.3902631219044,2700.3902631219044,2683.5,2691.4625,2713.915468107576
2026-01-31 08:00:00+05:30,2695.926381560952,2707.55,2689.3,2698.0875,2713.915468107576
2026-01-31 08:15:00+05:30,2697.006940780476,2708.0,2697.006940780476,2703.7124999999996,2713.915468107576
2026-01-31 08:30:00+05:30,2700.3597203902377,2704.2,2696.95,2701.1,2713.915468107576
2026-01-31 08:45:00+05:30,2700.729860195119,2705.75,2700.4,2702.525,2713.915468107576
2026-01-31 09:00:00+05:30,2701.627430097559,2702.55,2695.65,2699.4875,2713.915468107576
2026-01-31 09:15:00+05:30,2700.5574650487797,2700.5574650487797,2693.9,2696.2125,2713.915468107576
2026-01-31 09:30:00+05:30,2698.3849825243897,2700.85,2694.5,2697.85,2713.915468107576
2026-01-31 09:45:00+05:30,2698.1174912621946,2704.45,2696.45,2701.4625,2713.915468107576
2026-01-31 10:00:00+05:30,2699.7899956310976,2703.7,2697.25,2700.45,2713.915468107576
2026-01-31 10:15:00+05:30,2700.1199978155487,2700.1199978155487,2692.6,2695.6875,2713.915468107576
2026-01-31 10:30:00+05:30,2697.9037489077746,2697.9037489077746,2689.4,2694.4375,2713.915468107576
2026-01-31 10:45:00+05:30,2696.1706244538873,2701.85,2691.5,2697.4875,2713.915468107576
2026-01-31 11:00:00+05:30,2696.8290622269437,2702.85,2696.8290622269437,2699.775,2713.915468107576
2026-01-31 11:15:00+05:30,2698.302031113472,2699.85,2696.25,2697.95,2713.915468107576
2026-01-31 11:30:00+05:30,2698.126015556736,2700.25,2692.7,2696.95,2713.915468107576
2026-01-31 11:45:00+05:30,2697.538007778368,2698.45,2683.6,2691.3875,2713.915468107576
2026-01-31 12:00:00+05:30,2694.4627538891837,2694.4627538891837,2685.05,2688.4,2713.915468107576
2026-01-31 12:15:00+05:30,2691.4313769445916,2693.3,2688.55,2691.2375,2713.915468107576
2026-01-31 12:30:00+05:30,2691.334438472296,2693.35,2689.45,2691.875,2713.915468107576
2026-01-31 12:45:00+05:30,2691.604719236148,2692.65,2687.95,2690.625,2713.915468107576
2026-01-31 13:00:00+05:30,2691.1148596180738,2691.1148596180738,2667.0,2680.2625,2713.915468107576
2026-01-31 13:15:00+05:30,2685.688679809037,2685.688679809037,2674.2,2676.8875,2713.915468107576
2026-01-31 13:30:00+05:30,2681.2880899045185,2683.15,2665.5,2675.0,2713.915468107576
2026-01-31 13:45:00+05:30,2678.1440449522593,2678.1440449522593,2651.7,2664.5625,2713.915468107576
2026-01-31 14:00:00+05:30,2671.35327247613,2671.35327247613,2605.8,2640.6875,2671.35327247613
2026-01-31 14:15:00+05:30,2656.020386238065,2656.020386238065,2625.0,2637.0625,2671.35327247613
2026-01-31 14:30:00+05:30,2646.5414431190325,2650.55,2641.75,2644.9875,2671.35327247613
2026-01-31 14:45:00+05:30,2645.764471559516,2646.0,2632.35,2640.3500000000004,2671.35327247613
2026-01-31 15:00:00+05:30,2643.0572357797582,2658.6,2638.7,2646.375,2671.35327247613
2026-01-31 15:15:00+05:30,2644.716117889879,2651.85,2644.716117889879,2648.4375,2671.35327247613
2026-01-31 15:30:00+05:30,2646.5768089449393,2650.5,2635.35,2644.0375,2671.35327247613
2026-01-31 15:45:00+05:30,2645.30715447247,2647.1,2639.5,2643.7125,2671.35327247613
2026-01-31 16:00:00+05:30,2644.5098272362347,2654.85,2644.5098272362347,2649.9750000000004,2671.35327247613
2026-01-31 16:15:00+05:30,2647.2424136181176,2655.0,2647.2424136181176,2652.4125000000004,2671.35327247613
2026-01-31 16:30:00+05:30,2649.827456809059,2650.55,2640.9,2646.0249999999996,2671.35327247613
2026-01-31 16:45:00+05:30,2647.9262284045294,2649.6,2642.15,2645.325,2671.35327247613
2026-01-31 17:00:00+05:30,2646.625614202265,2649.05,2638.45,2643.3625,2671.35327247613
2026-01-31 17:15:00+05:30,2644.9940571011325,2644.9940571011325,2633.5,2638.4125,2671.35327247613
2026-01-31 17:30:00+05:30,2641.703278550566,2643.55,2627.0,2635.0625,2671.35327247613
2026-01-31 17:45:00+05:30,2638.382889275283,2642.55,2629.7,2635.5625,2671.35327247613
2026-01-31 18:00:00+05:30,2636.9726946376413,2642.3,2629.75,2638.0,2671.35327247613
2026-01-31 18:15:00+05:30,2637.4863473188207,2642.55,2629.0,2636.2375,2671.35327247613
2026-01-31 18:30:00+05:30,2636.8619236594104,2636.8619236594104,2628.75,2632.2,2671.35327247613
2026-01-31 18:45:00+05:30,2634.530961829705,2636.35,2625.75,2630.8875,2671.35327247613
2026-01-31 19:00:00+05:30,2632.7092309148525,2632.7092309148525,2617.15,2626.2375,2671.35327247613
2026-01-31 19:15:00+05:30,2629.4733654574266,2629.4733654574266,2621.65,2626.275,2671.35327247613
2026-01-31 19:30:00+05:30,2627.874182728713,2635.55,2598.6,2618.0750000000003,2671.35327247613
2026-01-31 19:45:00+05:30,2622.9745913643565,2622.9745913643565,2509.6,2566.3625,2671.35327247613
2026-01-31 20:00:00+05:30,2594.6685456821783,2594.6685456821783,2508.65,2526.075,2671.35327247613
2026-01-31 20:15:00+05:30,2560.3717728410893,2560.3717728410893,2511.6,2528.4375,2671.35327247613
2026-01-31 20:30:00+05:30,2544.4046364205446,2554.6,2525.0,2540.6625,2671.35327247613
2026-01-31 20:45:00+05:30,2542.5335682102723,2549.3,2536.45,2544.2625000000003,2671.35327247613
2026-01-31 21:00:00+05:30,2543.3980341051365,2548.95,2535.1,2542.95,2671.35327247613
2026-01-31 21:15:00+05:30,2543.174017052568,2546.35,2525.85,2536.875,2671.35327247613
2026-01-31 21:30:00+05:30,2540.024508526284,2540.024508526284,2513.5,2525.725,2671.35327247613
2026-01-31 21:45:00+05:30,2532.8747542631418,2550.0,2504.15,2525.9875,2671.35327247613
2026-01-31 22:00:00+05:30,2529.431127131571,2531.65,2516.3,2524.3,2671.35327247613
2026-01-31 22:15:00+05:30,2526.8655635657856,2526.8655635657856,2466.45,2497.725,2671.35327247613
2026-01-31 22:30:00+05:30,2512.2952817828927,2512.2952817828927,2357.75,2434.2125,2671.35327247613
2026-01-31 22:45:00+05:30,2473.2538908914466,2473.2538908914466,2403.65,2414.4,2671.35327247613
2026-01-31 23:00:00+05:30,2443.826945445723,2443.826945445723,2383.0,2410.0249999999996,2671.35327247613
2026-01-31 23:15:00+05:30,2426.9259727228614,2426.9259727228614,2393.1,2405.3875,2671.35327247613
2026-01-31 23:30:00+05:30,2416.1567363614304,2416.1567363614304,2398.0,2404.2250000000004,2671.35327247613
2026-01-31 23:45:00+05:30,2410.1908681807154,2410.1908681807154,2374.85,2394.375,2671.35327247613
2026-02-01 00:00:00+05:30,2402.2829340903577,2405.8,2228.35,2345.4750000000004,2405.8
2026-02-01 00:15:00+05:30,2373.878967045179,2393.5,2324.1,2361.9125,2405.8
2026-02-01 00:30:00+05:30,2367.8957335225896,2426.0,2367.8957335225896,2397.5125,2405.8
2026-02-01 00:45:00+05:30,2382.7041167612947,2432.2,2382.7041167612947,2414.3875,2405.8
2026-02-01 01:00:00+05:30,2398.545808380647,2413.5,2371.5,2395.4375,2405.8
2026-02-01 01:15:00+05:30,2396.9916541903235,2400.4,2381.5,2387.7625,2405.8
2026-02-01 01:30:00+05:30,2392.3770770951614,2392.3770770951614,2364.8,2375.4875,2405.8
2026-02-01 01:45:00+05:30,2383.932288547581,2406.7,2365.3,2376.3625,2405.8
2026-02-01 02:00:00+05:30,2380.1473942737903,2380.1473942737903,2353.45,2368.475,2405.8
2026-02-01 02:15:00+05:30,2374.3111971368953,2385.15,2363.45,2376.1375,2405.8
2026-02-01 02:30:00+05:30,2375.2243485684476,2395.0,2372.0,2383.7125,2405.8
2026-02-01 02:45:00+05:30,2379.468424284224,2413.1,2379.468424284224,2396.825,2405.8
2026-02-01 03:00:00+05:30,2388.146712142112,2420.5,2388.146712142112,2408.1375,2405.8
2026-02-01 03:15:00+05:30,2398.142106071056,2423.15,2398.142106071056,2413.7,2405.8
2026-02-01 03:30:00+05:30,2405.9210530355276,2424.0,2405.9210530355276,2416.25,2405.8
2026-02-01 03:45:00+05:30,2411.085526517764,2418.5,2405.2,2413.7,2405.8
2026-02-01 04:00:00+05:30,2412.392763258882,2421.05,2410.6,2415.575,2405.8
2026-02-01 04:15:00+05:30,2413.983881629441,2422.85,2409.65,2415.7749999999996,2405.8
2026-02-01 04:30:00+05:30,2414.8794408147205,2430.55,2414.8794408147205,2421.2625,2405.8
2026-02-01 04:45:00+05:30,2418.07097040736,2473.0,2418.07097040736,2441.65,2405.8
2026-02-01 05:00:00+05:30,2429.86048520368,2461.2,2429.86048520368,2450.9375,2405.8
2026-02-01 05:15:00+05:30,2440.3989926018403,2452.8,2433.45,2445.9875,2405.8
2026-02-01 05:30:00+05:30,2443.1932463009202,2466.45,2443.1932463009202,2456.55,2405.8
2026-02-01 05:45:00+05:30,2449.8716231504604,2475.0,2449.8716231504604,2462.15,2449.8716231504604
2026-02-01 06:00:00+05:30,2456.01081157523,2463.4,2446.7,2453.5625,2449.8716231504604
2026-02-01 06:15:00+05:30,2454.786655787615,2458.3,2448.0,2451.8,2449.8716231504604
2026-02-01 06:30:00+05:30,2453.2933278938076,2454.85,2431.25,2444.3625,2449.8716231504604
2026-02-01 06:45:00+05:30,2448.827913946904,2453.3,2428.65,2443.25,2449.8716231504604
2026-02-01 07:00:00+05:30,2446.038956973452,2452.25,2434.0,2443.3875,2449.8716231504604
2026-02-01 07:15:00+05:30,2444.7132284867257,2446.45,2434.6,2440.15,2449.8716231504604
2026-02-01 07:30:00+05:30,2442.4316142433627,2457.7,2439.15,2449.1,2449.8716231504604
2026-02-01 07:45:00+05:30,2445.765807121681,2457.35,2443.25,2450.375,2449.8716231504604
2026-02-01 08:00:00+05:30,2448.0704035608405,2454.55,2445.0,2448.9750000000004,2449.8716231504604
2026-02-01 08:15:00+05:30,2448.5227017804204,2461.0,2448.5227017804204,2453.3375,2449.8716231504604
2026-02-01 08:30:00+05:30,2450.9301008902103,2455.75,2445.35,2450.2875,2449.8716231504604
2026-02-01 08:45:00+05:30,2450.608800445105,2450.608800445105,2437.1,2444.55,2449.8716231504604
2026-02-01 09:00:00+05:30,2447.5794002225525,2447.5794002225525,2437.7,2441.4874999999997,2449.8716231504604
2026-02-01 09:15:00+05:30,2444.533450111276,2445.25,2439.65,2442.45,2449.8716231504604
2026-02-01 09:30:00+05:30,2443.491725055638,2453.25,2440.65,2447.5375,2449.8716231504604
2026-02-01 09:45:00+05:30,2445.514612527819,2454.05,2445.1,2449.6000000000004,2449.8716231504604
2026-02-01 10:00:00+05:30,2447.5573062639096,2452.5,2446.6,2449.6875,2449.8716231504604
2026-02-01 10:15:00+05:30,2448.622403131955,2453.5,2447.25,2450.025,2449.8716231504604
2026-02-01 10:30:00+05:30,2449.3237015659774,2449.3237015659774,2434.6,2442.925,2449.8716231504604
2026-02-01 10:45:00+05:30,2446.1243507829886,2448.35,2435.0,2442.575,2449.8716231504604
2026-02-01 11:00:00+05:30,2444.349675391494,2447.65,2423.8,2436.1875,2449.8716231504604
2026-02-01 11:15:00+05:30,2440.268587695747,2440.268587695747,2424.65,2428.2875,2449.8716231504604
2026-02-01 11:30:00+05:30,2434.2780438478735,2437.75,2430.0,2433.6875,2449.8716231504604
2026-02-01 11:45:00+05:30,2433.9827719239365,2439.65,2432.6,2435.5875,2449.8716231504604
2026-02-01 12:00:00+05:30,2434.785135961968,2435.5,2407.25,2423.625,2449.8716231504604
2026-02-01 12:15:00+05:30,2429.205067980984,2429.205067980984,2410.55,2417.4375,2449.8716231504604
2026-02-01 12:30:00+05:30,2423.321283990492,2423.321283990492,2396.4,2408.025,2449.8716231504604
2026-02-01 12:45:00+05:30,2415.6731419952457,2415.6731419952457,2392.75,2401.65,2449.8716231504604
2026-02-01 13:00:00+05:30,2408.661570997623,2437.6,2404.55,2419.8875,2449.8716231504604
2026-02-01 13:15:00+05:30,2414.2745354988115,2430.7,2409.2,2420.2124999999996,2449.8716231504604
2026-02-01 13:30:00+05:30,2417.2435177494053,2417.2435177494053,2408.5,2411.975,2449.8716231504604
2026-02-01 13:45:00+05:30,2414.6092588747024,2414.6092588747024,2395.65,2406.1,2449.8716231504604
2026-02-01 14:00:00+05:30,2410.354629437351,2427.7,2402.4,2414.775,2449.8716231504604
2026-02-01 14:15:00+05:30,2412.5648147186757,2425.3,2411.3,2418.425,2449.8716231504604
2026-02-01 14:30:00+05:30,2415.494907359338,2420.1,2405.6,2413.65,2449.8716231504604
2026-02-01 14:45:00+05:30,2414.572453679669,2417.7,2409.0,2413.975,2449.8716231504604
2026-02-01 15:00:00+05:30,2414.273726839834,2428.35,2412.15,2419.6875,2449.8716231504604
2026-02-01 15:15:00+05:30,2416.980613419917,2437.25,2416.980613419917,2428.8375,2449.8716231504604
2026-02-01 15:30:00+05:30,2422.9090567099583,2438.5,2422.9090567099583,2433.0625,2449.8716231504604
2026-02-01 15:45:00+05:30,2427.985778354979,2436.7,2425.9,2432.1,2449.8716231504604
2026-02-01 16:00:00+05:30,2430.0428891774895,2430.0428891774895,2384.55,2407.175,2449.8716231504604
2026-02-01 16:15:00+05:30,2418.6089445887446,2418.6089445887446,2375.35,2383.675,2449.8716231504604
2026-02-01 16:30:00+05:30,2401.1419722943724,2401.1419722943724,2380.05,2386.425,2449.8716231504604
2026-02-01 16:45:00+05:30,2393.7834861471865,2393.7834861471865,2382.65,2388.55,2449.8716231504604
2026-02-01 17:00:00+05:30,2391.1667430735934,2423.3,2386.65,2404.0125,2449.8716231504604
2026-02-01 17:15:00+05:30,2397.5896215367966,2422.15,2397.5896215367966,2415.3250000000003,2449.8716231504604
2026-02-01 17:30:00+05:30,2406.457310768398,2411.8,2404.7,2408.5125,2449.8716231504604
2026-02-01 17:45:00+05:30,2407.484905384199,2407.484905384199,2383.15,2397.2875,2449.8716231504604
2026-02-01 18:00:00+05:30,2402.3862026920997,2408.4,2391.05,2396.4125000000004,2449.8716231504604
2026-02-01 18:15:00+05:30,2399.39935134605,2399.39935134605,2392.0,2394.3625,2449.8716231504604
2026-02-01 18:30:00+05:30,2396.880925673025,2410.05,2395.1,2401.2375,2449.8716231504604
2026-02-01 18:45:00+05:30,2399.0592128365124,2409.2,2397.1,2402.4249999999997,2449.8716231504604
2026-02-01 19:00:00+05:30,2400.7421064182563,2401.15,2386.0,2394.575,2449.8716231504604
2026-02-01 19:15:00+05:30,2397.658553209128,2397.658553209128,2368.55,2384.05,2449.8716231504604
2026-02-01 19:30:00+05:30,2390.854276604564,2390.854276604564,2371.45,2379.3,2449.8716231504604
2026-02-01 19:45:00+05:30,2385.077138302282,2385.077138302282,2354.75,2367.2625,2449.8716231504604
2026-02-01 20:00:00+05:30,2376.169819151141,2376.169819151141,2326.15,2350.3375,2449.8716231504604
2026-02-01 20:15:00+05:30,2363.2536595755705,2387.5,2344.25,2363.4875,2449.8716231504604
2026-02-01 20:30:00+05:30,2363.3705797877856,2372.4,2334.05,2353.9375,2449.8716231504604
2026-02-01 20:45:00+05:30,2358.654039893893,2358.654039893893,2305.45,2323.1375,2449.8716231504604
2026-02-01 21:00:00+05:30,2340.8957699469465,2340.8957699469465,2285.5,2302.5375,2449.8716231504604
2026-02-01 21:15:00+05:30,2321.7166349734734,2336.1,2296.75,2312.0625,2449.8716231504604
2026-02-01 21:30:00+05:30,2316.8895674867367,2325.0,2291.75,2310.35,2449.8716231504604
2026-02-01 21:45:00+05:30,2313.6197837433683,2332.15,2282.7,2311.025,2332.15
2026-02-01 22:00:00+05:30,2312.322391871684,2330.3,2298.45,2313.1875,2332.15
2026-02-01 22:15:00+05:30,2312.754945935842,2314.7,2294.5,2304.075,2332.15
2026-02-01 22:30:00+05:30,2308.414972967921,2320.95,2301.4,2310.6375,2332.15
2026-02-01 22:45:00+05:30,2309.5262364839605,2320.25,2295.75,2311.3375,2332.15
2026-02-01 23:00:00+05:30,2310.4318682419803,2315.7,2296.15,2306.3125,2332.15
2026-02-01 23:15:00+05:30,2308.37218412099,2314.0,2296.55,2306.425,2332.15
2026-02-01 23:30:00+05:30,2307.398592060495,2364.65,2307.398592060495,2336.7,2332.15
2026-02-01 23:45:00+05:30,2322.049296030247,2376.75,2322.049296030247,2359.9125,2332.15
2026-02-02 00:00:00+05:30,2340.980898015124,2362.0,2340.980898015124,2351.875,2332.15
2026-02-02 00:15:00+05:30,2346.427949007562,2351.35,2335.45,2345.325,2332.15
2026-02-02 00:30:00+05:30,2345.8764745037806,2356.7,2335.7,2345.6375,2332.15
2026-02-02 00:45:00+05:30,2345.75698725189,2345.75698725189,2329.55,2338.825,2332.15
2026-02-02 01:00:00+05:30,2342.290993625945,2347.7,2334.1,2340.0125,2332.15
2026-02-02 01:15:00+05:30,2341.1517468129723,2341.1517468129723,2305.85,2325.4125000000004,2332.15
2026-02-02 01:30:00+05:30,2333.2821234064863,2333.2821234064863,2310.7,2319.3125,2332.15
2026-02-02 01:45:00+05:30,2326.2973117032434,2329.7,2297.7,2311.2875,2332.15
2026-02-02 02:00:00+05:30,2318.792405851622,2348.7,2299.9,2320.475,2332.15
2026-02-02 02:15:00+05:30,2319.633702925811,2334.2,2312.45,2324.1124999999997,2332.15
2026-02-02 02:30:00+05:30,2321.8731014629057,2321.8731014629057,2291.05,2306.1125,2332.15
2026-02-02 02:45:00+05:30,2313.992800731453,2313.992800731453,2294.45,2303.8625,2332.15
2026-02-02 03:00:00+05:30,2308.9276503657265,2318.8,2301.05,2309.2250000000004,2332.15
2026-02-02 03:15:00+05:30,2309.0763251828635,2309.0763251828635,2276.45,2294.6749999999997,2332.15
2026-02-02 03:30:00+05:30,2301.8756625914316,2334.45,2285.8,2308.4625,2332.15
2026-02-02 03:45:00+05:30,2305.169081295716,2323.8,2291.65,2313.325,2332.15
2026-02-02 04:00:00+05:30,2309.247040647858,2329.95,2309.247040647858,2319.15,2332.15
2026-02-02 04:15:00+05:30,2314.198520323929,2325.85,2310.15,2318.9124999999995,2332.15
2026-02-02 04:30:00+05:30,2316.5555101619643,2320.05,2218.45,2278.0625,2332.15
2026-02-02 04:45:00+05:30,2297.3090050809824,2297.3090050809824,2225.5,2252.025,2332.15
2026-02-02 05:00:00+05:30,2274.667002540491,2301.4,2246.3,2274.55,2332.15
2026-02-02 05:15:00+05:30,2274.6085012702456,2296.3,2264.0,2281.1125,2332.15
2026-02-02 05:30:00+05:30,2277.8605006351227,2298.25,2241.1,2274.6625,2332.15
2026-02-02 05:45:00+05:30,2276.2615003175615,2320.6,2276.2615003175615,2302.7125,2332.15
2026-02-02 06:00:00+05:30,2289.4870001587806,2323.0,2289.4870001587806,2312.675,2332.15
2026-02-02 06:15:00+05:30,2301.0810000793904,2312.35,2287.0,2300.575,2332.15
2026-02-02 06:30:00+05:30,2300.8280000396953,2307.3,2256.0,2278.0874999999996,2332.15
2026-02-02 06:45:00+05:30,2289.4577500198475,2317.3,2248.6,2283.325,2332.15
2026-02-02 07:00:00+05:30,2286.3913750099236,2310.7,2286.3913750099236,2304.0125000000003,2332.15
2026-02-02 07:15:00+05:30,2295.201937504962,2303.0,2285.95,2295.1125,2332.15
2026-02-02 07:30:00+05:30,2295.157218752481,2295.157218752481,2273.9,2284.8999999999996,2332.15
2026-02-02 07:45:00+05:30,2290.0286093762406,2299.4,2279.35,2288.0,2332.15
2026-02-02 08:00:00+05:30,2289.0143046881203,2297.9,2267.75,2283.1125,2332.15
2026-02-02 08:15:00+05:30,2286.0634023440603,2286.0634023440603,2258.35,2268.0375000000004,2332.15
2026-02-02 08:30:00+05:30,2277.05045117203,2277.05045117203,2226.85,2245.9875,2332.15
2026-02-02 08:45:00+05:30,2261.518975586015,2261.518975586015,2165.25,2200.0125,2332.15
2026-02-02 09:00:00+05:30,2230.7657377930072,2230.7657377930072,2163.6,2178.3625,2332.15
2026-02-02 09:15:00+05:30,2204.5641188965037,2248.45,2177.8,2210.75,2332.15
2026-02-02 09:30:00+05:30,2207.657059448252,2238.75,2206.4,2223.9375,2332.15
2026-02-02 09:45:00+05:30,2215.797279724126,2267.5,2211.1,2238.4624999999996,2332.15
2026-02-02 10:00:00+05:30,2227.1298898620626,2265.0,2227.1298898620626,2258.625,2332.15
2026-02-02 10:15:00+05:30,2242.8774449310313,2257.0,2239.55,2247.8875,2332.15
2026-02-02 10:30:00+05:30,2245.3824724655155,2245.3824724655155,2213.5,2228.5,2332.15
2026-02-02 10:45:00+05:30,2236.9412362327575,2236.9412362327575,2184.45,2203.75,2332.15
2026-02-02 11:00:00+05:30,2220.345618116379,2220.345618116379,2183.7,2196.1749999999997,2332.15
2026-02-02 11:15:00+05:30,2208.2603090581893,2213.4,2187.9,2199.525,2332.15
2026-02-02 11:30:00+05:30,2203.8926545290947,2203.8926545290947,2178.3,2192.5,2332.15
2026-02-02 11:45:00+05:30,2198.196327264547,2215.0,2188.85,2198.7250000000004,2332.15
2026-02-02 12:00:00+05:30,2198.4606636322737,2240.0,2156.55,2203.3875,2240.0
2026-02-02 12:15:00+05:30,2200.924081816137,2236.0,2200.924081816137,2222.0875,2240.0
2026-02-02 12:30:00+05:30,2211.505790908069,2248.0,2211.505790908069,2230.0375,2240.0
2026-02-02 12:45:00+05:30,2220.771645454034,2238.05,2217.25,2227.4875,2240.0
2026-02-02 13:00:00+05:30,2224.129572727017,2241.75,2224.129572727017,2232.1625,2240.0
2026-02-02 13:15:00+05:30,2228.1460363635088,2253.25,2227.15,2236.05,2240.0
2026-02-02 13:30:00+05:30,2232.0980181817545,2247.8,2227.95,2236.5625,2240.0
2026-02-02 13:45:00+05:30,2234.330259090877,2255.5,2234.330259090877,2243.6000000000004,2240.0
2026-02-02 14:00:00+05:30,2238.9651295454387,2253.65,2238.9,2244.8125,2240.0
2026-02-02 14:15:00+05:30,2241.8888147727193,2258.0,2241.8888147727193,2249.2125,2240.0
2026-02-02 14:30:00+05:30,2245.5506573863595,2251.05,2237.0,2244.95,2240.0
2026-02-02 14:45:00+05:30,2245.2503286931797,2283.3,2237.35,2260.9625,2240.0
2026-02-02 15:00:00+05:30,2253.10641434659,2302.65,2253.10641434659,2286.2875000000004,2240.0
2026-02-02 15:15:00+05:30,2269.6969571732952,2317.75,2269.6969571732952,2295.8999999999996,2240.0
2026-02-02 15:30:00+05:30,2282.7984785866474,2298.65,2282.7984785866474,2290.0,2240.0
2026-02-02 15:45:00+05:30,2286.3992392933237,2290.35,2274.4,2284.75,2240.0
2026-02-02 16:00:00+05:30,2285.5746196466616,2293.0,2272.8,2282.825,2240.0
2026-02-02 16:15:00+05:30,2284.1998098233307,2284.1998098233307,2275.45,2277.9874999999997,2240.0
2026-02-02 16:30:00+05:30,2281.093654911665,2286.15,2272.85,2279.5875,2240.0
2026-02-02 16:45:00+05:30,2280.3405774558323,2283.0,2273.5,2280.3625,2240.0
2026-02-02 17:00:00+05:30,2280.3515387279162,2292.1,2280.3515387279162,2286.025,2240.0
2026-02-02 17:15:00+05:30,2283.188269363958,2297.45,2277.9,2286.25,2240.0
2026-02-02 17:30:00+05:30,2284.719134681979,2299.4,2281.2,2290.0375,2240.0
2026-02-02 17:45:00+05:30,2287.3783173409893,2317.9,2287.3783173409893,2304.275,2240.0
2026-02-02 18:00:00+05:30,2295.826658670495,2310.7,2295.826658670495,2303.825,2240.0
2026-02-02 18:15:00+05:30,2299.8258293352474,2317.35,2297.7,2306.2875,2240.0
2026-02-02 18:30:00+05:30,2303.0566646676234,2313.0,2301.15,2308.7625000000003,2240.0
2026-02-02 18:45:00+05:30,2305.909582333812,2324.8,2302.85,2312.65,2240.0
2026-02-02 19:00:00+05:30,2309.279791166906,2327.0,2305.6,2316.5375,2240.0
2026-02-02 19:15:00+05:30,2312.908645583453,2335.0,2312.908645583453,2324.5499999999997,2240.0
2026-02-02 19:30:00+05:30,2318.729322791726,2330.5,2299.3,2315.6375,2240.0
2026-02-02 19:45:00+05:30,2317.183411395863,2320.45,2298.35,2310.2875,2240.0
2026-02-02 20:00:00+05:30,2313.7354556979317,2367.25,2313.7354556979317,2337.6625,2240.0
2026-02-02 20:15:00+05:30,2325.698977848966,2362.1,2322.3,2340.875,2240.0
2026-02-02 20:30:00+05:30,2333.286988924483,2353.0,2319.25,2336.875,2240.0
2026-02-02 20:45:00+05:30,2335.0809944622415,2380.0,2335.0809944622415,2358.8,2240.0
2026-02-02 21:00:00+05:30,2346.940497231121,2395.65,2346.940497231121,2374.5125,2346.940497231121
2026-02-02 21:15:00+05:30,2360.7264986155606,2383.6,2360.5,2372.9125,2346.940497231121
2026-02-02 21:30:00+05:30,2366.8194993077805,2380.5,2361.5,2371.75,2346.940497231121
2026-02-02 21:45:00+05:30,2369.2847496538902,2385.95,2369.2847496538902,2378.0875,2346.940497231121
2026-02-02 22:00:00+05:30,2373.686124826945,2385.3,2366.7,2376.475,2346.940497231121
2026-02-02 22:15:00+05:30,2375.0805624134728,2375.0805624134728,2348.55,2362.2,2346.940497231121
2026-02-02 22:30:00+05:30,2368.6402812067363,2377.4,2355.45,2365.9125,2346.940497231121
2026-02-02 22:45:00+05:30,2367.276390603368,2380.4,2363.55,2370.7250000000004,2346.940497231121
2026-02-02 23:00:00+05:30,2369.000695301684,2373.15,2344.75,2358.9875,2346.940497231121
2026-02-02 23:15:00+05:30,2363.9940976508424,2363.9940976508424,2344.4,2353.0625,2346.940497231121
2026-02-02 23:30:00+05:30,2358.528298825421,2358.528298825421,2338.0,2348.175,2346.940497231121
2026-02-02 23:45:00+05:30,2353.3516494127107,2353.3516494127107,2332.5,2339.125,2346.940497231121
2026-02-03 00:00:00+05:30,2346.2383247063553,2358.8,2335.05,2343.525,2346.940497231121
2026-02-03 00:15:00+05:30,2344.8816623531775,2351.0,2342.55,2345.4875,2346.940497231121
2026-02-03 00:30:00+05:30,2345.184581176589,2349.25,2338.1,2343.9625,2346.940497231121
2026-02-03 00:45:00+05:30,2344.5735405882942,2349.25,2335.0,2342.575,2346.940497231121
2026-02-03 01:00:00+05:30,2343.574270294147,2343.574270294147,2330.8,2338.6625,2346.940497231121
2026-02-03 01:15:00+05:30,2341.1183851470732,2341.1183851470732,2326.3,2334.4875,2346.940497231121
2026-02-03 01:30:00+05:30,2337.8029425735367,2339.4,2322.4,2329.3999999999996,2346.940497231121
2026-02-03 01:45:00+05:30,2333.601471286768,2333.601471286768,2320.75,2326.7875,2346.940497231121
2026-02-03 02:00:00+05:30,2330.194485643384,2330.194485643384,2312.7,2321.0875,2346.940497231121
2026-02-03 02:15:00+05:30,2325.6409928216917,2325.6409928216917,2312.55,2318.475,2325.6409928216917
2026-02-03 02:30:00+05:30,2322.0579964108456,2341.95,2318.45,2328.825,2325.6409928216917
2026-02-03 02:45:00+05:30,2325.4414982054227,2339.2,2325.4414982054227,2333.0499999999997,2325.6409928216917
2026-02-03 03:00:00+05:30,2329.245749102711,2344.35,2329.245749102711,2336.5125,2325.6409928216917
2026-02-03 03:15:00+05:30,2332.8791245513557,2344.15,2332.8791245513557,2340.4375,2325.6409928216917
2026-02-03 03:30:00+05:30,2336.658312275678,2351.45,2336.658312275678,2344.075,2325.6409928216917
2026-02-03 03:45:00+05:30,2340.3666561378386,2343.8,2334.75,2340.7000000000003,2325.6409928216917
2026-02-03 04:00:00+05:30,2340.533328068919,2353.9,2340.533328068919,2346.9875,2325.6409928216917
2026-02-03 04:15:00+05:30,2343.7604140344597,2352.0,2343.7604140344597,2349.1375,2325.6409928216917
2026-02-03 04:30:00+05:30,2346.44895701723,2354.25,2345.35,2350.3875,2325.6409928216917
2026-02-03 04:45:00+05:30,2348.418228508615,2353.2,2338.55,2345.7125,2325.6409928216917
2026-02-03 05:00:00+05:30,2347.0653642543075,2353.15,2339.4,2345.3,2325.6409928216917
2026-02-03 05:15:00+05:30,2346.182682127154,2349.75,2342.45,2346.5125,2325.6409928216917
2026-02-03 05:30:00+05:30,2346.347591063577,2347.4,2324.0,2337.525,2325.6409928216917
2026-02-03 05:45:00+05:30,2341.9362955317883,2345.75,2331.15,2338.8624999999997,2325.6409928216917
2026-02-03 06:00:00+05:30,2340.399397765894,2347.15,2336.8,2343.8375,2325.6409928216917
2026-02-03 06:15:00+05:30,2342.1184488829467,2354.75,2341.25,2348.7875,2325.6409928216917
2026-02-03 06:30:00+05:30,2345.452974441473,2359.0,2342.7,2350.5125,2342.7
2026-02-03 06:45:00+05:30,2347.9827372207365,2351.5,2336.55,2346.5625,2342.7
2026-02-03 07:00:00+05:30,2347.272618610368,2351.75,2342.95,2349.05,2342.7
2026-02-03 07:15:00+05:30,2348.161309305184,2355.5,2347.1,2351.9875,2342.7
2026-02-03 07:30:00+05:30,2350.0744046525924,2354.0,2326.8,2340.6875,2342.7
2026-02-03 07:45:00+05:30,2345.380952326296,2345.380952326296,2326.7,2331.0874999999996,2342.7
2026-02-03 08:00:00+05:30,2338.234226163148,2338.234226163148,2314.0,2322.0375,2342.7
2026-02-03 08:15:00+05:30,2330.135863081574,2330.135863081574,2296.0,2306.7625000000003,2342.7
2026-02-03 08:30:00+05:30,2318.4491815407873,2318.4491815407873,2283.85,2298.025,2318.4491815407873
2026-02-03 08:45:00+05:30,2308.2370907703935,2315.85,2291.3,2306.2125,2318.4491815407873
2026-02-03 09:00:00+05:30,2307.2247953851966,2332.7,2307.2247953851966,2321.5,2318.4491815407873
2026-02-03 09:15:00+05:30,2314.3623976925983,2344.7,2314.3623976925983,2334.55,2318.4491815407873
2026-02-03 09:30:00+05:30,2324.4561988462992,2351.4,2324.4561988462992,2344.4,2318.4491815407873
2026-02-03 09:45:00+05:30,2334.4280994231494,2347.6,2332.65,2340.025,2318.4491815407873
2026-02-03 10:00:00+05:30,2337.226549711575,2354.1,2333.25,2343.4875,2318.4491815407873
2026-02-03 10:15:00+05:30,2340.3570248557876,2354.9,2340.3570248557876,2349.425,2318.4491815407873
2026-02-03 10:30:00+05:30,2344.8910124278937,2345.7,2325.4,2335.6875,2318.4491815407873
2026-02-03 10:45:00+05:30,2340.289256213947,2340.289256213947,2318.1,2325.8375,2318.4491815407873
2026-02-03 11:00:00+05:30,2333.0633781069737,2333.0633781069737,2319.25,2325.7250000000004,2318.4491815407873
2026-02-03 11:15:00+05:30,2329.394189053487,2329.394189053487,2314.45,2319.95,2318.4491815407873
2026-02-03 11:30:00+05:30,2324.6720945267434,2324.6720945267434,2297.0,2310.1,2318.4491815407873
2026-02-03 11:45:00+05:30,2317.3860472633714,2328.0,2302.65,2315.05,2318.4491815407873
2026-02-03 12:00:00+05:30,2316.218023631686,2325.95,2316.218023631686,2321.0125,2318.4491815407873
2026-02-03 12:15:00+05:30,2318.615261815843,2324.05,2316.0,2319.2625,2318.4491815407873
2026-02-03 12:30:00+05:30,2318.9388809079214,2332.95,2311.85,2321.7625,2318.4491815407873
2026-02-03 12:45:00+05:30,2320.350690453961,2325.25,2316.85,2321.45,2318.4491815407873
2026-02-03 13:00:00+05:30,2320.9003452269803,2332.75,2319.65,2325.3125,2318.4491815407873
2026-02-03 13:15:00+05:30,2323.1064226134904,2328.35,2320.0,2324.65,2318.4491815407873
2026-02-03 13:30:00+05:30,2323.8782113067455,2324.7,2308.65,2316.8374999999996,2318.4491815407873
2026-02-03 13:45:00+05:30,2320.3578556533726,2320.3578556533726,2309.5,2313.5625,2318.4491815407873
