time,HA_open,HA_high,HA_low,HA_close,EMA9,EMA_UPPER,EMA_LOWER
2025-12-08 07:30:00+05:30,91107.0,91424.5,90774.5,91103.25,,,
2025-12-08 08:30:00+05:30,91105.125,91392.5,90956.0,91184.0,,,
2025-12-08 09:30:00+05:30,91144.5625,91454.0,90988.0,91186.875,,,
2025-12-08 10:30:00+05:30,91165.71875,91419.5,91015.0,91247.875,,,
2025-12-08 11:30:00+05:30,91206.796875,91622.5,91206.796875,91391.625,91222.725,91422.725,91022.725
2025-12-08 12:30:00+05:30,91299.2109375,91850.0,91299.2109375,91533.375,91326.27500000001,91526.27500000001,91126.27500000001
2025-12-08 13:30:00+05:30,91416.29296875,91909.5,91416.29296875,91668.875,91440.475,91640.475,91240.475
2025-12-08 14:30:00+05:30,91542.583984375,92263.5,91542.583984375,91919.0,91599.98333333334,91799.98333333334,91399.98333333334
2025-12-08 15:30:00+05:30,91730.7919921875,92191.5,91730.7919921875,91986.625,91728.8638888889,91928.8638888889,91528.8638888889
2025-12-08 16:30:00+05:30,91858.70849609375,92147.5,91815.0,91997.625,91818.45092592594,92018.45092592594,91618.45092592594
2025-12-08 17:30:00+05:30,91928.16674804688,91958.0,91637.5,91816.75,91817.8839506173,92017.8839506173,91617.8839506173
2025-12-08 18:30:00+05:30,91872.45837402344,92110.0,91314.0,91648.875,91761.54763374486,91961.54763374486,91561.54763374486
2025-12-08 19:30:00+05:30,91760.66668701172,91762.0,90745.0,91189.375,91570.82342249659,91770.82342249659,91370.82342249659
2025-12-08 20:30:00+05:30,91475.02084350586,91475.02084350586,89564.0,90322.375,91154.67394833107,91354.67394833107,90954.67394833107
2025-12-08 21:30:00+05:30,90898.69792175293,90898.69792175293,89637.0,89986.25,90765.19929888738,90965.19929888738,90565.19929888738
2025-12-08 22:30:00+05:30,90442.47396087646,90442.47396087646,89652.0,90029.25,90519.88286592493,90719.88286592493,90319.88286592493
2025-12-08 23:30:00+05:30,90235.86198043823,90481.5,89686.0,90066.875,90368.88024394996,90568.88024394996,90168.88024394996
2025-12-09 00:30:00+05:30,90151.36849021912,90336.0,89813.5,90026.625,90254.79516263331,90454.79516263331,90054.79516263331
2025-12-09 01:30:00+05:30,90088.99674510956,90887.0,90088.0,90454.625,90321.40510842222,90521.40510842222,90121.40510842222
2025-12-09 02:30:00+05:30,90271.81087255478,91346.0,90271.81087255478,90994.25,90545.68673894815,90745.68673894815,90345.68673894815
2025-12-09 03:30:00+05:30,90633.03043627739,91342.5,90633.03043627739,91022.75,90704.70782596544,90904.70782596544,90504.70782596544
2025-12-09 04:30:00+05:30,90827.8902181387,90984.5,90450.0,90709.625,90706.34688397696,90906.34688397696,90506.34688397696
2025-12-09 05:30:00+05:30,90768.75760906935,90820.5,90324.5,90530.75,90647.81458931798,90847.81458931798,90447.81458931798
2025-12-09 06:30:00+05:30,90649.75380453467,90649.75380453467,89930.5,90219.0,90504.87639287865,90704.87639287865,90304.87639287865
2025-12-09 07:30:00+05:30,90434.37690226734,90434.37690226734,89943.5,90092.625,90367.45926191911,90567.45926191911,90167.45926191911
2025-12-09 08:30:00+05:30,90263.50095113367,90420.0,89788.5,90154.75,90296.55617461275,90496.55617461275,90096.55617461275
2025-12-09 09:30:00+05:30,90209.12547556683,90482.5,89689.5,90109.75,90234.28744974184,90434.28744974184,90034.28744974184
2025-12-09 10:30:00+05:30,90159.43773778342,90182.5,89489.5,89855.5,90108.02496649456,90308.02496649456,89908.02496649456
2025-12-09 11:30:00+05:30,90007.46886889171,90207.5,89752.0,89990.0,90068.68331099638,90268.68331099638,89868.68331099638
2025-12-09 12:30:00+05:30,89998.73443444585,90495.5,89998.73443444585,90287.75,90141.70554066426,90341.70554066426,89941.70554066426
2025-12-09 13:30:00+05:30,90143.24221722293,90589.5,90143.24221722293,90463.125,90248.84536044285,90448.84536044285,90048.84536044285
2025-12-09 14:30:00+05:30,90303.18360861146,90471.5,90097.5,90285.25,90260.98024029523,90460.98024029523,90060.98024029523
2025-12-09 15:30:00+05:30,90294.21680430573,90317.0,89878.0,90142.5,90221.48682686349,90421.48682686349,90021.48682686349
2025-12-09 16:30:00+05:30,90218.35840215287,90358.5,90098.0,90267.625,90236.866217909,90436.866217909,90036.866217909
2025-12-09 17:30:00+05:30,90242.99170107643,90659.0,90242.99170107643,90459.125,90310.952478606,90510.952478606,90110.952478606
2025-12-09 18:30:00+05:30,90351.05835053822,90823.0,90131.0,90472.875,90364.92665240401,90564.92665240401,90164.92665240401
2025-12-09 19:30:00+05:30,90411.96667526911,90606.5,89961.5,90325.375,90351.74276826935,90551.74276826935,90151.74276826935
2025-12-09 20:30:00+05:30,90368.67083763456,92867.5,90256.0,91536.75,90746.74517884623,90946.74517884623,90546.74517884623
2025-12-09 21:30:00+05:30,90952.71041881728,94448.5,90952.71041881728,93492.625,91662.03845256416,91862.03845256416,91462.03845256416
2025-12-09 22:30:00+05:30,92222.66770940865,94564.5,92222.66770940865,94032.0,92452.02563504278,92652.02563504278,92252.02563504278
2025-12-09 23:30:00+05:30,93127.33385470432,94138.0,93127.33385470432,93889.125,92931.05875669519,93131.05875669519,92731.05875669519
2025-12-10 00:30:00+05:30,93508.22942735217,94197.0,93508.22942735217,93872.25,93244.78917113013,93444.78917113013,93044.78917113013
2025-12-10 01:30:00+05:30,93690.23971367608,93829.0,92735.0,93345.125,93278.2344474201,93478.2344474201,93078.2344474201
2025-12-10 02:30:00+05:30,93517.68235683805,93517.68235683805,92208.0,92776.5,93110.9896316134,93310.9896316134,92910.9896316134
2025-12-10 03:30:00+05:30,93147.09117841902,93147.09117841902,92468.5,92731.125,92984.36808774227,93184.36808774227,92784.36808774227
2025-12-10 04:30:00+05:30,92939.1080892095,92941.5,92510.0,92734.875,92901.20372516153,93101.20372516153,92701.20372516153
2025-12-10 05:30:00+05:30,92836.99154460475,92836.99154460475,92009.5,92374.125,92725.51081677436,92925.51081677436,92525.51081677436
2025-12-10 06:30:00+05:30,92605.55827230238,92605.55827230238,91923.5,92166.25,92539.09054451625,92739.09054451625,92339.09054451625
2025-12-10 07:30:00+05:30,92385.90413615119,92538.5,91985.0,92317.125,92465.10202967751,92665.10202967751,92265.10202967751
2025-12-10 08:30:00+05:30,92351.5145680756,92528.5,92309.0,92421.25,92450.48468645167,92650.48468645167,92250.48468645167
2025-12-10 09:30:00+05:30,92386.3822840378,92635.0,92348.5,92468.75,92456.57312430113,92656.57312430113,92256.57312430113
2025-12-10 10:30:00+05:30,92427.5661420189,92705.0,92427.5661420189,92554.25,92489.13208286742,92689.13208286742,92289.13208286742
2025-12-10 11:30:00+05:30,92490.90807100944,92709.5,92359.0,92561.0,92513.08805524495,92713.08805524495,92313.08805524495
2025-12-10 12:30:00+05:30,92525.95403550472,92754.5,92455.0,92655.5,92560.55870349664,92760.55870349664,92360.55870349664
2025-12-10 13:30:00+05:30,92590.72701775236,92767.5,92509.0,92651.25,92590.78913566444,92790.78913566444,92390.78913566444
2025-12-10 14:30:00+05:30,92620.98850887618,92909.0,92390.0,92688.125,92623.2344237763,92823.2344237763,92423.2344237763
2025-12-10 15:30:00+05:30,92654.55675443809,93231.5,92097.0,92609.25,92618.5729491842,92818.5729491842,92418.5729491842
2025-12-10 16:30:00+05:30,92631.90337721905,92631.90337721905,91730.0,92117.625,92451.59029945615,92651.59029945615,92251.59029945615
2025-12-10 17:30:00+05:30,92374.76418860952,92374.76418860952,91794.5,92009.5,92304.2268663041,92504.2268663041,92104.2268663041
2025-12-10 18:30:00+05:30,92192.13209430476,92202.5,91913.5,92035.625,92214.6929108694,92414.6929108694,92014.6929108694
2025-12-10 19:30:00+05:30,92113.87854715239,92113.87854715239,91562.0,91878.375,92102.58694057961,92302.58694057961,91902.58694057961
2025-12-10 20:30:00+05:30,91996.1267735762,92124.5,91531.0,91872.5,92025.89129371975,92225.89129371975,91825.89129371975
2025-12-10 21:30:00+05:30,91934.3133867881,92378.0,91934.3133867881,92224.75,92092.1775291465,92292.1775291465,91892.1775291465
2025-12-10 22:30:00+05:30,92079.53169339405,92490.0,92079.53169339405,92368.25,92184.20168609767,92384.20168609767,91984.20168609767
2025-12-10 23:30:00+05:30,92223.89084669703,93009.5,91950.5,92442.75,92270.38445739845,92470.38445739845,92070.38445739845
2025-12-11 00:30:00+05:30,92333.32042334852,93224.0,91625.5,92557.625,92366.1313049323,92566.1313049323,92166.1313049323
2025-12-11 01:30:00+05:30,92445.47271167426,94451.0,92209.5,93001.75,92578.0042032882,92778.0042032882,92378.0042032882
2025-12-11 02:30:00+05:30,92723.61135583713,92743.0,91842.5,92330.5,92495.50280219215,92695.50280219215,92295.50280219215
2025-12-11 03:30:00+05:30,92527.05567791857,92669.0,91900.5,92338.875,92443.29353479476,92643.29353479476,92243.29353479476
2025-12-11 04:30:00+05:30,92432.96533895929,92567.5,91909.0,92226.625,92371.07068986318,92571.07068986318,92171.07068986318
2025-12-11 05:30:00+05:30,92329.79516947965,92329.79516947965,91020.5,91605.75,92115.96379324212,92315.96379324212,91915.96379324212
2025-12-11 06:30:00+05:30,91967.77258473983,91967.77258473983,90610.0,90993.125,91741.68419549474,91941.68419549474,91541.68419549474
2025-12-11 07:30:00+05:30,91480.44879236992,91480.44879236992,89830.5,90290.875,91258.08113032984,91458.08113032984,91058.08113032984
2025-12-11 08:30:00+05:30,90885.66189618496,90885.66189618496,89355.0,89821.125,90779.09575355324,90979.09575355324,90579.09575355324
2025-12-11 09:30:00+05:30,90353.39344809248,90455.0,89649.5,90085.375,90547.85550236882,90747.85550236882,90347.85550236882
2025-12-11 10:30:00+05:30,90219.38422404624,90396.5,90026.5,90272.875,90456.19533491255,90656.19533491255,90256.19533491255
2025-12-11 11:30:00+05:30,90246.12961202313,90423.0,89929.0,90221.25,90377.88022327505,90577.88022327505,90177.88022327505
2025-12-11 12:30:00+05:30,90233.68980601156,90296.0,90047.0,90211.25,90322.3368155167,90522.3368155167,90122.3368155167
2025-12-11 13:30:00+05:30,90222.46990300578,90242.0,89939.5,90145.75,90263.4745436778,90463.4745436778,90063.4745436778
2025-12-11 14:30:00+05:30,90184.10995150289,90483.5,90110.5,90240.5,90255.81636245188,90455.81636245188,90055.81636245188
2025-12-11 15:30:00+05:30,90212.30497575144,90319.0,90134.5,90237.0,90249.54424163459,90449.54424163459,90049.54424163459
2025-12-11 16:30:00+05:30,90224.65248787572,90387.5,90172.5,90263.25,90254.1128277564,90454.1128277564,90054.1128277564
2025-12-11 17:30:00+05:30,90243.95124393786,90356.5,89985.5,90138.875,90215.70021850427,90415.70021850427,90015.70021850427
2025-12-11 18:30:00+05:30,90191.41312196893,90191.41312196893,89836.0,90015.75,90149.05014566952,90349.05014566952,89949.05014566952
2025-12-11 19:30:00+05:30,90103.58156098446,90458.5,89227.5,89821.25,90039.78343044635,90239.78343044635,89839.78343044635
2025-12-11 20:30:00+05:30,89962.41578049223,90619.0,89372.0,89836.875,89972.14728696423,90172.14728696423,89772.14728696423
2025-12-11 21:30:00+05:30,89899.64539024612,90159.5,89296.5,89752.25,89898.84819130949,90098.84819130949,89698.84819130949
2025-12-11 22:30:00+05:30,89825.94769512306,90234.5,89596.5,89871.5,89889.73212753967,90089.73212753967,89689.73212753967
2025-12-11 23:30:00+05:30,89848.72384756153,91159.5,89848.72384756153,90405.375,90061.61308502645,90261.61308502645,89861.61308502645
2025-12-12 00:30:00+05:30,90127.04942378076,91507.5,90127.04942378076,90882.5,90335.2420566843,90535.2420566843,90135.2420566843
2025-12-12 01:30:00+05:30,90504.77471189038,91809.5,90504.77471189038,91279.75,90650.07803778954,90850.07803778954,90450.07803778954
2025-12-12 02:30:00+05:30,90892.26235594519,93545.0,90892.26235594519,92446.625,91248.92702519303,91448.92702519303,91048.92702519303
2025-12-12 03:30:00+05:30,91669.4436779726,93179.0,91669.4436779726,92606.625,91701.49301679536,91901.49301679536,91501.49301679536
2025-12-12 04:30:00+05:30,92138.0343389863,92776.5,92138.0343389863,92475.5,91959.49534453024,92159.49534453024,91759.49534453024
2025-12-12 05:30:00+05:30,92306.76716949315,92608.5,91409.0,92008.5,91975.83022968684,92175.83022968684,91775.83022968684
2025-12-12 06:30:00+05:30,92157.63358474657,92282.5,91493.5,91861.75,91937.8034864579,92137.8034864579,91737.8034864579
2025-12-12 07:30:00+05:30,92009.69179237328,92708.5,91892.0,92322.375,92065.99399097194,92265.99399097194,91865.99399097194
2025-12-12 08:30:00+05:30,92166.03339618664,92728.5,92135.5,92418.625,92183.53766064797,92383.53766064797,91983.53766064797
2025-12-12 09:30:00+05:30,92292.32919809333,92434.0,92099.5,92285.25,92217.44177376531,92417.44177376531,92017.44177376531
2025-12-12 10:30:00+05:30,92288.78959904666,92469.5,92037.0,92321.375,92252.08618251022,92452.08618251022,92052.08618251022
2025-12-12 11:30:00+05:30,92305.08229952333,92695.0,92305.08229952333,92488.875,92331.01578834016,92531.01578834016,92131.01578834016
2025-12-12 12:30:00+05:30,92396.97864976167,92538.0,92222.0,92410.125,92357.38552556011,92557.38552556011,92157.38552556011
2025-12-12 13:30:00+05:30,92403.55182488084,92456.5,92064.5,92311.375,92342.04868370674,92542.04868370674,92142.04868370674
2025-12-12 14:30:00+05:30,92357.46341244041,92527.5,92059.0,92349.5,92344.5324558045,92544.5324558045,92144.5324558045
2025-12-12 15:30:00+05:30,92353.4817062202,92610.0,92353.4817062202,92488.0,92392.35497053634,92592.35497053634,92192.35497053634
2025-12-12 16:30:00+05:30,92420.7408531101,92464.5,92243.5,92390.625,92391.7783136909,92591.7783136909,92191.7783136909
2025-12-12 17:30:00+05:30,92405.68292655505,92405.68292655505,92045.0,92306.125,92363.22720912728,92563.22720912728,92163.22720912728
2025-12-12 18:30:00+05:30,92355.90396327752,92481.5,92205.0,92338.875,92355.10980608486,92555.10980608486,92155.10980608486
2025-12-12 19:30:00+05:30,92347.38948163876,92639.5,91860.0,92293.5,92334.57320405658,92534.57320405658,92134.57320405658
2025-12-12 20:30:00+05:30,92320.44474081938,92417.0,89743.0,91116.625,91928.59046937106,92128.59046937106,91728.59046937106
2025-12-12 21:30:00+05:30,91718.5348704097,91718.5348704097,89437.5,89935.0,91264.06031291405,91464.06031291405,91064.06031291405
2025-12-12 22:30:00+05:30,90826.76743520485,90826.76743520485,89785.5,90108.625,90878.91520860937,91078.91520860937,90678.91520860937
2025-12-12 23:30:00+05:30,90467.69621760242,90629.0,90004.0,90254.75,90670.86013907292,90870.86013907292,90470.86013907292
2025-12-13 00:30:00+05:30,90361.2231088012,90369.5,89964.0,90205.875,90515.86509271528,90715.86509271528,90315.86509271528
2025-12-13 01:30:00+05:30,90283.5490544006,90296.5,89851.5,90114.125,90381.95172847685,90581.95172847685,90181.95172847685
2025-12-13 02:30:00+05:30,90198.8370272003,90312.5,90068.5,90177.5,90313.8011523179,90513.8011523179,90113.8011523179
2025-12-13 03:30:00+05:30,90188.16851360015,90367.0,90153.0,90238.5,90288.70076821194,90488.70076821194,90088.70076821194
2025-12-13 04:30:00+05:30,90213.33425680007,90351.0,90197.0,90273.25,90283.5505121413,90483.5505121413,90083.5505121413
2025-12-13 05:30:00+05:30,90243.29212840003,90407.5,90172.0,90275.875,90280.99200809421,90480.99200809421,90080.99200809421
2025-12-13 06:30:00+05:30,90259.58356420002,90331.0,90086.0,90226.375,90262.78633872948,90462.78633872948,90062.78633872948
2025-12-13 07:30:00+05:30,90242.97928210002,90292.0,90193.0,90222.625,90249.39922581965,90449.39922581965,90049.39922581965
2025-12-13 08:30:00+05:30,90232.80214105001,90440.5,90174.0,90283.0,90260.59948387978,90460.59948387978,90060.59948387978
2025-12-13 09:30:00+05:30,90257.901070525,90389.0,90238.0,90321.125,90280.77465591986,90480.77465591986,90080.77465591986
2025-12-13 10:30:00+05:30,90289.5130352625,90359.5,90236.5,90312.875,90291.47477061325,90491.47477061325,90091.47477061325
2025-12-13 11:30:00+05:30,90301.19401763125,90349.5,90241.0,90306.875,90296.60818040883,90496.60818040883,90096.60818040883
2025-12-13 12:30:00+05:30,90304.03450881562,90370.0,90286.0,90319.5,90304.23878693923,90504.23878693923,90104.23878693923
2025-12-13 13:30:00+05:30,90311.76725440781,90545.5,90289.0,90388.25,90332.24252462616,90532.24252462616,90132.24252462616
2025-12-13 14:30:00+05:30,90350.0086272039,90478.5,90347.0,90408.25,90357.57834975078,90557.57834975078,90157.57834975078
2025-12-13 15:30:00+05:30,90379.12931360195,90609.5,90377.5,90482.0,90399.0522331672,90599.0522331672,90199.0522331672
2025-12-13 16:30:00+05:30,90430.56465680097,90573.0,90249.0,90421.375,90406.4931554448,90606.4931554448,90206.4931554448
2025-12-13 17:30:00+05:30,90425.96982840048,90451.5,90250.5,90332.125,90381.70377029653,90581.70377029653,90181.70377029653
2025-12-13 18:30:00+05:30,90379.04741420023,90429.0,90162.5,90284.125,90349.17751353103,90549.17751353103,90149.17751353103
2025-12-13 19:30:00+05:30,90331.58620710012,90331.58620710012,89896.5,90123.25,90273.86834235402,90473.86834235402,90073.86834235402
2025-12-13 20:30:00+05:30,90227.41810355007,90268.5,90007.5,90099.75,90215.82889490269,90415.82889490269,90015.82889490269
2025-12-13 21:30:00+05:30,90163.58405177503,90246.5,90004.0,90094.375,90175.34426326846,90375.34426326846,89975.34426326846
2025-12-13 22:30:00+05:30,90128.97952588752,90128.97952588752,89952.5,90032.125,90127.60450884564,90327.60450884564,89927.60450884564
2025-12-13 23:30:00+05:30,90080.55226294376,90166.0,90020.5,90079.125,90111.44467256377,90311.44467256377,89911.44467256377
2025-12-14 00:30:00+05:30,90079.83863147188,90205.5,90079.83863147188,90136.875,90119.92144837586,90319.92144837586,89919.92144837586
2025-12-14 01:30:00+05:30,90108.35681573594,90196.0,90010.5,90110.5,90116.78096558391,90316.78096558391,89916.78096558391
2025-12-14 02:30:00+05:30,90109.42840786796,90159.5,89720.5,90023.875,90085.81231038927,90285.81231038927,89885.81231038927
2025-12-14 03:30:00+05:30,90066.65170393398,90235.5,89965.5,90116.5,90096.04154025952,90296.04154025952,89896.04154025952
2025-12-14 04:30:00+05:30,90091.57585196699,90257.5,90027.0,90144.0,90112.02769350636,90312.02769350636,89912.02769350636
2025-12-14 05:30:00+05:30,90117.78792598349,90446.5,90084.0,90261.75,90161.93512900424,90361.93512900424,89961.93512900424
2025-12-14 06:30:00+05:30,90189.76896299174,90414.5,90175.0,90292.125,90205.3317526695,90405.3317526695,90005.3317526695
2025-12-14 07:30:00+05:30,90240.94698149587,90359.5,90209.0,90272.25,90227.63783511301,90427.63783511301,90027.63783511301
2025-12-14 08:30:00+05:30,90256.59849074794,90272.0,90209.0,90241.625,90232.30022340867,90432.30022340867,90032.30022340867
2025-12-14 09:30:00+05:30,90249.11174537397,90309.5,90094.5,90201.25,90221.95014893913,90421.95014893913,90021.95014893913
2025-12-14 10:30:00+05:30,90225.180872687,90225.180872687,90013.0,90136.625,90193.50843262608,90393.50843262608,89993.50843262608
2025-12-14 11:30:00+05:30,90180.9029363435,90210.0,90064.0,90139.0,90175.33895508407,90375.33895508407,89975.33895508407
2025-12-14 12:30:00+05:30,90159.95146817176,90245.5,90043.5,90154.75,90168.47597005605,90368.47597005605,89968.47597005605
2025-12-14 13:30:00+05:30,90157.35073408588,90260.0,90073.0,90157.5,90164.8173133707,90364.8173133707,89964.8173133707
2025-12-14 14:30:00+05:30,90157.42536704295,90157.42536704295,89972.0,90043.625,90124.41987558047,90324.41987558047,89924.41987558047
2025-12-14 15:30:00+05:30,90100.52518352147,90110.5,89752.5,89922.875,90057.23825038699,90257.23825038699,89857.23825038699
2025-12-14 16:30:00+05:30,90011.70009176074,90011.70009176074,88608.0,89396.625,89837.03383359133,90037.03383359133,89637.03383359133
2025-12-14 17:30:00+05:30,89704.16254588036,89704.16254588036,89063.5,89353.0,89675.68922239423,89875.68922239423,89475.68922239423
2025-12-14 18:30:00+05:30,89528.58127294018,89528.58127294018,89043.5,89340.625,89564.00114826282,89764.00114826282,89364.00114826282
2025-12-14 19:30:00+05:30,89434.60313647009,89536.5,88847.5,89231.25,89453.08409884188,89653.08409884188,89253.08409884188
2025-12-14 20:30:00+05:30,89332.92656823504,89332.92656823504,88840.0,89018.375,89308.18106589459,89508.18106589459,89108.18106589459
2025-12-14 21:30:00+05:30,89175.65078411752,89382.0,88453.0,88904.625,89173.66237726307,89373.66237726307,88973.66237726307
2025-12-14 22:30:00+05:30,89040.13789205876,89040.13789205876,88559.0,88780.25,89042.52491817539,89242.52491817539,88842.52491817539
2025-12-14 23:30:00+05:30,88910.19394602938,89037.0,88675.0,88860.75,88981.9332787836,89181.9332787836,88781.9332787836
2025-12-15 00:30:00+05:30,88885.47197301469,88960.0,88445.5,88743.375,88902.41385252241,89102.41385252241,88702.41385252241
2025-12-15 01:30:00+05:30,88814.42348650735,88814.42348650735,88317.0,88558.0,88787.60923501494,88987.60923501494,88587.60923501494
2025-12-15 02:30:00+05:30,88686.21174325368,88686.21174325368,88307.0,88477.5,88684.23949000996,88884.23949000996,88484.23949000996
2025-12-15 03:30:00+05:30,88581.85587162685,88585.5,87972.0,88337.5,88568.65966000664,88768.65966000664,88368.65966000664
2025-12-15 04:30:00+05:30,88459.67793581342,88584.5,87528.0,88154.75,88430.68977333777,88630.68977333777,88230.68977333777
2025-12-15 05:30:00+05:30,88307.21396790672,88665.5,88035.5,88313.25,88391.54318222518,88591.54318222518,88191.54318222518
2025-12-15 06:30:00+05:30,88310.23198395336,89301.0,88310.23198395336,88826.875,88536.65378815013,88736.65378815013,88336.65378815013
2025-12-15 07:30:00+05:30,88568.55349197668,89979.5,88568.55349197668,89411.125,88828.1441921001,89028.1441921001,88628.1441921001
2025-12-15 08:30:00+05:30,88989.83924598835,89505.5,88989.83924598835,89305.0,88987.09612806674,89187.09612806674,88787.09612806674
2025-12-15 09:30:00+05:30,89147.41962299417,89759.0,89147.41962299417,89471.375,89148.52241871116,89348.52241871116,88948.52241871116
2025-12-15 10:30:00+05:30,89309.39731149709,89722.0,89309.39731149709,89603.0,89300.01494580744,89500.01494580744,89100.01494580744
2025-12-15 11:30:00+05:30,89456.19865574854,89889.0,89436.5,89653.125,89417.71829720496,89617.71829720496,89217.71829720496
2025-12-15 12:30:00+05:30,89554.66182787427,89796.5,89474.0,89670.625,89502.02053146999,89702.02053146999,89302.02053146999
2025-12-15 13:30:00+05:30,89612.64341393713,89863.5,89612.64341393713,89729.5,89577.84702098,89777.84702098,89377.84702098
2025-12-15 14:30:00+05:30,89671.07170696856,89949.0,89671.07170696856,89807.75,89654.48134732,89854.48134732,89454.48134732
2025-12-15 15:30:00+05:30,89739.41085348428,89949.0,89666.5,89815.375,89708.11256488001,89908.11256488001,89508.11256488001
2025-12-15 16:30:00+05:30,89777.39292674215,89871.0,89533.5,89709.625,89708.61670992001,89908.61670992001,89508.61670992001
2025-12-15 17:30:00+05:30,89743.50896337107,89743.50896337107,89392.0,89603.0,89673.41113994668,89873.41113994668,89473.41113994668
2025-12-15 18:30:00+05:30,89673.25448168554,89708.0,89238.5,89502.25,89616.35742663112,89816.35742663112,89416.35742663112
2025-12-15 19:30:00+05:30,89587.75224084276,89854.0,87808.5,88768.125,89333.61328442075,89533.61328442075,89133.61328442075
2025-12-15 20:30:00+05:30,89177.93862042138,89177.93862042138,86586.5,87443.375,88703.5338562805,88903.5338562805,88503.5338562805
2025-12-15 21:30:00+05:30,88310.6568102107,88310.6568102107,86009.5,86645.875,88017.64757085367,88217.64757085367,87817.64757085367
2025-12-15 22:30:00+05:30,87478.26590510535,87478.26590510535,85568.5,86039.75,87358.34838056912,87558.34838056912,87158.34838056912
2025-12-15 23:30:00+05:30,86759.00795255267,86759.00795255267,85093.5,85806.875,86841.19058704609,87041.19058704609,86641.19058704609
2025-12-16 00:30:00+05:30,86282.94147627633,86526.0,85841.5,86158.25,86613.5437246974,86813.5437246974,86413.5437246974
2025-12-16 01:30:00+05:30,86220.59573813816,86220.59573813816,85583.0,85903.5,86376.86248313161,86576.86248313161,86176.86248313161
2025-12-16 02:30:00+05:30,86062.04786906908,86284.0,85503.0,85939.0,86230.90832208775,86430.90832208775,86030.90832208775
2025-12-16 03:30:00+05:30,86000.52393453455,86238.5,85793.5,86119.0,86193.6055480585,86393.6055480585,85993.6055480585
2025-12-16 04:30:00+05:30,86059.76196726727,86437.0,86059.76196726727,86285.875,86224.362032039,86424.362032039,86024.362032039
2025-12-16 05:30:00+05:30,86172.81848363363,86488.0,85811.0,86132.375,86193.69968802601,86393.69968802601,85993.69968802601
2025-12-16 06:30:00+05:30,86152.59674181681,86152.59674181681,85633.5,85865.875,86084.42479201735,86284.42479201735,85884.42479201735
2025-12-16 07:30:00+05:30,86009.23587090841,86197.0,85776.5,85937.25,86035.36652801157,86235.36652801157,85835.36652801157
2025-12-16 08:30:00+05:30,85973.24293545421,85986.5,85349.5,85773.625,85948.11935200772,86148.11935200772,85748.11935200772
2025-12-16 09:30:00+05:30,85873.4339677271,85897.0,85234.5,85696.875,85864.37123467182,86064.37123467182,85664.37123467182
2025-12-16 10:30:00+05:30,85785.15448386356,86175.5,85767.5,85936.0,85888.24748978122,86088.24748978122,85688.24748978122
2025-12-16 11:30:00+05:30,85860.57724193178,86583.0,85860.57724193178,86258.875,86011.78999318749,86211.78999318749,85811.78999318749
2025-12-16 12:30:00+05:30,86059.72612096589,86584.0,85816.5,86210.375,86077.98499545833,86277.98499545833,85877.98499545833
2025-12-16 13:30:00+05:30,86135.05056048295,86352.5,85882.0,86114.875,86090.28166363889,86290.28166363889,85890.28166363889
2025-12-16 14:30:00+05:30,86124.96278024148,86401.0,86124.96278024148,86279.0,86153.18777575926,86353.18777575926,85953.18777575926
2025-12-16 15:30:00+05:30,86201.98139012074,87301.0,86201.98139012074,86702.5,86336.29185050618,86536.29185050618,86136.29185050618
2025-12-16 16:30:00+05:30,86452.24069506038,87304.0,86452.24069506038,87060.875,86577.81956700413,86777.81956700413,86377.81956700413
2025-12-16 17:30:00+05:30,86756.55784753019,87455.5,86756.55784753019,87219.5,86791.71304466942,86991.71304466942,86591.71304466942
2025-12-16 18:30:00+05:30,86988.02892376509,87777.0,86391.5,86938.5,86840.64202977961,87040.64202977961,86640.64202977961
2025-12-16 19:30:00+05:30,86963.26446188254,87742.0,86064.0,86873.375,86851.55301985308,87051.55301985308,86651.55301985308
2025-12-16 20:30:00+05:30,86918.31973094126,88150.5,86818.0,87546.625,87083.24367990205,87283.24367990205,86883.24367990205
2025-12-16 21:30:00+05:30,87232.47236547063,88021.5,87232.47236547063,87716.5,87294.3291199347,87494.3291199347,87094.3291199347
2025-12-16 22:30:00+05:30,87474.48618273532,87812.5,87058.5,87378.875,87322.51107995647,87522.51107995647,87122.51107995647
2025-12-16 23:30:00+05:30,87426.68059136765,87989.0,87024.0,87464.625,87369.88238663765,87569.88238663765,87169.88238663765
2025-12-17 00:30:00+05:30,87445.65279568383,87770.0,87253.5,87586.25,87442.0049244251,87642.0049244251,87242.0049244251
2025-12-17 01:30:00+05:30,87515.95139784191,87819.0,87307.0,87555.5,87479.8366162834,87679.8366162834,87279.8366162834
2025-12-17 02:30:00+05:30,87535.72569892096,87889.0,87464.0,87661.75,87540.4744108556,87740.4744108556,87340.4744108556
2025-12-17 03:30:00+05:30,87598.73784946048,87909.5,87598.73784946048,87752.125,87611.02460723708,87811.02460723708,87411.02460723708
2025-12-17 04:30:00+05:30,87675.43142473024,87837.5,87565.5,87753.375,87658.47473815805,87858.47473815805,87458.47473815805
2025-12-17 05:30:00+05:30,87714.40321236511,87834.5,87386.0,87640.875,87652.60815877204,87852.60815877204,87452.60815877204
2025-12-17 06:30:00+05:30,87677.63910618256,87935.5,87448.0,87605.375,87636.8637725147,87836.8637725147,87436.8637725147
2025-12-17 07:30:00+05:30,87641.50705309128,87641.50705309128,87158.5,87428.5,87567.40918167647,87767.40918167647,87367.40918167647
2025-12-17 08:30:00+05:30,87535.00352654564,87586.5,87121.5,87339.125,87491.31445445099,87691.31445445099,87291.31445445099
2025-12-17 09:30:00+05:30,87437.06426327283,87437.06426327283,86687.0,86992.375,87325.00130296733,87525.00130296733,87125.00130296733
2025-12-17 10:30:00+05:30,87214.71963163641,87214.71963163641,86186.5,86564.5,87071.50086864489,87271.50086864489,86871.50086864489
2025-12-17 11:30:00+05:30,86889.6098158182,86973.5,86563.0,86721.375,86954.79224576327,87154.79224576327,86754.79224576327
2025-12-17 12:30:00+05:30,86805.4924079091,87143.5,86564.0,86869.125,86926.23649717552,87126.23649717552,86726.23649717552
2025-12-17 13:30:00+05:30,86837.30870395455,87018.5,86294.5,86676.5,86842.99099811702,87042.99099811702,86642.99099811702
2025-12-17 14:30:00+05:30,86756.90435197728,86756.90435197728,86229.5,86395.875,86693.95233207801,86893.95233207801,86493.95233207801
2025-12-17 15:30:00+05:30,86576.38967598864,86819.0,86209.0,86501.875,86629.92655471868,86829.92655471868,86429.92655471868
2025-12-17 16:30:00+05:30,86539.13233799432,87109.0,86531.5,86796.125,86685.32603647912,86885.32603647912,86485.32603647912
2025-12-17 17:30:00+05:30,86667.62866899716,87191.5,86667.62866899716,86980.625,86783.75902431941,86983.75902431941,86583.75902431941
2025-12-17 18:30:00+05:30,86824.12683449857,87825.0,86778.0,87295.875,86954.46434954628,87154.46434954628,86754.46434954628
2025-12-17 19:30:00+05:30,87060.00091724929,89664.0,87060.00091724929,88503.125,87470.68456636419,87670.68456636419,87270.68456636419
2025-12-17 20:30:00+05:30,87781.56295862465,90373.0,87097.0,88577.875,87839.74804424279,88039.74804424279,87639.74804424279
2025-12-17 21:30:00+05:30,88179.71897931233,88179.71897931233,86138.0,87008.125,87562.54036282853,87762.54036282853,87362.54036282853
2025-12-17 22:30:00+05:30,87593.92198965617,87593.92198965617,86223.5,86663.875,87262.98524188569,87462.98524188569,87062.98524188569
2025-12-17 23:30:00+05:30,87128.89849482808,87128.89849482808,85623.0,86162.625,86896.19849459047,87096.19849459047,86696.19849459047
2025-12-18 00:30:00+05:30,86645.76174741404,86645.76174741404,85278.5,85809.75,86534.04899639366,86734.04899639366,86334.04899639366
2025-12-18 01:30:00+05:30,86227.75587370702,86227.75587370702,85638.5,85921.125,86329.74099759577,86529.74099759577,86129.74099759577
2025-12-18 02:30:00+05:30,86074.4404368535,86074.4404368535,85671.5,85872.625,86177.36899839719,86377.36899839719,85977.36899839719
2025-12-18 03:30:00+05:30,85973.53271842675,86408.5,85878.0,86139.25,86164.66266559812,86364.66266559812,85964.66266559812
2025-12-18 04:30:00+05:30,86056.39135921338,86310.5,85917.5,86187.375,86172.23344373208,86372.23344373208,85972.23344373208
2025-12-18 05:30:00+05:30,86121.8831796067,86291.0,86020.5,86180.875,86175.11396248806,86375.11396248806,85975.11396248806
2025-12-18 06:30:00+05:30,86151.37908980335,86213.0,85829.0,86084.25,86144.82597499204,86344.82597499204,85944.82597499204
2025-12-18 07:30:00+05:30,86117.81454490167,86845.5,85979.0,86394.875,86228.1756499947,86428.1756499947,86028.1756499947
2025-12-18 08:30:00+05:30,86256.34477245083,86659.0,86226.0,86531.875,86329.40876666314,86529.40876666314,86129.40876666314
2025-12-18 09:30:00+05:30,86394.10988622541,86861.0,86394.10988622541,86683.75,86447.52251110876,86647.52251110876,86247.52251110876
2025-12-18 10:30:00+05:30,86538.92994311271,86727.5,86338.5,86549.875,86481.64000740585,86681.64000740585,86281.64000740585
2025-12-18 11:30:00+05:30,86544.40247155636,86632.5,86376.0,86508.375,86490.5516716039,86690.5516716039,86290.5516716039
2025-12-18 12:30:00+05:30,86526.38873577818,86831.5,86526.38873577818,86699.875,86560.3261144026,86760.3261144026,86360.3261144026
2025-12-18 13:30:00+05:30,86613.13186788908,87095.0,86613.13186788908,86870.875,86663.84240960174,86863.84240960174,86463.84240960174
2025-12-18 14:30:00+05:30,86742.00343394454,87359.0,86742.00343394454,87076.0,86801.22827306783,87001.22827306783,86601.22827306783
2025-12-18 15:30:00+05:30,86909.00171697227,87416.0,86909.00171697227,87288.875,86963.77718204522,87163.77718204522,86763.77718204522
2025-12-18 16:30:00+05:30,87098.93835848614,87324.5,87022.5,87226.5,87051.35145469682,87251.35145469682,86851.35145469682
2025-12-18 17:30:00+05:30,87162.71917924307,87406.0,87076.5,87238.75,87113.81763646455,87313.81763646455,86913.81763646455
2025-12-18 18:30:00+05:30,87200.73458962154,89182.0,87200.73458962154,88110.25,87445.96175764303,87645.96175764303,87245.96175764303
2025-12-18 19:30:00+05:30,87655.49229481077,89457.0,87655.49229481077,88581.5,87824.47450509536,88024.47450509536,87624.47450509536
2025-12-18 20:30:00+05:30,88118.49614740539,89342.0,87948.5,88526.75,88058.56633673025,88258.56633673025,87858.56633673025
2025-12-18 21:30:00+05:30,88322.62307370269,88509.0,87809.0,88198.375,88105.16922448683,88305.16922448683,87905.16922448683
2025-12-18 22:30:00+05:30,88260.49903685134,88260.49903685134,85436.0,86973.0,87727.77948299123,87927.77948299123,87527.77948299123
2025-12-18 23:30:00+05:30,87616.74951842567,87616.74951842567,85682.5,86236.125,87230.56132199416,87430.56132199416,87030.56132199416
2025-12-19 00:30:00+05:30,86926.43725921283,86926.43725921283,84440.5,85206.875,86555.99921466278,86755.99921466278,86355.99921466278
2025-12-19 01:30:00+05:30,86066.65612960642,86066.65612960642,84422.0,84667.625,85926.54114310852,86126.54114310852,85726.54114310852
2025-12-19 02:30:00+05:30,85367.14056480321,85800.5,84538.5,85125.0,85659.36076207235,85859.36076207235,85459.36076207235
2025-12-19 03:30:00+05:30,85246.0702824016,85730.0,85246.0702824016,85532.25,85616.99050804824,85816.99050804824,85416.99050804824
2025-12-19 04:30:00+05:30,85389.1601412008,85597.0,85286.0,85479.875,85571.28533869883,85771.28533869883,85371.28533869883
2025-12-19 05:30:00+05:30,85434.51757060041,85584.5,85268.5,85478.25,85540.27355913256,85740.27355913256,85340.27355913256
2025-12-19 06:30:00+05:30,85456.3837853002,85582.0,85085.5,85389.125,85489.89070608838,85689.89070608838,85289.89070608838
2025-12-19 07:30:00+05:30,85422.7543926501,85923.0,85100.0,85482.375,85487.3854707256,85687.3854707256,85287.3854707256
2025-12-19 08:30:00+05:30,85452.56469632505,87553.0,85452.56469632505,86402.75,85792.50698048374,85992.50698048374,85592.50698048374
2025-12-19 09:30:00+05:30,85927.65734816252,87364.0,85927.65734816252,87027.25,86204.08798698917,86404.08798698917,86004.08798698917
2025-12-19 10:30:00+05:30,86477.45367408126,87209.0,86477.45367408126,87014.875,86474.35032465945,86674.35032465945,86274.35032465945
2025-12-19 11:30:00+05:30,86746.16433704062,87459.0,86746.16433704062,87223.875,86724.19188310631,86924.19188310631,86524.19188310631
2025-12-19 12:30:00+05:30,86985.01966852031,88374.5,86985.01966852031,87800.25,87082.87792207088,87282.87792207088,86882.87792207088
2025-12-19 13:30:00+05:30,87392.63483426016,88188.0,87392.63483426016,87971.375,87379.04361471393,87579.04361471393,87179.04361471393
2025-12-19 14:30:00+05:30,87682.00491713008,88143.0,87682.00491713008,88037.5,87598.52907647596,87798.52907647596,87398.52907647596
2025-12-19 15:30:00+05:30,87859.75245856504,88322.0,87859.75245856504,88134.25,87777.10271765065,87977.10271765065,87577.10271765065
2025-12-19 16:30:00+05:30,87997.00122928253,88351.5,87997.00122928253,88222.0,87925.40181176711,88125.40181176711,87725.40181176711
2025-12-19 17:30:00+05:30,88109.50061464126,88256.5,87820.0,88025.875,87958.89287451141,88158.89287451141,87758.89287451141
2025-12-19 18:30:00+05:30,88067.68780732063,88199.5,87810.0,87958.75,87958.84524967428,88158.84524967428,87758.84524967428
2025-12-19 19:30:00+05:30,88013.21890366031,88534.0,87496.5,88039.25,87985.64683311619,88185.64683311619,87785.64683311619
2025-12-19 20:30:00+05:30,88026.23445183015,89383.0,87670.0,88283.875,88085.05622207746,88285.05622207746,87885.05622207746
2025-12-19 21:30:00+05:30,88155.05472591508,88879.0,87853.0,88157.75,88109.28748138498,88309.28748138498,87909.28748138498
2025-12-19 22:30:00+05:30,88156.40236295754,88329.0,86846.5,87515.5,87911.35832092332,88111.35832092332,87711.35832092332
2025-12-19 23:30:00+05:30,87835.95118147877,87835.95118147877,86816.5,87079.5,87634.07221394888,87834.07221394888,87434.07221394888
2025-12-20 00:30:00+05:30,87457.72559073938,88100.5,87110.0,87541.0,87603.04814263259,87803.04814263259,87403.04814263259
2025-12-20 01:30:00+05:30,87499.3627953697,88398.0,87499.3627953697,87953.0,87719.69876175506,87919.69876175506,87519.69876175506
2025-12-20 02:30:00+05:30,87726.18139768485,88072.0,87726.18139768485,87926.5,87788.63250783671,87988.63250783671,87588.63250783671
2025-12-20 03:30:00+05:30,87826.34069884242,88403.5,87815.5,88085.875,87887.7133385578,88087.7133385578,87687.7133385578
2025-12-20 04:30:00+05:30,87956.10784942121,88329.0,87956.10784942121,88203.875,87993.10055903855,88193.10055903855,87793.10055903855
2025-12-20 05:30:00+05:30,88079.9914247106,88160.5,87935.5,88045.0,88010.40037269237,88210.40037269237,87810.40037269237
2025-12-20 06:30:00+05:30,88062.4957123553,88142.0,87975.5,88035.25,88018.68358179492,88218.68358179492,87818.68358179492
2025-12-20 07:30:00+05:30,88048.87285617765,88288.0,87955.0,88116.5,88051.28905452995,88251.28905452995,87851.28905452995
2025-12-20 08:30:00+05:30,88082.68642808883,88304.0,88082.68642808883,88196.375,88099.6510363533,88299.6510363533,87899.6510363533
2025-12-20 09:30:00+05:30,88139.5307140444,88303.0,88075.0,88204.75,88134.68402423554,88334.68402423554,87934.68402423554
2025-12-20 10:30:00+05:30,88172.1403570222,88550.0,88172.1403570222,88328.0,88199.1226828237,88399.1226828237,87999.1226828237
2025-12-20 11:30:00+05:30,88250.0701785111,88418.0,88242.0,88297.25,88231.83178854914,88431.83178854914,88031.83178854914
2025-12-20 12:30:00+05:30,88273.66008925554,88305.5,88154.0,88244.75,88236.13785903277,88436.13785903277,88036.13785903277
2025-12-20 13:30:00+05:30,88259.20504462777,88407.0,88224.5,88277.625,88249.96690602184,88449.96690602184,88049.96690602184
2025-12-20 14:30:00+05:30,88268.41502231389,88319.0,88190.5,88233.5,88244.4779373479,88444.4779373479,88044.4779373479
2025-12-20 15:30:00+05:30,88250.95751115694,88260.0,88100.5,88175.5,88221.48529156527,88421.48529156527,88021.48529156527
2025-12-20 16:30:00+05:30,88213.22875557847,88288.5,88072.0,88189.125,88210.69852771019,88410.69852771019,88010.69852771019
2025-12-20 17:30:00+05:30,88201.17687778923,88329.0,88155.0,88239.75,88220.3823518068,88420.3823518068,88020.3823518068
2025-12-20 18:30:00+05:30,88220.46343889461,88320.0,87841.5,88156.125,88198.96323453786,88398.96323453786,87998.96323453786
2025-12-20 19:30:00+05:30,88188.2942194473,88249.5,87978.5,88172.375,88190.10048969192,88390.10048969192,87990.10048969192
2025-12-20 20:30:00+05:30,88180.33460972365,88241.0,87980.0,88146.375,88175.52532646128,88375.52532646128,87975.52532646128
2025-12-20 21:30:00+05:30,88163.35480486182,88211.5,88097.5,88143.875,88164.97521764087,88364.97521764087,87964.97521764087
2025-12-20 22:30:00+05:30,88153.61490243091,88228.0,88068.5,88143.875,88157.94181176058,88357.94181176058,87957.94181176058
2025-12-20 23:30:00+05:30,88148.74495121546,88386.0,88119.0,88237.875,88184.58620784039,88384.58620784039,87984.58620784039
2025-12-21 00:30:00+05:30,88193.30997560773,88305.5,88165.0,88240.375,88203.1824718936,88403.1824718936,88003.1824718936
2025-12-21 01:30:00+05:30,88216.84248780386,88294.5,88183.5,88235.375,88213.91331459573,88413.91331459573,88013.91331459573
2025-12-21 02:30:00+05:30,88226.10874390193,88429.5,88150.0,88255.5,88227.77554306382,88427.77554306382,88027.77554306382
2025-12-21 03:30:00+05:30,88240.80437195097,88315.5,88119.5,88221.875,88225.80869537589,88425.80869537589,88025.80869537589
2025-12-21 04:30:00+05:30,88231.33968597549,88402.5,88225.5,88302.375,88251.33079691726,88451.33079691726,88051.33079691726
2025-12-21 05:30:00+05:30,88266.85734298774,88407.0,88266.85734298774,88348.5,88283.72053127817,88483.72053127817,88083.72053127817
2025-12-21 06:30:00+05:30,88307.67867149386,88359.5,87968.0,88169.25,88245.56368751879,88445.56368751879,88045.56368751879
2025-12-21 07:30:00+05:30,88238.46433574693,88238.46433574693,87828.0,87965.625,88152.2507916792,88352.2507916792,87952.2507916792
2025-12-21 08:30:00+05:30,88102.04466787347,88137.0,87908.0,88004.875,88103.12552778613,88303.12552778613,87903.12552778613
2025-12-21 09:30:00+05:30,88053.45983393674,88128.5,88017.5,88060.5,88088.9170185241,88288.9170185241,87888.9170185241
2025-12-21 10:30:00+05:30,88056.97991696837,88133.0,88023.5,88078.0,88085.2780123494,88285.2780123494,87885.2780123494
2025-12-21 11:30:00+05:30,88067.48995848419,88183.5,88042.5,88100.625,88090.3936748996,88290.3936748996,87890.3936748996
2025-12-21 12:30:00+05:30,88084.0574792421,88150.0,88021.0,88096.5,88092.42911659974,88292.42911659974,87892.42911659974
2025-12-21 13:30:00+05:30,88090.27873962105,88738.0,88090.27873962105,88378.75,88187.8694110665,88387.8694110665,87987.8694110665
2025-12-21 14:30:00+05:30,88234.51436981052,89058.0,88234.51436981052,88731.25,88368.99627404433,88568.99627404433,88168.99627404433
2025-12-21 15:30:00+05:30,88482.88218490526,88949.0,88482.88218490526,88752.75,88496.91418269623,88696.91418269623,88296.91418269623
2025-12-21 16:30:00+05:30,88617.81609245263,88731.0,88552.5,88626.25,88540.02612179749,88740.02612179749,88340.02612179749
2025-12-21 17:30:00+05:30,88622.03304622631,88895.0,88421.0,88623.5,88567.850747865,88767.850747865,88367.850747865
2025-12-21 18:30:00+05:30,88622.76652311315,88669.5,87557.0,88116.0,88417.23383191001,88617.23383191001,88217.23383191001
2025-12-21 19:30:00+05:30,88369.38326155658,88369.38326155658,87588.5,87845.75,88226.73922127334,88426.73922127334,88026.73922127334
2025-12-21 20:30:00+05:30,88107.56663077828,88244.5,87771.5,88019.375,88157.61781418223,88357.61781418223,87957.61781418223
2025-12-21 21:30:00+05:30,88063.47081538914,88335.0,87944.0,88157.75,88157.66187612149,88357.66187612149,87957.66187612149
2025-12-21 22:30:00+05:30,88110.61040769456,88463.0,88110.61040769456,88328.375,88214.56625074767,88414.56625074767,88014.56625074767
2025-12-21 23:30:00+05:30,88219.49270384728,88434.0,87910.5,88262.875,88230.66916716512,88430.66916716512,88030.66916716512
2025-12-22 00:30:00+05:30,88241.18385192365,88591.5,88170.5,88408.625,88289.98777811008,88489.98777811008,88089.98777811008
2025-12-22 01:30:00+05:30,88324.90442596182,88475.0,88198.0,88333.875,88304.61685207339,88504.61685207339,88104.61685207339
2025-12-22 02:30:00+05:30,88329.38971298092,88347.5,88054.5,88184.25,88264.49456804893,88464.49456804893,88064.49456804893
2025-12-22 03:30:00+05:30,88256.81985649046,88468.0,88082.5,88282.125,88270.37137869929,88470.37137869929,88070.37137869929
2025-12-22 04:30:00+05:30,88269.47242824524,88796.0,88269.47242824524,88554.5,88365.08091913286,88565.08091913286,88165.08091913286
2025-12-22 05:30:00+05:30,88411.98621412262,89609.0,88411.98621412262,88852.625,88527.59561275525,88727.59561275525,88327.59561275525
2025-12-22 06:30:00+05:30,88632.30560706131,89259.0,88482.5,88728.875,88594.68874183684,88794.68874183684,88394.68874183684
2025-12-22 07:30:00+05:30,88680.59030353065,88680.59030353065,87853.5,88373.375,88520.9174945579,88720.9174945579,88320.9174945579
2025-12-22 08:30:00+05:30,88526.98265176533,88829.0,88238.5,88557.375,88533.06999637194,88733.06999637194,88333.06999637194
2025-12-22 09:30:00+05:30,88542.17882588267,89004.0,88542.17882588267,88821.625,88629.2549975813,88829.2549975813,88429.2549975813
2025-12-22 10:30:00+05:30,88681.90191294134,88975.0,88681.90191294134,88843.625,88700.7116650542,88900.7116650542,88500.7116650542
2025-12-22 11:30:00+05:30,88762.76345647067,88988.5,88697.0,88840.25,88747.22444336947,88947.22444336947,88547.22444336947
2025-12-22 12:30:00+05:30,88801.50672823534,89179.0,88801.50672823534,89013.75,88836.06629557966,89036.06629557966,88636.06629557966
2025-12-22 13:30:00+05:30,88907.62836411767,89897.0,88907.62836411767,89349.625,89007.25253038644,89207.25253038644,88807.25253038644
2025-12-22 14:30:00+05:30,89128.62668205884,89806.0,89128.62668205884,89542.0,89185.5016869243,89385.5016869243,88985.5016869243
2025-12-22 15:30:00+05:30,89335.31334102942,89846.5,89335.31334102942,89741.875,89370.95945794953,89570.95945794953,89170.95945794953
2025-12-22 16:30:00+05:30,89538.59417051471,90094.5,89538.59417051471,89845.25,89529.05630529969,89729.05630529969,89329.05630529969
2025-12-22 17:30:00+05:30,89691.92208525736,90585.0,89691.92208525736,90125.0,89727.70420353313,89927.70420353313,89527.70420353313
2025-12-22 18:30:00+05:30,89908.46104262868,90296.5,89693.5,90015.75,89823.7194690221,90023.7194690221,89623.7194690221
2025-12-22 19:30:00+05:30,89962.10552131434,90269.5,89400.0,89914.625,89854.0213126814,90054.0213126814,89654.0213126814
2025-12-22 20:30:00+05:30,89938.36526065717,90412.0,89138.0,89834.875,89847.63920845427,90047.63920845427,89647.63920845427
2025-12-22 21:30:00+05:30,89886.62013032858,90097.5,89481.0,89699.375,89798.21780563619,89998.21780563619,89598.21780563619
2025-12-22 22:30:00+05:30,89792.99756516429,89792.99756516429,89055.5,89352.5,89649.64520375746,89849.64520375746,89449.64520375746
2025-12-22 23:30:00+05:30,89572.74878258214,89572.74878258214,89110.5,89250.25,89516.51346917165,89716.51346917165,89316.51346917165
2025-12-23 00:30:00+05:30,89411.49939129107,89411.49939129107,87920.0,88543.875,89192.30064611444,89392.30064611444,88992.30064611444
2025-12-23 01:30:00+05:30,88977.68719564553,88977.68719564553,87881.0,88169.125,88851.24209740963,89051.24209740963,88651.24209740963
2025-12-23 02:30:00+05:30,88573.40609782276,88583.5,88195.5,88330.875,88677.78639827309,88877.78639827309,88477.78639827309
2025-12-23 03:30:00+05:30,88452.14054891138,88807.0,88108.5,88445.375,88600.31593218207,88800.31593218207,88400.31593218207
2025-12-23 04:30:00+05:30,88448.75777445569,88667.5,88396.5,88570.875,88590.50228812138,88790.50228812138,88390.50228812138
2025-12-23 05:30:00+05:30,88509.81638722785,88910.5,88469.5,88677.625,88619.54319208092,88819.54319208092,88419.54319208092
2025-12-23 06:30:00+05:30,88593.72069361393,88862.5,88388.0,88617.625,88618.90379472062,88818.90379472062,88418.90379472062
2025-12-23 07:30:00+05:30,88605.67284680696,88731.0,88087.0,88368.5,88535.43586314708,88735.43586314708,88335.43586314708
2025-12-23 08:30:00+05:30,88487.08642340348,88487.08642340348,87753.0,88105.5,88392.12390876473,88592.12390876473,88192.12390876473
2025-12-23 09:30:00+05:30,88296.29321170173,88351.0,87898.0,88072.75,88285.66593917648,88485.66593917648,88085.66593917648
2025-12-23 10:30:00+05:30,88184.52160585087,88184.52160585087,87898.0,87927.625,88166.31895945099,88366.31895945099,87966.31895945099
2025-12-23 11:30:00+05:30,88056.07330292543,88056.07330292543,87000.0,87424.25,87918.962639634,88118.962639634,87718.962639634
2025-12-23 12:30:00+05:30,87740.16165146272,87740.16165146272,87335.0,87474.875,87770.93342642268,87970.93342642268,87570.93342642268
2025-12-23 13:30:00+05:30,87607.51832573136,87671.5,87397.5,87511.125,87684.33061761512,87884.33061761512,87484.33061761512
2025-12-23 14:30:00+05:30,87559.32166286568,87604.5,87267.5,87452.625,87607.09541174342,87807.09541174342,87407.09541174342
2025-12-23 15:30:00+05:30,87505.97333143285,87638.5,87476.0,87548.875,87587.68860782895,87787.68860782895,87387.68860782895
2025-12-23 16:30:00+05:30,87527.42416571642,87861.0,87527.42416571642,87696.5,87623.95907188597,87823.95907188597,87423.95907188597
2025-12-23 17:30:00+05:30,87611.96208285821,87922.5,87554.5,87762.125,87670.01438125732,87870.01438125732,87470.01438125732
2025-12-23 18:30:00+05:30,87687.0435414291,87868.0,87388.5,87644.75,87661.59292083821,87861.59292083821,87461.59292083821
2025-12-23 19:30:00+05:30,87665.89677071455,87802.0,86546.5,87192.5,87505.22861389215,87705.22861389215,87305.22861389215
2025-12-23 20:30:00+05:30,87429.19838535727,87530.0,86678.5,87117.125,87375.86074259477,87575.86074259477,87175.86074259477
2025-12-23 21:30:00+05:30,87273.16169267864,88166.5,87273.16169267864,87710.625,87487.44882839652,87687.44882839652,87287.44882839652
2025-12-23 22:30:00+05:30,87491.89334633932,88256.0,87140.0,87627.625,87534.17421893102,87734.17421893102,87334.17421893102
2025-12-23 23:30:00+05:30,87559.75917316966,88159.0,87127.5,87598.375,87555.57447928734,87755.57447928734,87355.57447928734
2025-12-24 00:30:00+05:30,87579.06708658484,88026.5,87579.06708658484,87839.0,87650.04965285823,87850.04965285823,87450.04965285823
2025-12-24 01:30:00+05:30,87709.03354329242,88358.5,87505.0,87818.875,87706.32476857216,87906.32476857216,87506.32476857216
2025-12-24 02:30:00+05:30,87763.95427164622,87840.0,87517.5,87686.0,87699.54984571478,87899.54984571478,87499.54984571478
2025-12-24 03:30:00+05:30,87724.97713582311,87761.0,87221.5,87513.75,87637.61656380986,87837.61656380986,87437.61656380986
2025-12-24 04:30:00+05:30,87619.36356791155,87619.36356791155,87153.5,87375.5,87550.24437587324,87750.24437587324,87350.24437587324
2025-12-24 05:30:00+05:30,87497.43178395578,87666.0,87239.0,87502.125,87534.2045839155,87734.2045839155,87334.2045839155
2025-12-24 06:30:00+05:30,87499.77839197789,87822.5,87478.5,87638.125,87568.84472261035,87768.84472261035,87368.84472261035
2025-12-24 07:30:00+05:30,87568.95169598894,87644.0,86899.5,87315.375,87484.35481507357,87684.35481507357,87284.35481507357
2025-12-24 08:30:00+05:30,87442.16334799447,87442.16334799447,86830.0,87157.125,87375.27821004906,87575.27821004906,87175.27821004906
2025-12-24 09:30:00+05:30,87299.64417399724,87439.0,87054.0,87233.375,87327.97714003272,87527.97714003272,87127.97714003272
2025-12-24 10:30:00+05:30,87266.50958699861,87266.50958699861,86750.0,87007.5,87221.15142668848,87421.15142668848,87021.15142668848
2025-12-24 11:30:00+05:30,87137.0047934993,87137.0047934993,86761.5,86929.5,87123.93428445898,87323.93428445898,86923.93428445898
2025-12-24 12:30:00+05:30,87033.25239674965,87156.5,86870.5,86973.0,87073.622856306,87273.622856306,86873.622856306
2025-12-24 13:30:00+05:30,87003.12619837483,87047.0,86724.0,86852.0,86999.74857087067,87199.74857087067,86799.74857087067
2025-12-24 14:30:00+05:30,86927.56309918742,86927.56309918742,86686.0,86773.375,86924.29071391378,87124.29071391378,86724.29071391378
2025-12-24 15:30:00+05:30,86850.46904959371,87199.5,86768.0,86947.875,86932.1521426092,87132.1521426092,86732.1521426092
2025-12-24 16:30:00+05:30,86899.17202479686,87326.0,86899.17202479686,87150.25,87004.85142840614,87204.85142840614,86804.85142840614
2025-12-24 17:30:00+05:30,87024.71101239843,87461.0,87024.71101239843,87282.5,87097.40095227076,87297.40095227076,86897.40095227076
2025-12-24 18:30:00+05:30,87153.60550619921,87419.5,87017.5,87274.5,87156.43396818051,87356.43396818051,86956.43396818051
2025-12-24 19:30:00+05:30,87214.0527530996,87424.5,86382.0,87006.125,87106.33097878701,87306.33097878701,86906.33097878701
2025-12-24 20:30:00+05:30,87110.0888765498,87204.5,86548.5,86933.25,87048.63731919134,87248.63731919134,86848.63731919134
2025-12-24 21:30:00+05:30,87021.6694382749,87667.0,86886.0,87208.25,87101.84154612757,87301.84154612757,86901.84154612757
2025-12-24 22:30:00+05:30,87114.95971913745,87555.0,87114.95971913745,87334.125,87179.26936408505,87379.26936408505,86979.26936408505
2025-12-24 23:30:00+05:30,87224.54235956873,87483.0,87206.0,87354.375,87237.63790939003,87437.63790939003,87037.63790939003
2025-12-25 00:30:00+05:30,87289.45867978437,87551.5,87289.45867978437,87461.125,87312.13360626003,87512.13360626003,87112.13360626003
2025-12-25 01:30:00+05:30,87375.29183989219,87658.5,87375.29183989219,87552.625,87392.29740417335,87592.29740417335,87192.29740417335
2025-12-25 02:30:00+05:30,87463.9584199461,87772.5,87463.9584199461,87624.0,87469.53160278224,87669.53160278224,87269.53160278224
2025-12-25 03:30:00+05:30,87543.97920997304,88037.5,87543.97920997304,87833.25,87590.7710685215,87790.7710685215,87390.7710685215
2025-12-25 04:30:00+05:30,87688.61460498652,87994.0,87554.0,87789.375,87656.97237901433,87856.97237901433,87456.97237901433
2025-12-25 05:30:00+05:30,87738.99480249325,87738.99480249325,87485.0,87595.25,87636.39825267623,87836.39825267623,87436.39825267623
2025-12-25 06:30:00+05:30,87667.12240124663,87721.0,87535.0,87618.625,87630.47383511749,87830.47383511749,87430.47383511749
2025-12-25 07:30:00+05:30,87642.87370062331,87942.5,87526.0,87750.625,87670.52422341166,87870.52422341166,87470.52422341166
2025-12-25 08:30:00+05:30,87696.74935031166,87899.0,87696.74935031166,87828.625,87723.22448227444,87923.22448227444,87523.22448227444
2025-12-25 09:30:00+05:30,87762.68717515582,87821.0,87710.0,87775.125,87740.52465484964,87940.52465484964,87540.52465484964
2025-12-25 10:30:00+05:30,87768.90608757791,87768.90608757791,87625.5,87712.125,87731.0581032331,87931.0581032331,87531.0581032331
2025-12-25 11:30:00+05:30,87740.51554378896,87820.5,87644.0,87747.125,87736.41373548874,87936.41373548874,87536.41373548874
2025-12-25 12:30:00+05:30,87743.82027189448,87839.0,87721.5,87793.375,87755.40082365916,87955.40082365916,87555.40082365916
2025-12-25 13:30:00+05:30,87768.59763594724,87867.0,87321.5,87637.25,87716.01721577278,87916.01721577278,87516.01721577278
2025-12-25 14:30:00+05:30,87702.92381797361,87702.92381797361,87416.5,87509.25,87647.09481051519,87847.09481051519,87447.09481051519
2025-12-25 15:30:00+05:30,87606.0869089868,87606.0869089868,87228.0,87404.5,87566.2298736768,87766.2298736768,87366.2298736768
2025-12-25 16:30:00+05:30,87505.2934544934,87564.0,87384.5,87460.25,87530.90324911787,87730.90324911787,87330.90324911787
2025-12-25 17:30:00+05:30,87482.7717272467,87564.5,87447.5,87511.25,87524.35216607858,87724.35216607858,87324.35216607858
2025-12-25 18:30:00+05:30,87497.01086362335,87661.0,87370.0,87545.125,87531.27644405239,87731.27644405239,87331.27644405239
2025-12-25 19:30:00+05:30,87521.06793181167,87738.0,87516.5,87636.375,87566.30929603493,87766.30929603493,87366.30929603493
2025-12-25 20:30:00+05:30,87578.72146590584,88577.5,87578.72146590584,88071.75,87734.78953068996,87934.78953068996,87534.78953068996
2025-12-25 21:30:00+05:30,87825.23573295292,88460.5,87825.23573295292,88206.875,87892.1513537933,88092.1513537933,87692.1513537933
2025-12-25 22:30:00+05:30,88016.05536647646,88182.5,87957.0,88074.125,87952.80923586221,88152.80923586221,87752.80923586221
2025-12-25 23:30:00+05:30,88045.09018323824,88290.5,88045.09018323824,88176.875,88027.49782390814,88227.49782390814,87827.49782390814
2025-12-26 00:30:00+05:30,88110.98259161912,88223.5,88038.0,88147.625,88067.54021593876,88267.54021593876,87867.54021593876
2025-12-26 01:30:00+05:30,88129.30379580957,88148.5,87608.0,87932.875,88022.65181062584,88222.65181062584,87822.65181062584
2025-12-26 02:30:00+05:30,88031.08939790478,88031.08939790478,87785.0,87865.875,87970.39287375056,88170.39287375056,87770.39287375056
2025-12-26 03:30:00+05:30,87948.48219895239,87948.48219895239,87870.5,87870.5,87937.09524916705,88137.09524916705,87737.09524916705
2025-12-26 04:30:00+05:30,87909.4910994762,87909.4910994762,86988.0,87377.0,87750.39683277803,87950.39683277803,87550.39683277803
2025-12-26 05:30:00+05:30,87643.2455497381,87643.2455497381,86920.0,87107.625,87536.13955518536,87736.13955518536,87336.13955518536
2025-12-26 06:30:00+05:30,87375.43527486906,87375.43527486906,87022.5,87022.5,87364.92637012358,87564.92637012358,87164.92637012358
2025-12-26 07:30:00+05:30,87198.96763743453,89466.0,86900.0,88106.125,87611.99258008238,87811.99258008238,87411.99258008238
2025-12-26 08:30:00+05:30,87652.54631871727,89252.0,87652.54631871727,88976.0,88066.66172005492,88266.66172005492,87866.66172005492
2025-12-26 09:30:00+05:30,88314.27315935864,89109.0,88314.27315935864,88831.5,88321.60781336995,88521.60781336995,88121.60781336995
2025-12-26 10:30:00+05:30,88572.88657967933,89016.5,88572.88657967933,88925.875,88523.0302089133,88723.0302089133,88323.0302089133
2025-12-26 11:30:00+05:30,88749.38078983966,89209.0,88749.38078983966,89057.875,88701.31180594221,88901.31180594221,88501.31180594221
2025-12-26 12:30:00+05:30,88903.62789491983,89528.0,88309.5,88843.25,88748.62453729482,88948.62453729482,88548.62453729482
2025-12-26 13:30:00+05:30,88873.43894745992,88873.43894745992,88388.5,88604.125,88700.45802486321,88900.45802486321,88500.45802486321
2025-12-26 14:30:00+05:30,88738.78197372996,88897.0,88615.5,88755.375,88718.76368324214,88918.76368324214,88518.76368324214
2025-12-26 15:30:00+05:30,88747.07848686498,88864.5,88650.5,88758.125,88731.88412216143,88931.88412216143,88531.88412216143
2025-12-26 16:30:00+05:30,88752.60174343249,88752.60174343249,88508.0,88619.5,88694.42274810762,88894.42274810762,88494.42274810762
2025-12-26 17:30:00+05:30,88686.05087171624,88745.0,88517.0,88609.375,88666.07349873842,88866.07349873842,88466.07349873842
2025-12-26 18:30:00+05:30,88647.71293585812,89037.0,88589.0,88813.0,88715.04899915896,88915.04899915896,88515.04899915896
2025-12-26 19:30:00+05:30,88730.35646792906,89024.0,87310.5,88163.875,88531.32433277264,88731.32433277264,88331.32433277264
2025-12-26 20:30:00+05:30,88447.11573396453,88447.11573396453,86628.5,87111.75,88058.1328885151,88258.1328885151,87858.1328885151
2025-12-26 21:30:00+05:30,87779.43286698227,87779.43286698227,86809.0,87026.25,87714.17192567674,87914.17192567674,87514.17192567674
2025-12-26 22:30:00+05:30,87402.84143349114,87446.5,86778.0,87088.375,87505.57295045117,87705.57295045117,87305.57295045117
2025-12-26 23:30:00+05:30,87245.60821674558,87354.5,87098.5,87247.875,87419.67363363411,87619.67363363411,87219.67363363411
2025-12-27 00:30:00+05:30,87246.74160837279,87560.5,87208.5,87367.875,87402.40742242275,87602.40742242275,87202.40742242275
2025-12-27 01:30:00+05:30,87307.30830418639,87759.0,87307.30830418639,87533.0,87445.93828161518,87645.93828161518,87245.93828161518
2025-12-27 02:30:00+05:30,87420.1541520932,87667.0,87420.0,87525.375,87472.41718774346,87672.41718774346,87272.41718774346
2025-12-27 03:30:00+05:30,87472.7645760466,87561.0,87278.0,87448.0,87464.27812516231,87664.27812516231,87264.27812516231
2025-12-27 04:30:00+05:30,87460.3822880233,87517.5,87295.0,87413.875,87447.47708344154,87647.47708344154,87247.47708344154
2025-12-27 05:30:00+05:30,87437.12864401165,87437.12864401165,87211.5,87326.5,87407.15138896104,87607.15138896104,87207.15138896104
2025-12-27 06:30:00+05:30,87381.81432200583,87454.0,87293.0,87389.0,87401.10092597402,87601.10092597402,87201.10092597402
2025-12-27 07:30:00+05:30,87385.40716100292,87468.5,87351.0,87420.125,87407.44228398269,87607.44228398269,87207.44228398269
2025-12-27 08:30:00+05:30,87402.76608050146,87502.5,87347.0,87438.0,87417.6281893218,87617.6281893218,87217.6281893218
2025-12-27 09:30:00+05:30,87420.38304025073,87491.0,87420.38304025073,87457.5,87430.9187928812,87630.9187928812,87230.9187928812
2025-12-27 10:30:00+05:30,87438.94152012537,87483.0,87410.0,87451.125,87437.65419525414,87637.65419525414,87237.65419525414
2025-12-27 11:30:00+05:30,87445.03326006269,87535.5,87382.5,87456.875,87444.06113016943,87644.06113016943,87244.06113016943
2025-12-27 12:30:00+05:30,87450.95413003134,87679.5,87435.0,87512.625,87466.91575344629,87666.91575344629,87266.91575344629
2025-12-27 13:30:00+05:30,87481.78956501567,87644.0,87481.78956501567,87549.0,87494.2771689642,87694.2771689642,87294.2771689642
2025-12-27 14:30:00+05:30,87515.39478250784,87632.0,87508.5,87569.75,87519.43477930946,87719.43477930946,87319.43477930946
2025-12-27 15:30:00+05:30,87542.57239125393,87594.0,87332.5,87494.75,87511.20651953964,87711.20651953964,87311.20651953964
2025-12-27 16:30:00+05:30,87518.66119562696,87523.0,87408.5,87461.125,87494.5126796931,87694.5126796931,87294.5126796931
2025-12-27 17:30:00+05:30,87489.89309781347,87499.0,87386.0,87441.75,87476.9251197954,87676.9251197954,87276.9251197954
2025-12-27 18:30:00+05:30,87465.82154890674,87465.82154890674,87286.0,87399.625,87451.15841319694,87651.15841319694,87251.15841319694
2025-12-27 19:30:00+05:30,87432.72327445337,87527.0,87367.5,87456.125,87452.8139421313,87652.8139421313,87252.8139421313
2025-12-27 20:30:00+05:30,87444.42413722668,87564.0,87437.0,87508.5,87471.37596142087,87671.37596142087,87271.37596142087
2025-12-27 21:30:00+05:30,87476.46206861334,87555.0,87404.5,87486.625,87476.45897428058,87676.45897428058,87276.45897428058
2025-12-27 22:30:00+05:30,87481.54353430666,87533.0,87428.0,87486.875,87479.93098285372,87679.93098285372,87279.93098285372
2025-12-27 23:30:00+05:30,87484.20926715333,87544.0,87428.5,87488.875,87482.91232190249,87682.91232190249,87282.91232190249
2025-12-28 00:30:00+05:30,87486.54213357667,87545.5,87462.0,87500.25,87488.691547935,87688.691547935,87288.691547935
2025-12-28 01:30:00+05:30,87493.39606678834,87602.0,87488.0,87536.375,87504.58603195667,87704.58603195667,87304.58603195667
2025-12-28 02:30:00+05:30,87514.88553339418,87641.0,87514.88553339418,87579.5,87529.55735463779,87729.55735463779,87329.55735463779
2025-12-28 03:30:00+05:30,87547.19276669709,87924.0,87464.0,87638.875,87565.99656975853,87765.99656975853,87365.99656975853
2025-12-28 04:30:00+05:30,87593.03388334854,87965.0,87532.0,87718.625,87616.87271317236,87816.87271317236,87416.87271317236
2025-12-28 05:30:00+05:30,87655.82944167427,87930.0,87655.82944167427,87817.75,87683.83180878157,87883.83180878157,87483.83180878157
2025-12-28 06:30:00+05:30,87736.78972083714,87920.5,87708.5,87801.875,87723.17953918772,87923.17953918772,87523.17953918772
2025-12-28 07:30:00+05:30,87769.33236041857,87856.5,87720.5,87773.375,87739.91135945849,87939.91135945849,87539.91135945849
2025-12-28 08:30:00+05:30,87771.35368020929,87817.5,87701.5,87749.375,87743.06590630567,87943.06590630567,87543.06590630567
2025-12-28 09:30:00+05:30,87760.36434010464,87810.0,87660.0,87715.75,87733.96060420378,87933.96060420378,87533.96060420378
2025-12-28 10:30:00+05:30,87738.05717005231,87738.05717005231,87576.0,87647.5,87705.14040280253,87905.14040280253,87505.14040280253
2025-12-28 11:30:00+05:30,87692.77858502616,87763.0,87614.5,87677.625,87695.96860186836,87895.96860186836,87495.96860186836
2025-12-28 12:30:00+05:30,87685.20179251308,87707.0,87641.0,87690.0,87693.97906791224,87893.97906791224,87493.97906791224
2025-12-28 13:30:00+05:30,87687.60089625654,87956.5,87687.60089625654,87787.5,87725.1527119415,87925.1527119415,87525.1527119415
2025-12-28 14:30:00+05:30,87737.55044812827,87877.0,87684.0,87779.75,87743.35180796101,87943.35180796101,87543.35180796101
2025-12-28 15:30:00+05:30,87758.65022406413,87990.5,87758.65022406413,87845.375,87777.35953864068,87977.35953864068,87577.35953864068
2025-12-28 16:30:00+05:30,87802.01261203206,87906.0,87780.0,87845.75,87800.15635909379,88000.15635909379,87600.15635909379
2025-12-28 17:30:00+05:30,87823.88130601603,87873.5,87774.5,87835.0,87811.77090606253,88011.77090606253,87611.77090606253
2025-12-28 18:30:00+05:30,87829.44065300802,87939.5,87783.0,87856.0,87826.51393737503,88026.51393737503,87626.51393737503
2025-12-28 19:30:00+05:30,87842.720326504,88077.5,87842.720326504,87925.5,87859.50929158335,88059.50929158335,87659.50929158335
2025-12-28 20:30:00+05:30,87884.110163252,87976.5,87788.5,87863.125,87860.71452772224,88060.71452772224,87660.71452772224
2025-12-28 21:30:00+05:30,87873.617581626,87886.0,87711.0,87797.875,87839.7680184815,88039.7680184815,87639.7680184815
2025-12-28 22:30:00+05:30,87835.746290813,87913.0,87732.5,87793.125,87824.22034565434,88024.22034565434,87624.22034565434
2025-12-28 23:30:00+05:30,87814.4356454065,87814.4356454065,87486.0,87640.0,87762.81356376957,87962.81356376957,87562.81356376957
2025-12-29 00:30:00+05:30,87727.21782270324,87727.21782270324,87486.0,87562.0,87695.87570917972,87895.87570917972,87495.87570917972
2025-12-29 01:30:00+05:30,87644.60891135162,87644.60891135162,87423.0,87511.875,87634.54213945314,87834.54213945314,87434.54213945314
2025-12-29 02:30:00+05:30,87578.24195567581,87578.5,87413.5,87511.25,87593.44475963543,87793.44475963543,87393.44475963543
2025-12-29 03:30:00+05:30,87544.74597783791,87977.5,87449.0,87719.5,87635.46317309029,87835.46317309029,87435.46317309029
2025-12-29 04:30:00+05:30,87632.12298891896,88032.5,87611.5,87869.125,87713.35044872687,87913.35044872687,87513.35044872687
2025-12-29 05:30:00+05:30,87750.62399445949,88420.5,87750.62399445949,88104.625,87843.77529915125,88043.77529915125,87643.77529915125
2025-12-29 06:30:00+05:30,87927.62449722974,88468.0,87837.0,88249.375,87978.97519943418,88178.97519943418,87778.97519943418
2025-12-29 07:30:00+05:30,88088.49974861488,89374.5,88088.49974861488,88842.25,88266.73346628946,88466.73346628946,88066.73346628946
2025-12-29 08:30:00+05:30,88465.37487430744,90155.0,88465.37487430744,89616.25,88716.57231085964,88916.57231085964,88516.57231085964
2025-12-29 09:30:00+05:30,89040.81243715371,90383.0,89040.81243715371,90124.875,89186.0065405731,89386.0065405731,88986.0065405731
2025-12-29 10:30:00+05:30,89582.84371857686,90269.0,89582.84371857686,90060.25,89477.42102704874,89677.42102704874,89277.42102704874
2025-12-29 11:30:00+05:30,89821.54685928843,90099.5,89724.0,89882.875,89612.57235136583,89812.57235136583,89412.57235136583
2025-12-29 12:30:00+05:30,89852.2109296442,89852.2109296442,89478.0,89661.875,89629.00656757722,89829.00656757722,89429.00656757722
2025-12-29 13:30:00+05:30,89757.0429648221,89800.0,89433.0,89588.25,89615.42104505148,89815.42104505148,89415.42104505148
2025-12-29 14:30:00+05:30,89672.64648241104,89672.64648241104,87724.0,88729.625,89320.155696701,89520.155696701,89120.155696701
2025-12-29 15:30:00+05:30,89201.13574120552,89201.13574120552,87620.0,87924.5,88854.93713113401,89054.93713113401,88654.93713113401
2025-12-29 16:30:00+05:30,88562.81787060277,88562.81787060277,87530.0,87647.5,88452.45808742268,88652.45808742268,88252.45808742268
2025-12-29 17:30:00+05:30,88105.15893530138,88105.15893530138,86768.5,87318.0,88074.30539161513,88274.30539161513,87874.30539161513
2025-12-29 18:30:00+05:30,87711.57946765069,87711.57946765069,87133.5,87339.25,87829.28692774342,88029.28692774342,87629.28692774342
2025-12-29 19:30:00+05:30,87525.41473382534,88159.5,87225.0,87539.0,87732.52461849562,87932.52461849562,87532.52461849562
2025-12-29 20:30:00+05:30,87532.20736691267,87888.0,87179.0,87530.5,87665.18307899708,87865.18307899708,87465.18307899708
2025-12-29 21:30:00+05:30,87531.35368345634,87809.0,87408.5,87614.125,87648.1637193314,87848.1637193314,87448.1637193314
2025-12-29 22:30:00+05:30,87572.73934172817,87829.5,87308.5,87639.0,87645.10914622093,87845.10914622093,87445.10914622093
2025-12-29 23:30:00+05:30,87605.86967086408,87977.5,87332.5,87642.375,87644.19776414729,87844.19776414729,87444.19776414729
2025-12-30 00:30:00+05:30,87624.12233543204,87641.0,87281.0,87423.75,87570.7151760982,87770.7151760982,87370.7151760982
2025-12-30 01:30:00+05:30,87523.93616771602,87578.5,87060.5,87297.75,87479.72678406547,87679.72678406547,87279.72678406547
2025-12-30 02:30:00+05:30,87410.84308385801,87410.84308385801,87160.0,87254.625,87404.69285604365,87604.69285604365,87204.69285604365
2025-12-30 03:30:00+05:30,87332.73404192901,87389.5,87052.5,87272.75,87360.7119040291,87560.7119040291,87160.7119040291
2025-12-30 04:30:00+05:30,87302.7420209645,87383.5,87152.5,87268.375,87329.93293601941,87529.93293601941,87129.93293601941
2025-12-30 05:30:00+05:30,87285.55851048225,87339.0,87085.0,87215.875,87291.91362401294,87491.91362401294,87091.91362401294
2025-12-30 06:30:00+05:30,87250.71675524113,87336.0,87093.0,87238.125,87273.9840826753,87473.9840826753,87073.9840826753
2025-12-30 07:30:00+05:30,87244.42087762056,87324.0,86943.0,87162.25,87236.73938845021,87436.73938845021,87036.73938845021
2025-12-30 08:30:00+05:30,87203.33543881029,87401.5,86799.5,87156.5,87209.99292563347,87409.99292563347,87009.99292563347
2025-12-30 09:30:00+05:30,87179.91771940514,87463.5,87179.91771940514,87334.375,87251.45361708899,87451.45361708899,87051.45361708899
2025-12-30 10:30:00+05:30,87257.14635970257,87332.5,87114.0,87235.625,87246.17741139267,87446.17741139267,87046.17741139267
2025-12-30 11:30:00+05:30,87246.38567985129,87497.0,87206.5,87335.375,87275.90994092845,87475.90994092845,87075.90994092845
2025-12-30 12:30:00+05:30,87290.88033992564,87582.0,87290.88033992564,87448.25,87333.35662728564,87533.35662728564,87133.35662728564
2025-12-30 13:30:00+05:30,87369.56516996282,88196.5,87369.56516996282,87740.625,87469.11275152376,87669.11275152376,87269.11275152376
2025-12-30 14:30:00+05:30,87555.09508498141,88009.0,87555.09508498141,87856.5,87598.24183434917,87798.24183434917,87398.24183434917
2025-12-30 15:30:00+05:30,87705.7975424907,88159.5,87705.7975424907,87980.25,87725.57788956612,87925.57788956612,87525.57788956612
2025-12-30 16:30:00+05:30,87843.02377124535,88004.0,87731.0,87885.375,87778.84359304409,87978.84359304409,87578.84359304409
2025-12-30 17:30:00+05:30,87864.19938562268,88065.0,87864.19938562268,87957.625,87838.43739536274,88038.43739536274,87638.43739536274
2025-12-30 18:30:00+05:30,87910.91219281135,88121.5,87883.5,88021.375,87899.4165969085,88099.4165969085,87699.4165969085
2025-12-30 19:30:00+05:30,87966.14359640567,88985.5,87797.5,88425.625,88074.819397939,88274.819397939,87874.819397939
2025-12-30 20:30:00+05:30,88195.88429820284,89126.0,88158.5,88774.75,88308.12959862601,88508.12959862601,88108.12959862601
2025-12-30 21:30:00+05:30,88485.31714910142,89364.0,88485.31714910142,88895.25,88503.83639908402,88703.83639908402,88303.83639908402
2025-12-30 22:30:00+05:30,88690.2835745507,88869.0,88093.0,88502.125,88503.26593272269,88703.26593272269,88303.26593272269
2025-12-30 23:30:00+05:30,88596.20428727535,88596.20428727535,88095.5,88292.0,88432.84395514846,88632.84395514846,88232.84395514846
2025-12-31 00:30:00+05:30,88444.10214363768,88444.10214363768,87923.5,88198.125,88354.60430343231,88554.60430343231,88154.60430343231
2025-12-31 01:30:00+05:30,88321.11357181883,88321.11357181883,87845.0,88037.5,88248.90286895487,88448.90286895487,88048.90286895487
2025-12-31 02:30:00+05:30,88179.30678590942,88307.5,87854.5,88071.625,88189.81024596991,88389.81024596991,87989.81024596991
2025-12-31 03:30:00+05:30,88125.4658929547,88444.0,88125.4658929547,88337.75,88239.12349731328,88439.12349731328,88039.12349731328
2025-12-31 04:30:00+05:30,88231.60794647735,88542.0,88231.60794647735,88432.5,88303.58233154219,88503.58233154219,88103.58233154219
2025-12-31 05:30:00+05:30,88332.05397323868,88464.5,88218.0,88345.375,88317.51322102813,88517.51322102813,88117.51322102813
2025-12-31 06:30:00+05:30,88338.71448661934,88765.0,88143.0,88439.0,88358.00881401876,88558.00881401876,88158.00881401876
2025-12-31 07:30:00+05:30,88388.85724330967,88724.5,88388.85724330967,88617.125,88444.38087601251,88644.38087601251,88244.38087601251
2025-12-31 08:30:00+05:30,88502.99112165484,88785.5,88343.5,88549.625,88479.46225067502,88679.46225067502,88279.46225067502
2025-12-31 09:30:00+05:30,88526.30806082742,88526.30806082742,88288.5,88381.0,88446.64150045002,88646.64150045002,88246.64150045002
2025-12-31 10:30:00+05:30,88453.65403041372,88497.0,88299.5,88380.25,88424.51100030002,88624.51100030002,88224.51100030002
2025-12-31 11:30:00+05:30,88416.95201520686,88531.0,88416.95201520686,88467.0,88438.67400020002,88638.67400020002,88238.67400020002
2025-12-31 12:30:00+05:30,88441.97600760343,88605.0,88393.5,88513.875,88463.74100013335,88663.74100013335,88263.74100013335
2025-12-31 13:30:00+05:30,88477.92550380171,88699.0,88348.0,88506.375,88477.95233342223,88677.95233342223,88277.95233342223
2025-12-31 14:30:00+05:30,88492.15025190086,88688.5,88398.0,88528.75,88494.88488894816,88694.88488894816,88294.88488894816
2025-12-31 15:30:00+05:30,88510.45012595043,88859.0,88510.45012595043,88731.75,88573.83992596544,88773.83992596544,88373.83992596544
2025-12-31 16:30:00+05:30,88621.10006297522,89009.0,88621.10006297522,88891.625,88679.76828397697,88879.76828397697,88479.76828397697
2025-12-31 17:30:00+05:30,88756.36253148761,89007.0,88711.0,88857.125,88738.88718931799,88938.88718931799,88538.88718931799
2025-12-31 18:30:00+05:30,88806.7437657438,89030.0,88713.5,88863.25,88780.34145954534,88980.34145954534,88580.34145954534
2025-12-31 19:30:00+05:30,88834.9968828719,89200.0,88250.5,88717.125,88759.26930636357,88959.26930636357,88559.26930636357
2025-12-31 20:30:00+05:30,88776.06094143595,88776.06094143595,87750.5,88145.0,88554.51287090905,88754.51287090905,88354.51287090905
2025-12-31 21:30:00+05:30,88460.53047071797,88460.53047071797,87368.0,87738.25,88282.42524727271,88482.42524727271,88082.42524727271
2025-12-31 22:30:00+05:30,88099.390235359,88099.390235359,87462.5,87604.75,88056.53349818182,88256.53349818182,87856.53349818182
2025-12-31 23:30:00+05:30,87852.0701176795,87961.0,87543.5,87691.25,87934.77233212121,88134.77233212121,87734.77233212121
2026-01-01 00:30:00+05:30,87771.66005883974,87855.0,87500.0,87637.875,87835.80655474748,88035.80655474748,87635.80655474748
2026-01-01 01:30:00+05:30,87704.76752941987,87704.76752941987,87221.0,87520.0,87730.537703165,87930.537703165,87530.537703165
2026-01-01 02:30:00+05:30,87612.38376470993,87851.0,87612.38376470993,87730.625,87730.56680211,87930.56680211,87530.56680211
2026-01-01 03:30:00+05:30,87671.50438235496,87859.0,87628.5,87738.375,87733.16953474001,87933.16953474001,87533.16953474001
2026-01-01 04:30:00+05:30,87704.93969117748,87709.0,87591.0,87655.125,87707.15468982668,87907.15468982668,87507.15468982668
2026-01-01 05:30:00+05:30,87680.03234558874,87828.5,87608.5,87709.0,87707.7697932178,87907.7697932178,87507.7697932178
2026-01-01 06:30:00+05:30,87694.51617279436,88026.0,87694.51617279436,87879.0,87764.84652881188,87964.84652881188,87564.84652881188
2026-01-01 07:30:00+05:30,87786.75808639718,88074.0,87786.75808639718,87941.5,87823.73101920792,88023.73101920792,87623.73101920792
2026-01-01 08:30:00+05:30,87864.1290431986,88004.0,87815.5,87885.125,87844.19567947194,88044.19567947194,87644.19567947194
2026-01-01 09:30:00+05:30,87874.6270215993,87874.6270215993,87524.0,87693.25,87793.8804529813,87993.8804529813,87593.8804529813
2026-01-01 10:30:00+05:30,87783.93851079965,87783.93851079965,87575.0,87640.75,87742.83696865421,87942.83696865421,87542.83696865421
2026-01-01 11:30:00+05:30,87712.34425539983,87712.34425539983,87611.0,87652.25,87712.64131243614,87912.64131243614,87512.64131243614
2026-01-01 12:30:00+05:30,87682.29712769992,87682.29712769992,87566.5,87614.5,87679.9275416241,87879.9275416241,87479.9275416241
2026-01-01 13:30:00+05:30,87648.39856384996,87808.0,87598.5,87692.625,87684.1600277494,87884.1600277494,87484.1600277494
2026-01-01 14:30:00+05:30,87670.51178192499,87950.5,87670.51178192499,87820.375,87729.5650184996,87929.5650184996,87529.5650184996
2026-01-01 15:30:00+05:30,87745.4433909625,87863.0,87745.4433909625,87830.875,87763.33501233307,87963.33501233307,87563.33501233307
2026-01-01 16:30:00+05:30,87788.15919548125,87993.0,87788.15919548125,87913.25,87813.30667488872,88013.30667488872,87613.30667488872
2026-01-01 17:30:00+05:30,87850.70459774062,88009.0,87850.70459774062,87949.0,87858.53778325915,88058.53778325915,87658.53778325915
2026-01-01 18:30:00+05:30,87899.8522988703,87991.5,87827.0,87901.375,87872.8168555061,88072.8168555061,87672.8168555061
2026-01-01 19:30:00+05:30,87900.61364943515,87939.0,87766.5,87878.125,87874.58623700407,88074.58623700407,87674.58623700407
2026-01-01 20:30:00+05:30,87889.36932471758,88086.0,87880.0,87972.25,87907.14082466939,88107.14082466939,87707.14082466939
2026-01-01 21:30:00+05:30,87930.80966235879,88016.0,87839.5,87954.0,87922.7605497796,88122.7605497796,87722.7605497796
2026-01-01 22:30:00+05:30,87942.40483117939,88485.0,87941.5,88170.375,88005.29869985307,88205.29869985307,87805.29869985307
2026-01-01 23:30:00+05:30,88056.3899155897,88342.0,88056.3899155897,88220.375,88076.99079990205,88276.99079990205,87876.99079990205
2026-01-02 00:30:00+05:30,88138.38245779485,88413.0,88045.5,88249.25,88134.41053326803,88334.41053326803,87934.41053326803
2026-01-02 01:30:00+05:30,88193.81622889743,88364.0,88193.81622889743,88290.5,88186.44035551202,88386.44035551202,87986.44035551202
2026-01-02 02:30:00+05:30,88242.15811444871,88409.0,88220.0,88304.875,88225.91857034135,88425.91857034135,88025.91857034135
2026-01-02 03:30:00+05:30,88273.51655722436,88674.5,88273.51655722436,88499.375,88317.07071356091,88517.07071356091,88117.07071356091
2026-01-02 04:30:00+05:30,88386.44577861218,88890.5,88386.44577861218,88692.5,88442.21380904061,88642.21380904061,88242.21380904061
2026-01-02 05:30:00+05:30,88539.47288930608,88859.0,88539.47288930608,88757.5,88547.30920602707,88747.30920602707,88347.30920602707
2026-01-02 06:30:00+05:30,88648.48644465304,88846.0,88488.0,88686.375,88593.66447068471,88793.66447068471,88393.66447068471
2026-01-02 07:30:00+05:30,88667.43072232652,88667.43072232652,88335.0,88549.5,88578.94298045649,88778.94298045649,88378.94298045649
2026-01-02 08:30:00+05:30,88608.46536116325,89097.0,88533.5,88787.25,88648.37865363766,88848.37865363766,88448.37865363766
2026-01-02 09:30:00+05:30,88697.85768058163,88959.0,88584.0,88763.625,88686.7941024251,88886.7941024251,88486.7941024251
2026-01-02 10:30:00+05:30,88730.74134029081,88759.0,88542.0,88658.625,88677.40440161675,88877.40440161675,88477.40440161675
2026-01-02 11:30:00+05:30,88694.6831701454,89062.0,88692.0,88848.0,88734.26960107783,88934.26960107783,88534.26960107783
2026-01-02 12:30:00+05:30,88771.3415850727,89033.5,88771.3415850727,88897.25,88788.59640071855,88988.59640071855,88588.59640071855
2026-01-02 13:30:00+05:30,88834.29579253634,89168.0,88788.5,88985.375,88854.1892671457,89054.1892671457,88654.1892671457
2026-01-02 14:30:00+05:30,88909.83539626817,89477.0,88909.83539626817,89284.125,88997.50117809714,89197.50117809714,88797.50117809714
2026-01-02 15:30:00+05:30,89096.98019813409,89909.0,89096.98019813409,89597.5,89197.5007853981,89397.5007853981,88997.5007853981
2026-01-02 16:30:00+05:30,89347.24009906704,89646.0,89316.0,89514.125,89303.0421902654,89503.0421902654,89103.0421902654
2026-01-02 17:30:00+05:30,89430.68254953352,89559.0,89346.5,89435.375,89347.15312684361,89547.15312684361,89147.15312684361
2026-01-02 18:30:00+05:30,89433.02877476676,89664.5,89273.5,89406.625,89366.97708456242,89566.97708456242,89166.97708456242
2026-01-02 19:30:00+05:30,89419.82688738339,90136.0,88440.5,89360.5,89364.81805637495,89564.81805637495,89164.81805637495
2026-01-02 20:30:00+05:30,89390.1634436917,89859.0,88765.0,89388.875,89372.8370375833,89572.8370375833,89172.8370375833
2026-01-02 21:30:00+05:30,89389.51922184584,90788.0,89163.0,89918.75,89554.80802505554,89754.80802505554,89354.80802505554
2026-01-02 22:30:00+05:30,89654.13461092292,90946.0,89654.13461092292,90439.625,89849.7470167037,90049.7470167037,89649.7470167037
2026-01-02 23:30:00+05:30,90046.87980546146,90522.5,89519.0,90028.75,89909.41467780247,90109.41467780247,89709.41467780247
2026-01-03 00:30:00+05:30,90037.81490273072,90130.0,89618.5,89843.875,89887.56811853498,90087.56811853498,89687.56811853498
2026-01-03 01:30:00+05:30,89940.84495136536,90050.0,89596.5,89819.25,89864.79541235666,90064.79541235666,89664.79541235666
2026-01-03 02:30:00+05:30,89880.04747568269,90155.0,89696.0,89894.625,89874.73860823778,90074.73860823778,89674.73860823778
2026-01-03 03:30:00+05:30,89887.33623784134,90376.0,89887.33623784134,90137.0,89962.15907215852,90162.15907215852,89762.15907215852
2026-01-03 04:30:00+05:30,90012.16811892067,90168.0,89858.5,90035.125,89986.48104810569,90186.48104810569,89786.48104810569
2026-01-03 05:30:00+05:30,90023.64655946034,90159.5,89923.0,90041.625,90004.8623654038,90204.8623654038,89804.8623654038
2026-01-03 06:30:00+05:30,90032.63577973016,90264.5,90031.5,90165.25,90058.3249102692,90258.3249102692,89858.3249102692
2026-01-03 07:30:00+05:30,90098.94288986508,90376.0,90094.0,90253.125,90123.25827351281,90323.25827351281,89923.25827351281
2026-01-03 08:30:00+05:30,90176.03394493254,90357.0,90159.0,90276.75,90174.42218234188,90374.42218234188,89974.42218234188
2026-01-03 09:30:00+05:30,90226.39197246627,90459.0,90001.0,90219.75,90189.53145489459,90389.53145489459,89989.53145489459
2026-01-03 10:30:00+05:30,90223.07098623313,90223.07098623313,89879.5,90047.375,90142.14596992973,90342.14596992973,89942.14596992973
2026-01-03 11:30:00+05:30,90135.22299311656,90135.22299311656,89811.0,89937.0,90073.76397995316,90273.76397995316,89873.76397995316
2026-01-03 12:30:00+05:30,90036.11149655828,90036.11149655828,89269.5,89643.0,89930.17598663544,90130.17598663544,89730.17598663544
2026-01-03 13:30:00+05:30,89839.55574827915,89839.55574827915,89389.5,89593.5,89817.95065775697,90017.95065775697,89617.95065775697
2026-01-03 14:30:00+05:30,89716.52787413957,89953.0,89590.5,89735.625,89790.50877183798,89990.50877183798,89590.50877183798
2026-01-03 15:30:00+05:30,89726.07643706979,89842.0,89672.5,89750.0,89777.005847892,89977.005847892,89577.005847892
2026-01-03 16:30:00+05:30,89738.0382185349,89760.0,89635.5,89708.5,89754.17056526133,89954.17056526133,89554.17056526133
2026-01-03 17:30:00+05:30,89723.26910926745,90025.0,89627.5,89844.875,89784.40537684089,89984.40537684089,89584.40537684089
2026-01-03 18:30:00+05:30,89784.07205463373,90036.5,89784.07205463373,89979.0,89849.27025122727,90049.27025122727,89649.27025122727
2026-01-03 19:30:00+05:30,89881.53602731686,90210.5,89881.53602731686,90054.25,89917.59683415151,90117.59683415151,89717.59683415151
2026-01-03 20:30:00+05:30,89967.89301365844,90101.0,89929.0,90017.0,89950.73122276767,90150.73122276767,89750.73122276767
2026-01-03 21:30:00+05:30,89992.44650682922,90198.5,89873.0,90021.25,89974.23748184512,90174.23748184512,89774.23748184512
2026-01-03 22:30:00+05:30,90006.84825341462,90099.0,89990.5,90056.75,90001.74165456342,90201.74165456342,89801.74165456342
2026-01-03 23:30:00+05:30,90031.79912670731,90166.0,89999.5,90086.5,90029.99443637562,90229.99443637562,89829.99443637562
2026-01-04 00:30:00+05:30,90059.14956335365,90129.5,90030.0,90092.875,90050.95462425041,90250.95462425041,89850.95462425041
2026-01-04 01:30:00+05:30,90076.01228167683,90349.5,89984.5,90194.375,90098.76141616695,90298.76141616695,89898.76141616695
2026-01-04 02:30:00+05:30,90135.1936408384,90726.0,90135.1936408384,90479.875,90225.79927744463,90425.79927744463,90025.79927744463
2026-01-04 03:30:00+05:30,90307.5343204192,90721.5,90307.5343204192,90573.25,90341.61618496309,90541.61618496309,90141.61618496309
2026-01-04 04:30:00+05:30,90440.3921602096,90674.5,90435.5,90576.0,90419.74412330873,90619.74412330873,90219.74412330873
2026-01-04 05:30:00+05:30,90508.1960801048,91606.5,90508.1960801048,91031.625,90623.70441553916,90823.70441553916,90423.70441553916
2026-01-04 06:30:00+05:30,90769.9105400524,91461.5,90769.9105400524,91242.75,90830.05294369278,91030.05294369278,90630.05294369278
2026-01-04 07:30:00+05:30,91006.3302700262,91275.0,91006.3302700262,91156.375,90938.82696246186,91138.82696246186,90738.82696246186
2026-01-04 08:30:00+05:30,91081.3526350131,91331.5,91043.5,91171.375,91016.34297497457,91216.34297497457,90816.34297497457
2026-01-04 09:30:00+05:30,91126.36381750656,91565.5,91126.36381750656,91319.875,91117.52031664972,91317.52031664972,90917.52031664972
2026-01-04 10:30:00+05:30,91223.11940875328,91459.5,91223.11940875328,91395.25,91210.09687776648,91410.09687776648,91010.09687776648
2026-01-04 11:30:00+05:30,91309.18470437665,91774.0,91186.5,91401.125,91273.772918511,91473.772918511,91073.772918511
2026-01-04 12:30:00+05:30,91355.15485218832,91508.5,91178.0,91342.375,91296.64027900733,91496.64027900733,91096.64027900733
2026-01-04 13:30:00+05:30,91348.76492609415,91508.0,91125.0,91363.875,91319.05185267156,91519.05185267156,91119.05185267156
2026-01-04 14:30:00+05:30,91356.31996304708,91446.5,91213.5,91354.25,91330.7845684477,91530.7845684477,91130.7845684477
2026-01-04 15:30:00+05:30,91355.28498152354,91591.5,91355.28498152354,91488.375,91383.31471229848,91583.31471229848,91183.31471229848
2026-01-04 16:30:00+05:30,91421.82999076176,91562.5,91194.5,91398.0,91388.209808199,91588.209808199,91188.209808199
2026-01-04 17:30:00+05:30,91409.91499538088,91409.91499538088,91044.0,91188.25,91321.55653879934,91521.55653879934,91121.55653879934
2026-01-04 18:30:00+05:30,91299.08249769044,91299.08249769044,90986.0,91143.875,91262.32935919956,91462.32935919956,91062.32935919956
2026-01-04 19:30:00+05:30,91221.47874884523,91387.0,91110.0,91262.125,91262.26123946637,91462.26123946637,91062.26123946637
2026-01-04 20:30:00+05:30,91241.80187442261,91359.5,91059.0,91258.875,91261.13249297759,91461.13249297759,91061.13249297759
2026-01-04 21:30:00+05:30,91250.3384372113,91438.0,91218.0,91312.375,91278.21332865173,91478.21332865173,91078.21332865173
2026-01-04 22:30:00+05:30,91281.35671860565,91413.5,91271.5,91319.75,91292.05888576782,91492.05888576782,91092.05888576782
2026-01-04 23:30:00+05:30,91300.55335930282,91303.0,90950.0,91183.0,91255.70592384522,91455.70592384522,91055.70592384522
2026-01-05 00:30:00+05:30,91241.7766796514,91241.7766796514,90813.5,91073.125,91194.84561589682,91394.84561589682,90994.84561589682
2026-01-05 01:30:00+05:30,91157.4508398257,91319.0,91094.0,91204.625,91198.10541059788,91398.10541059788,90998.10541059788
2026-01-05 02:30:00+05:30,91181.03791991285,91395.5,91151.0,91272.0,91222.7369403986,91422.7369403986,91022.7369403986
2026-01-05 03:30:00+05:30,91226.51895995642,91382.5,91115.5,91229.25,91224.90796026573,91424.90796026573,91024.90796026573
2026-01-05 04:30:00+05:30,91227.88447997821,91576.5,91193.0,91367.125,91272.31364017716,91472.31364017716,91072.31364017716
2026-01-05 05:30:00+05:30,91297.5047399891,92406.5,91297.5047399891,91944.625,91496.41742678478,91696.41742678478,91296.41742678478
2026-01-05 06:30:00+05:30,91621.06486999456,93373.5,91621.06486999456,92730.875,91907.9032845232,92107.9032845232,91707.9032845232
2026-01-05 07:30:00+05:30,92175.96993499728,93125.0,92175.96993499728,92936.875,92250.8938563488,92450.8938563488,92050.8938563488
2026-01-05 08:30:00+05:30,92556.42246749863,93177.5,92556.42246749863,92964.0,92488.59590423254,92688.59590423254,92288.59590423254
2026-01-05 09:30:00+05:30,92760.21123374932,92929.5,92294.5,92658.375,92545.18893615503,92745.18893615503,92345.18893615503
2026-01-05 10:30:00+05:30,92709.29311687466,92709.29311687466,92316.0,92479.25,92523.20929077003,92723.20929077003,92323.20929077003
2026-01-05 11:30:00+05:30,92594.27155843732,92594.27155843732,92111.0,92347.125,92464.51452718003,92664.51452718003,92264.51452718003
2026-01-05 12:30:00+05:30,92470.69827921866,92619.5,92459.0,92510.875,92479.96801812002,92679.96801812002,92279.96801812002
2026-01-05 13:30:00+05:30,92490.78663960933,92754.5,92424.0,92531.25,92497.06201208002,92697.06201208002,92297.06201208002
2026-01-05 14:30:00+05:30,92511.01831980466,92836.0,92301.0,92560.375,92518.16634138668,92718.16634138668,92318.16634138668
2026-01-05 15:30:00+05:30,92535.69665990233,93130.5,92535.69665990233,92873.125,92636.48589425778,92836.48589425778,92436.48589425778
2026-01-05 16:30:00+05:30,92704.41082995117,93142.0,92704.41082995117,93040.25,92771.07392950519,92971.07392950519,92571.07392950519
2026-01-05 17:30:00+05:30,92872.33041497559,93195.5,92720.5,92966.25,92836.13261967013,93036.13261967013,92636.13261967013
2026-01-05 18:30:00+05:30,92919.2902074878,92990.0,92504.0,92764.75,92812.33841311342,93012.33841311342,92612.33841311342
2026-01-05 19:30:00+05:30,92842.0201037439,93635.0,92380.0,93032.25,92885.64227540896,93085.64227540896,92685.64227540896
2026-01-05 20:30:00+05:30,92937.13505187194,93989.0,92937.13505187194,93605.125,93125.46985027264,93325.46985027264,92925.46985027264
2026-01-05 21:30:00+05:30,93271.13002593597,94041.0,93271.13002593597,93785.75,93345.5632335151,93545.5632335151,93145.5632335151
2026-01-05 22:30:00+05:30,93528.44001296799,94440.0,93210.0,93901.875,93531.00048901007,93731.00048901007,93331.00048901007
2026-01-05 23:30:00+05:30,93715.15750648399,94480.0,93715.15750648399,94261.5,93774.50032600672,93974.50032600672,93574.50032600672
2026-01-06 00:30:00+05:30,93988.32875324199,94459.5,93988.32875324199,94303.375,93950.79188400449,94150.79188400449,93750.79188400449
2026-01-06 01:30:00+05:30,94145.85187662099,94770.0,93989.0,94289.25,94063.611256003,94263.611256003,93863.611256003
2026-01-06 02:30:00+05:30,94217.5509383105,94217.5509383105,93764.5,94041.25,94056.15750400201,94256.15750400201,93856.15750400201
2026-01-06 03:30:00+05:30,94129.40046915525,94370.5,93963.5,94131.5,94081.27166933467,94281.27166933467,93881.27166933467
2026-01-06 04:30:00+05:30,94130.45023457763,94147.0,93824.0,93987.5,94050.01444622313,94250.01444622313,93850.01444622313
2026-01-06 05:30:00+05:30,94058.97511728882,94058.97511728882,93519.0,93773.25,93957.75963081542,94157.75963081542,93757.75963081542
2026-01-06 06:30:00+05:30,93916.11255864441,94135.0,93697.0,93838.75,93918.08975387695,94118.08975387695,93718.08975387695
2026-01-06 07:30:00+05:30,93877.4312793222,93877.4312793222,93481.0,93665.625,93833.93483591797,94033.93483591797,93633.93483591797
2026-01-06 08:30:00+05:30,93771.5281396611,93910.5,93572.0,93703.25,93790.37322394532,93990.37322394532,93590.37322394532
2026-01-06 09:30:00+05:30,93737.38906983055,93976.0,93699.0,93794.375,93791.70714929688,93991.70714929688,93591.70714929688
2026-01-06 10:30:00+05:30,93765.88203491527,93793.0,93529.5,93662.625,93748.67976619792,93948.67976619792,93548.67976619792
2026-01-06 11:30:00+05:30,93714.25351745763,93916.5,93509.0,93681.25,93726.20317746529,93926.20317746529,93526.20317746529
2026-01-06 12:30:00+05:30,93697.75175872882,93750.0,93098.5,93450.875,93634.4271183102,93834.4271183102,93434.4271183102
2026-01-06 13:30:00+05:30,93574.31337936441,93574.31337936441,93139.0,93237.375,93502.0764122068,93702.0764122068,93302.0764122068
2026-01-06 14:30:00+05:30,93405.8441896822,93540.0,93195.5,93343.0,93449.05094147121,93649.05094147121,93249.05094147121
2026-01-06 15:30:00+05:30,93374.42209484111,93629.5,93368.5,93493.25,93463.78396098081,93663.78396098081,93263.78396098081
2026-01-06 16:30:00+05:30,93433.83604742055,93875.0,93433.83604742055,93692.75,93540.10597398721,93740.10597398721,93340.10597398721
2026-01-06 17:30:00+05:30,93563.29302371028,93959.5,93563.29302371028,93835.375,93638.52898265814,93838.52898265814,93438.52898265814
2026-01-06 18:30:00+05:30,93699.33401185514,93836.5,93600.0,93738.125,93671.72765510544,93871.72765510544,93471.72765510544
2026-01-06 19:30:00+05:30,93718.72950592756,94425.0,93481.0,93849.5,93730.98510340363,93930.98510340363,93530.98510340363
2026-01-06 20:30:00+05:30,93784.11475296378,94283.5,93301.0,93751.625,93737.86506893576,93937.86506893576,93537.86506893576
2026-01-06 21:30:00+05:30,93767.86987648188,93767.86987648188,92302.5,93079.625,93518.45171262385,93718.45171262385,93318.45171262385
2026-01-06 22:30:00+05:30,93423.74743824094,93423.74743824094,91496.0,92113.5,93050.13447508257,93250.13447508257,92850.13447508257
2026-01-06 23:30:00+05:30,92768.62371912047,92768.62371912047,91218.0,91749.875,92616.71465005504,92816.71465005504,92416.71465005504
2026-01-07 00:30:00+05:30,92259.24935956023,92316.0,91871.5,92073.875,92435.7681000367,92635.7681000367,92235.7681000367
2026-01-07 01:30:00+05:30,92166.56217978011,92679.0,92071.0,92328.25,92399.92873335781,92599.92873335781,92199.92873335781
2026-01-07 02:30:00+05:30,92247.40608989005,93836.0,92247.40608989005,92966.75,92588.86915557188,92788.86915557188,92388.86915557188
2026-01-07 03:30:00+05:30,92607.07804494502,93500.0,92607.07804494502,93244.0,92807.2461037146,93007.2461037146,92607.2461037146
2026-01-07 04:30:00+05:30,92925.53902247251,93752.5,92925.53902247251,93521.125,93045.20573580974,93245.20573580974,92845.20573580974
2026-01-07 05:30:00+05:30,93223.33201123626,93718.0,92616.5,93182.875,93091.09549053982,93291.09549053982,92891.09549053982
2026-01-07 06:30:00+05:30,93203.10350561813,93203.10350561813,92671.0,92763.625,92981.93866035988,93181.93866035988,92781.93866035988
